2026/09/30 06:12:28.416, 65, 1680, 134.77
2026/09/30 06:12:29.418, 64, 1695, 76.20
2026/09/30 06:12:30.418, 63, 1695, 67.97
2026/09/30 06:12:31.418, 63, 1695, 67.81
2026/09/30 06:12:32.418, 62, 1695, 67.57
2026/09/30 06:12:33.418, 62, 1695, 67.19
2026/09/30 06:12:34.418, 61, 1695, 66.86
2026/09/30 06:12:35.418, 61, 1695, 66.72
2026/09/30 06:12:36.418, 61, 1695, 66.49
2026/09/30 06:12:37.419, 62, 1140, 77.66
2026/09/30 06:12:38.419, 64, 1170, 150.88
2026/09/30 06:12:39.419, 65, 1185, 148.73
2026/09/30 06:12:40.419, 65, 1140, 147.96
2026/09/30 06:12:41.419, 65, 1155, 146.69
2026/09/30 06:12:42.419, 65, 1065, 148.18
2026/09/30 06:12:43.420, 66, 1155, 148.18
2026/09/30 06:12:44.420, 66, 1215, 148.24
2026/09/30 06:12:45.420, 66, 1080, 146.46
2026/09/30 06:12:46.420, 66, 1305, 148.65
2026/09/30 06:12:47.420, 66, 1290, 149.84
2026/09/30 06:12:48.420, 66, 1305, 149.70
2026/09/30 06:12:49.421, 66, 1290, 150.01
2026/09/30 06:12:50.421, 66, 1290, 150.07
2026/09/30 06:12:51.421, 66, 1290, 149.62
2026/09/30 06:12:52.421, 66, 1275, 149.83
2026/09/30 06:12:53.421, 66, 1275, 149.87
2026/09/30 06:12:54.422, 67, 1320, 150.02
2026/09/30 06:12:55.422, 67, 1095, 147.39
2026/09/30 06:12:56.422, 68, 1200, 148.35
2026/09/30 06:12:57.422, 67, 1305, 148.42
2026/09/30 06:12:58.423, 68, 1155, 151.38
2026/09/30 06:12:59.423, 68, 1320, 149.51
2026/09/30 06:13:00.423, 68, 1080, 149.71
2026/09/30 06:13:01.423, 68, 1095, 150.42
2026/09/30 06:13:02.423, 68, 1155, 150.00
2026/09/30 06:13:03.423, 68, 1275, 149.63
2026/09/30 06:13:04.424, 68, 1260, 150.12
2026/09/30 06:13:05.424, 68, 1260, 150.02
2026/09/30 06:13:06.424, 68, 1260, 149.43
2026/09/30 06:13:07.424, 68, 1275, 149.03
2026/09/30 06:13:08.424, 68, 1275, 150.37
2026/09/30 06:13:09.425, 68, 1290, 149.76
2026/09/30 06:13:10.425, 68, 1290, 149.52
2026/09/30 06:13:11.425, 68, 1290, 149.94
2026/09/30 06:13:12.425, 68, 1275, 149.04
2026/09/30 06:13:13.426, 69, 1155, 148.23
2026/09/30 06:13:14.426, 69, 1320, 149.46
2026/09/30 06:13:15.426, 69, 1155, 148.26
2026/09/30 06:13:16.426, 69, 1155, 149.70
2026/09/30 06:13:17.426, 70, 1065, 148.26
2026/09/30 06:13:18.426, 70, 1080, 149.92
2026/09/30 06:13:19.427, 70, 1125, 149.57
2026/09/30 06:13:20.427, 69, 1230, 149.58
2026/09/30 06:13:21.427, 69, 1260, 149.49
2026/09/30 06:13:22.427, 69, 1275, 149.73
2026/09/30 06:13:23.427, 69, 1275, 149.64
2026/09/30 06:13:24.427, 69, 1275, 149.59
2026/09/30 06:13:25.428, 70, 1290, 150.38
2026/09/30 06:13:26.428, 69, 1275, 149.90
2026/09/30 06:13:27.428, 69, 1275, 149.82
2026/09/30 06:13:28.428, 69, 1275, 149.73
2026/09/30 06:13:29.429, 69, 1290, 149.95
2026/09/30 06:13:30.429, 70, 1080, 149.23
2026/09/30 06:13:31.429, 70, 1185, 148.59
2026/09/30 06:13:32.429, 70, 1290, 149.52
2026/09/30 06:13:33.429, 70, 1065, 149.25
2026/09/30 06:13:34.430, 71, 1125, 148.91
2026/09/30 06:13:35.430, 70, 1155, 148.17
2026/09/30 06:13:36.430, 71, 1065, 150.27
2026/09/30 06:13:37.430, 70, 1245, 149.31
2026/09/30 06:13:38.430, 70, 1260, 150.07
2026/09/30 06:13:39.430, 70, 1275, 149.79
2026/09/30 06:13:40.431, 70, 1260, 149.88
2026/09/30 06:13:41.431, 70, 1275, 149.89
2026/09/30 06:13:42.431, 70, 1275, 149.96
2026/09/30 06:13:43.431, 70, 1275, 149.67
2026/09/30 06:13:44.431, 70, 1275, 149.79
2026/09/30 06:13:45.432, 70, 1275, 149.89
2026/09/30 06:13:46.432, 70, 1275, 149.82
2026/09/30 06:13:47.432, 70, 1275, 149.20
2026/09/30 06:13:48.432, 71, 1050, 150.02
2026/09/30 06:13:49.433, 71, 1305, 149.23
2026/09/30 06:13:50.433, 71, 1155, 149.86
2026/09/30 06:13:51.433, 71, 1080, 149.02
2026/09/30 06:13:52.433, 71, 1230, 148.08
2026/09/30 06:13:53.433, 71, 1080, 148.33
2026/09/30 06:13:54.434, 71, 1065, 148.79
2026/09/30 06:13:55.434, 71, 1230, 148.63
2026/09/30 06:13:56.434, 71, 1230, 148.30
2026/09/30 06:13:57.434, 71, 1245, 150.09
2026/09/30 06:13:58.434, 71, 1260, 149.81
2026/09/30 06:13:59.435, 71, 1260, 149.84
2026/09/30 06:14:00.435, 71, 1260, 149.89
2026/09/30 06:14:01.435, 71, 1275, 149.54
2026/09/30 06:14:02.435, 71, 1290, 148.27
2026/09/30 06:14:03.435, 71, 1275, 150.41
2026/09/30 06:14:04.436, 71, 1275, 150.30
2026/09/30 06:14:05.436, 71, 1275, 149.57
2026/09/30 06:14:06.436, 72, 1065, 149.59
2026/09/30 06:14:07.436, 71, 1275, 149.51
2026/09/30 06:14:08.436, 72, 1155, 150.75
2026/09/30 06:14:09.436, 72, 1065, 149.68
2026/09/30 06:14:10.437, 72, 1290, 148.96
2026/09/30 06:14:11.437, 71, 1305, 150.31
2026/09/30 06:14:12.437, 71, 1290, 150.19
2026/09/30 06:14:13.437, 72, 1290, 149.83
2026/09/30 06:14:14.437, 71, 1290, 150.11
2026/09/30 06:14:15.437, 71, 1290, 150.04
2026/09/30 06:14:16.438, 72, 1275, 150.03
2026/09/30 06:14:17.438, 72, 1275, 150.02
2026/09/30 06:14:18.438, 71, 1275, 149.90
2026/09/30 06:14:19.438, 72, 1275, 150.01
2026/09/30 06:14:20.438, 72, 1275, 149.91
