2026/10/02 23:32:43.675, 35, 1980, 439.14
2026/10/02 23:32:43.678, 40, 1980, 454.13
2026/10/02 23:32:44.680, 32, 1980, 118.53
2026/10/02 23:32:44.680, 36, 1980, 119.11
2026/10/02 23:32:45.680, 31, 1980, 117.79
2026/10/02 23:32:45.680, 35, 1980, 117.38
2026/10/02 23:32:46.680, 30, 1980, 117.39
2026/10/02 23:32:46.680, 34, 1980, 116.76
2026/10/02 23:32:47.680, 30, 1980, 117.11
2026/10/02 23:32:47.680, 33, 1980, 116.38
2026/10/02 23:32:48.680, 29, 1980, 116.91
2026/10/02 23:32:48.680, 33, 1980, 116.09
2026/10/02 23:32:49.681, 29, 1980, 116.72
2026/10/02 23:32:49.681, 32, 1980, 115.80
2026/10/02 23:32:50.681, 28, 1980, 116.59
2026/10/02 23:32:50.681, 32, 1980, 115.53
2026/10/02 23:32:51.681, 28, 1980, 116.40
2026/10/02 23:32:51.681, 31, 1980, 115.34
2026/10/02 23:32:52.681, 28, 1980, 116.15
2026/10/02 23:32:52.681, 31, 1980, 115.24
2026/10/02 23:32:53.681, 43, 1515, 586.46
2026/10/02 23:32:53.681, 49, 1530, 611.50
2026/10/02 23:32:54.681, 45, 1530, 694.95
2026/10/02 23:32:54.681, 50, 1575, 693.91
2026/10/02 23:32:55.681, 47, 1515, 693.66
2026/10/02 23:32:55.681, 53, 1410, 699.34
2026/10/02 23:32:56.681, 48, 1470, 696.20
2026/10/02 23:32:56.681, 53, 1395, 693.01
2026/10/02 23:32:57.681, 47, 1455, 695.48
2026/10/02 23:32:57.681, 53, 1485, 696.45
2026/10/02 23:32:58.681, 48, 1515, 695.03
2026/10/02 23:32:58.681, 54, 1470, 698.04
2026/10/02 23:32:59.681, 46, 1980, 683.13
2026/10/02 23:32:59.682, 52, 1980, 679.20
2026/10/02 23:33:00.682, 46, 1965, 688.78
2026/10/02 23:33:00.682, 52, 1980, 691.90
2026/10/02 23:33:01.682, 46, 1980, 690.67
2026/10/02 23:33:01.682, 52, 1980, 692.03
2026/10/02 23:33:02.682, 47, 1980, 688.74
2026/10/02 23:33:02.682, 52, 1965, 692.43
2026/10/02 23:33:03.682, 46, 1980, 687.72
2026/10/02 23:33:03.682, 52, 1965, 690.00
2026/10/02 23:33:04.682, 47, 1980, 678.60
2026/10/02 23:33:04.682, 53, 1980, 689.73
2026/10/02 23:33:05.682, 47, 1980, 678.95
2026/10/02 23:33:05.682, 53, 1980, 690.41
2026/10/02 23:33:06.682, 47, 1980, 679.39
2026/10/02 23:33:06.682, 53, 1980, 691.35
2026/10/02 23:33:07.682, 47, 1980, 677.79
2026/10/02 23:33:07.683, 53, 1980, 686.60
2026/10/02 23:33:08.683, 47, 1980, 677.08
2026/10/02 23:33:08.683, 53, 1980, 688.96
2026/10/02 23:33:09.683, 50, 1455, 697.93
2026/10/02 23:33:09.683, 56, 1470, 696.17
2026/10/02 23:33:10.683, 49, 1440, 698.29
2026/10/02 23:33:10.683, 56, 1455, 699.55
2026/10/02 23:33:11.683, 50, 1425, 698.66
2026/10/02 23:33:11.683, 56, 1455, 697.23
2026/10/02 23:33:12.683, 51, 1425, 699.54
2026/10/02 23:33:12.683, 56, 1440, 697.24
2026/10/02 23:33:13.683, 50, 1470, 694.78
2026/10/02 23:33:13.683, 57, 1425, 697.56
2026/10/02 23:33:14.683, 50, 1455, 698.89
2026/10/02 23:33:14.683, 57, 1455, 698.13
2026/10/02 23:33:15.683, 51, 1455, 697.77
2026/10/02 23:33:15.683, 57, 1425, 696.50
2026/10/02 23:33:16.683, 51, 1455, 697.52
2026/10/02 23:33:16.683, 57, 1425, 699.20
2026/10/02 23:33:17.683, 50, 1425, 697.49
2026/10/02 23:33:17.684, 57, 1440, 696.68
2026/10/02 23:33:18.684, 50, 1440, 696.06
2026/10/02 23:33:18.684, 57, 1440, 698.71
2026/10/02 23:33:19.684, 51, 1410, 703.44
2026/10/02 23:33:19.684, 57, 1455, 696.53
2026/10/02 23:33:20.684, 51, 1410, 700.91
2026/10/02 23:33:20.684, 57, 1425, 697.76
2026/10/02 23:33:21.684, 51, 1425, 697.05
2026/10/02 23:33:21.684, 58, 1440, 696.18
2026/10/02 23:33:22.684, 48, 1950, 692.10
2026/10/02 23:33:22.684, 55, 1950, 690.85
2026/10/02 23:33:23.684, 49, 1980, 690.79
2026/10/02 23:33:23.684, 56, 1965, 696.61
2026/10/02 23:33:24.684, 51, 1860, 684.04
2026/10/02 23:33:24.684, 54, 1875, 686.09
2026/10/02 23:33:25.684, 49, 1965, 684.55
2026/10/02 23:33:25.684, 56, 1965, 693.74
2026/10/02 23:33:26.684, 51, 1725, 694.58
2026/10/02 23:33:26.684, 57, 1695, 697.18
2026/10/02 23:33:27.684, 49, 1710, 686.16
2026/10/02 23:33:27.685, 57, 1635, 693.95
2026/10/02 23:33:28.685, 49, 1965, 677.87
2026/10/02 23:33:28.685, 55, 1965, 679.45
2026/10/02 23:33:29.685, 49, 1965, 683.51
2026/10/02 23:33:29.685, 56, 1965, 687.66
2026/10/02 23:33:30.685, 50, 1950, 683.79
2026/10/02 23:33:30.685, 55, 1950, 685.26
2026/10/02 23:33:31.685, 49, 1965, 679.25
2026/10/02 23:33:31.685, 55, 1965, 690.23
2026/10/02 23:33:32.685, 49, 1980, 679.24
2026/10/02 23:33:32.685, 55, 1980, 688.79
2026/10/02 23:33:33.685, 48, 1980, 677.41
2026/10/02 23:33:33.685, 55, 1980, 688.93
2026/10/02 23:33:34.685, 43, 1980, 562.66
2026/10/02 23:33:34.685, 49, 1980, 569.35
2026/10/02 23:33:35.685, 42, 1980, 540.32
2026/10/02 23:33:35.685, 49, 1980, 548.51
2026/10/02 23:33:36.685, 42, 1980, 534.79
2026/10/02 23:33:36.685, 48, 1980, 542.53
2026/10/02 23:33:37.685, 42, 1980, 535.01
2026/10/02 23:33:37.685, 48, 1980, 542.82
