2026/09/30 08:41:45.204, 1980 MHz, 2619 MHz, 142.46 W, 41, 1 %
2026/09/30 08:41:46.205, 1980 MHz, 2619 MHz, 146.14 W, 41, 0 %
2026/09/30 08:41:47.206, 390 MHz, 2619 MHz, 107.94 W, 39, 0 %
2026/09/30 08:41:48.206, 345 MHz, 2619 MHz, 91.68 W, 38, 0 %
2026/09/30 08:41:49.206, 1980 MHz, 2619 MHz, 132.05 W, 40, 0 %
2026/09/30 08:41:50.206, 1980 MHz, 2619 MHz, 146.03 W, 40, 5 %
2026/09/30 08:41:51.206, 1980 MHz, 2619 MHz, 143.85 W, 40, 5 %
2026/09/30 08:41:52.207, 1980 MHz, 2619 MHz, 146.05 W, 40, 0 %
2026/09/30 08:41:53.207, 1980 MHz, 2619 MHz, 162.75 W, 41, 18 %
2026/09/30 08:41:54.207, 1980 MHz, 2619 MHz, 182.99 W, 41, 26 %
2026/09/30 08:41:55.207, 1980 MHz, 2619 MHz, 186.46 W, 41, 24 %
2026/09/30 08:41:56.207, 1980 MHz, 2619 MHz, 175.28 W, 41, 15 %
2026/09/30 08:41:57.207, 1980 MHz, 2619 MHz, 179.04 W, 43, 29 %
2026/09/30 08:41:58.207, 1980 MHz, 2619 MHz, 191.49 W, 42, 24 %
2026/09/30 08:41:59.208, 1980 MHz, 2619 MHz, 192.66 W, 41, 24 %
2026/09/30 08:42:00.208, 1980 MHz, 2619 MHz, 204.37 W, 41, 15 %
2026/09/30 08:42:01.208, 1980 MHz, 2619 MHz, 214.05 W, 42, 25 %
2026/09/30 08:42:02.208, 1950 MHz, 2619 MHz, 258.95 W, 50, 60 %
2026/09/30 08:42:03.208, 1665 MHz, 2619 MHz, 305.61 W, 53, 100 %
2026/09/30 08:42:04.208, 1980 MHz, 2619 MHz, 206.04 W, 42, 17 %
2026/09/30 08:42:05.209, 1980 MHz, 2619 MHz, 335.63 W, 44, 26 %
2026/09/30 08:42:06.209, 1980 MHz, 2619 MHz, 342.46 W, 44, 26 %
2026/09/30 08:42:07.209, 1980 MHz, 2619 MHz, 339.36 W, 45, 27 %
2026/09/30 08:42:08.209, 1980 MHz, 2619 MHz, 175.25 W, 42, 14 %
2026/09/30 08:42:09.209, 1980 MHz, 2619 MHz, 168.79 W, 42, 17 %
2026/09/30 08:42:10.209, 1980 MHz, 2619 MHz, 167.36 W, 42, 14 %
2026/09/30 08:42:11.209, 1980 MHz, 2619 MHz, 168.49 W, 42, 17 %
2026/09/30 08:42:12.210, 1980 MHz, 2619 MHz, 161.81 W, 41, 13 %
2026/09/30 08:42:13.210, 1980 MHz, 2619 MHz, 168.37 W, 41, 15 %
2026/09/30 08:42:14.210, 1980 MHz, 2619 MHz, 167.73 W, 41, 17 %
2026/09/30 08:42:15.210, 1980 MHz, 2619 MHz, 167.63 W, 41, 11 %
2026/09/30 08:42:16.210, 1980 MHz, 2619 MHz, 167.33 W, 41, 16 %
2026/09/30 08:42:17.210, 1980 MHz, 2619 MHz, 167.82 W, 41, 17 %
2026/09/30 08:42:18.210, 1980 MHz, 2619 MHz, 167.47 W, 41, 15 %
2026/09/30 08:42:19.211, 1980 MHz, 2619 MHz, 167.80 W, 41, 16 %
2026/09/30 08:42:20.211, 1980 MHz, 2619 MHz, 167.20 W, 41, 16 %
2026/09/30 08:42:21.211, 1980 MHz, 2619 MHz, 166.81 W, 41, 16 %
2026/09/30 08:42:22.211, 1980 MHz, 2619 MHz, 167.09 W, 41, 12 %
2026/09/30 08:42:23.211, 1980 MHz, 2619 MHz, 168.82 W, 41, 13 %
2026/09/30 08:42:24.211, 1980 MHz, 2619 MHz, 167.45 W, 41, 16 %
2026/09/30 08:42:25.211, 1980 MHz, 2619 MHz, 167.44 W, 41, 16 %
2026/09/30 08:42:26.212, 1980 MHz, 2619 MHz, 165.93 W, 41, 16 %
2026/09/30 08:42:27.212, 1980 MHz, 2619 MHz, 167.43 W, 41, 17 %
2026/09/30 08:42:28.212, 1980 MHz, 2619 MHz, 167.18 W, 41, 15 %
2026/09/30 08:42:29.212, 1980 MHz, 2619 MHz, 167.21 W, 41, 14 %
2026/09/30 08:42:30.212, 1980 MHz, 2619 MHz, 166.65 W, 41, 12 %
2026/09/30 08:42:31.212, 1980 MHz, 2619 MHz, 185.58 W, 41, 24 %
2026/09/30 08:42:32.212, 1980 MHz, 2619 MHz, 184.95 W, 41, 24 %
2026/09/30 08:42:33.213, 1980 MHz, 2619 MHz, 183.83 W, 41, 24 %
2026/09/30 08:42:34.213, 1980 MHz, 2619 MHz, 182.60 W, 41, 24 %
2026/09/30 08:42:35.213, 1980 MHz, 2619 MHz, 182.24 W, 41, 24 %
2026/09/30 08:42:36.213, 1980 MHz, 2619 MHz, 184.98 W, 41, 24 %
2026/09/30 08:42:37.213, 1980 MHz, 2619 MHz, 181.71 W, 41, 24 %
2026/09/30 08:42:38.213, 1980 MHz, 2619 MHz, 183.92 W, 41, 24 %
2026/09/30 08:42:39.213, 1980 MHz, 2619 MHz, 184.13 W, 41, 24 %
2026/09/30 08:42:40.214, 1980 MHz, 2619 MHz, 183.05 W, 41, 24 %
2026/09/30 08:42:41.214, 1980 MHz, 2619 MHz, 182.11 W, 41, 24 %
2026/09/30 08:42:42.214, 1980 MHz, 2619 MHz, 184.46 W, 41, 24 %
2026/09/30 08:42:43.214, 1980 MHz, 2619 MHz, 184.29 W, 41, 24 %
2026/09/30 08:42:44.214, 1980 MHz, 2619 MHz, 185.66 W, 41, 25 %
2026/09/30 08:42:45.214, 1980 MHz, 2619 MHz, 174.21 W, 41, 16 %
2026/09/30 08:42:46.214, 1980 MHz, 2619 MHz, 167.47 W, 41, 14 %
2026/09/30 08:42:47.215, 1980 MHz, 2619 MHz, 168.29 W, 41, 13 %
2026/09/30 08:42:48.215, 1980 MHz, 2619 MHz, 166.86 W, 41, 16 %
2026/09/30 08:42:49.215, 1980 MHz, 2619 MHz, 170.46 W, 41, 22 %
2026/09/30 08:42:50.215, 1980 MHz, 2619 MHz, 183.66 W, 41, 24 %
2026/09/30 08:42:51.215, 1980 MHz, 2619 MHz, 182.04 W, 41, 23 %
2026/09/30 08:42:52.215, 1980 MHz, 2619 MHz, 183.10 W, 41, 24 %
2026/09/30 08:42:53.215, 1980 MHz, 2619 MHz, 183.18 W, 41, 24 %
2026/09/30 08:42:54.215, 1980 MHz, 2619 MHz, 183.05 W, 41, 24 %
2026/09/30 08:42:55.216, 1980 MHz, 2619 MHz, 183.41 W, 41, 24 %
2026/09/30 08:42:56.216, 1980 MHz, 2619 MHz, 182.98 W, 41, 24 %
2026/09/30 08:42:57.216, 1980 MHz, 2619 MHz, 184.22 W, 41, 24 %
2026/09/30 08:42:58.216, 1980 MHz, 2619 MHz, 185.05 W, 41, 23 %
2026/09/30 08:42:59.216, 1980 MHz, 2619 MHz, 182.10 W, 41, 24 %
2026/09/30 08:43:00.216, 1980 MHz, 2619 MHz, 182.25 W, 41, 23 %
2026/09/30 08:43:01.216, 1980 MHz, 2619 MHz, 181.31 W, 41, 23 %
2026/09/30 08:43:02.216, 1980 MHz, 2619 MHz, 183.38 W, 41, 24 %
2026/09/30 08:43:03.217, 1980 MHz, 2619 MHz, 181.86 W, 41, 24 %
2026/09/30 08:43:04.217, 1980 MHz, 2619 MHz, 183.73 W, 41, 23 %
2026/09/30 08:43:05.217, 1980 MHz, 2619 MHz, 183.39 W, 41, 24 %
2026/09/30 08:43:06.217, 1980 MHz, 2619 MHz, 184.55 W, 41, 23 %
2026/09/30 08:43:07.217, 1980 MHz, 2619 MHz, 182.94 W, 41, 24 %
2026/09/30 08:43:08.217, 1980 MHz, 2619 MHz, 183.32 W, 41, 24 %
2026/09/30 08:43:09.217, 1980 MHz, 2619 MHz, 177.77 W, 41, 20 %
2026/09/30 08:43:10.217, 1980 MHz, 2619 MHz, 195.35 W, 41, 16 %
2026/09/30 08:43:11.218, 1980 MHz, 2619 MHz, 167.56 W, 41, 16 %
2026/09/30 08:43:12.218, 1980 MHz, 2619 MHz, 168.27 W, 41, 16 %
2026/09/30 08:43:13.218, 1980 MHz, 2619 MHz, 168.50 W, 41, 14 %
2026/09/30 08:43:14.218, 1980 MHz, 2619 MHz, 179.55 W, 41, 13 %
2026/09/30 08:43:15.218, 1980 MHz, 2619 MHz, 168.78 W, 41, 12 %
2026/09/30 08:43:16.218, 1980 MHz, 2619 MHz, 168.25 W, 41, 13 %
2026/09/30 08:43:17.218, 1980 MHz, 2619 MHz, 167.43 W, 41, 16 %
2026/09/30 08:43:18.218, 1980 MHz, 2619 MHz, 168.19 W, 41, 18 %
2026/09/30 08:43:19.219, 1980 MHz, 2619 MHz, 167.58 W, 41, 16 %
2026/09/30 08:43:20.219, 1980 MHz, 2619 MHz, 168.07 W, 41, 14 %
2026/09/30 08:43:21.219, 1980 MHz, 2619 MHz, 167.97 W, 41, 13 %
2026/09/30 08:43:22.219, 1980 MHz, 2619 MHz, 167.43 W, 41, 16 %
2026/09/30 08:43:23.219, 1980 MHz, 2619 MHz, 168.02 W, 41, 16 %
2026/09/30 08:43:24.219, 1980 MHz, 2619 MHz, 167.75 W, 41, 12 %
2026/09/30 08:43:25.220, 1980 MHz, 2619 MHz, 213.15 W, 42, 24 %
2026/09/30 08:43:26.220, 1980 MHz, 2619 MHz, 184.16 W, 41, 25 %
2026/09/30 08:43:27.220, 1980 MHz, 2619 MHz, 185.14 W, 41, 24 %
2026/09/30 08:43:28.220, 1980 MHz, 2619 MHz, 186.87 W, 41, 24 %
2026/09/30 08:43:29.220, 1980 MHz, 2619 MHz, 186.00 W, 41, 24 %
2026/09/30 08:43:30.220, 1980 MHz, 2619 MHz, 184.76 W, 41, 24 %
2026/09/30 08:43:31.220, 1980 MHz, 2619 MHz, 184.41 W, 41, 24 %
2026/09/30 08:43:32.220, 1980 MHz, 2619 MHz, 186.58 W, 41, 24 %
2026/09/30 08:43:33.221, 1980 MHz, 2619 MHz, 184.74 W, 41, 24 %
2026/09/30 08:43:34.221, 1980 MHz, 2619 MHz, 194.06 W, 42, 16 %
2026/09/30 08:43:35.221, 1980 MHz, 2619 MHz, 167.90 W, 41, 17 %
2026/09/30 08:43:36.221, 1980 MHz, 2619 MHz, 167.98 W, 41, 13 %
2026/09/30 08:43:37.221, 1980 MHz, 2619 MHz, 167.40 W, 41, 15 %
2026/09/30 08:43:38.221, 1980 MHz, 2619 MHz, 168.26 W, 41, 17 %
2026/09/30 08:43:39.221, 1980 MHz, 2619 MHz, 170.25 W, 41, 14 %
2026/09/30 08:43:40.221, 1980 MHz, 2619 MHz, 167.27 W, 41, 15 %
2026/09/30 08:43:41.222, 1980 MHz, 2619 MHz, 167.57 W, 41, 15 %
2026/09/30 08:43:42.222, 1980 MHz, 2619 MHz, 166.64 W, 41, 17 %
2026/09/30 08:43:43.222, 1980 MHz, 2619 MHz, 168.33 W, 41, 14 %
2026/09/30 08:43:44.222, 1980 MHz, 2619 MHz, 166.77 W, 41, 16 %
2026/09/30 08:43:45.222, 1980 MHz, 2619 MHz, 168.53 W, 41, 16 %
2026/09/30 08:43:46.222, 1980 MHz, 2619 MHz, 168.58 W, 41, 12 %
2026/09/30 08:43:47.222, 1980 MHz, 2619 MHz, 168.98 W, 41, 17 %
2026/09/30 08:43:48.222, 1980 MHz, 2619 MHz, 168.00 W, 41, 15 %
2026/09/30 08:43:49.223, 1980 MHz, 2619 MHz, 166.98 W, 41, 16 %
2026/09/30 08:43:50.223, 1980 MHz, 2619 MHz, 167.34 W, 41, 16 %
2026/09/30 08:43:51.223, 1980 MHz, 2619 MHz, 167.60 W, 41, 17 %
2026/09/30 08:43:52.223, 1980 MHz, 2619 MHz, 169.58 W, 41, 14 %
2026/09/30 08:43:53.223, 1980 MHz, 2619 MHz, 168.86 W, 41, 16 %
2026/09/30 08:43:54.223, 1980 MHz, 2619 MHz, 184.86 W, 44, 16 %
2026/09/30 08:43:55.223, 1980 MHz, 2619 MHz, 187.19 W, 41, 25 %
2026/09/30 08:43:56.223, 1980 MHz, 2619 MHz, 187.78 W, 41, 26 %
2026/09/30 08:43:57.224, 1980 MHz, 2619 MHz, 185.40 W, 41, 26 %
2026/09/30 08:43:58.224, 1980 MHz, 2619 MHz, 187.32 W, 41, 26 %
2026/09/30 08:43:59.224, 1980 MHz, 2619 MHz, 186.49 W, 41, 26 %
2026/09/30 08:44:00.224, 1980 MHz, 2619 MHz, 186.18 W, 41, 26 %
2026/09/30 08:44:01.224, 1980 MHz, 2619 MHz, 187.50 W, 41, 25 %
2026/09/30 08:44:02.224, 1980 MHz, 2619 MHz, 185.70 W, 41, 25 %
2026/09/30 08:44:03.224, 1980 MHz, 2619 MHz, 187.37 W, 41, 26 %
2026/09/30 08:44:04.224, 1980 MHz, 2619 MHz, 188.77 W, 41, 26 %
2026/09/30 08:44:05.224, 1980 MHz, 2619 MHz, 188.35 W, 41, 26 %
2026/09/30 08:44:06.225, 1965 MHz, 2619 MHz, 254.69 W, 45, 97 %
2026/09/30 08:44:07.225, 1980 MHz, 2619 MHz, 174.80 W, 42, 13 %
2026/09/30 08:44:08.225, 1980 MHz, 2619 MHz, 173.46 W, 41, 18 %
2026/09/30 08:44:09.225, 1980 MHz, 2619 MHz, 175.05 W, 41, 13 %
2026/09/30 08:44:10.225, 1980 MHz, 2619 MHz, 173.44 W, 41, 18 %
2026/09/30 08:44:11.225, 1980 MHz, 2619 MHz, 177.82 W, 41, 16 %
2026/09/30 08:44:12.225, 1980 MHz, 2619 MHz, 175.97 W, 41, 18 %
2026/09/30 08:44:13.226, 1980 MHz, 2619 MHz, 178.52 W, 41, 16 %
2026/09/30 08:44:14.226, 1980 MHz, 2619 MHz, 176.62 W, 41, 18 %
2026/09/30 08:44:15.226, 1980 MHz, 2619 MHz, 177.05 W, 41, 17 %
2026/09/30 08:44:16.226, 1980 MHz, 2619 MHz, 176.37 W, 41, 16 %
2026/09/30 08:44:17.226, 1980 MHz, 2619 MHz, 178.59 W, 41, 18 %
2026/09/30 08:44:18.226, 1980 MHz, 2619 MHz, 178.18 W, 41, 14 %
2026/09/30 08:44:19.226, 1980 MHz, 2619 MHz, 179.01 W, 41, 18 %
2026/09/30 08:44:20.226, 1980 MHz, 2619 MHz, 179.21 W, 41, 15 %
2026/09/30 08:44:21.226, 1980 MHz, 2619 MHz, 177.76 W, 41, 14 %
2026/09/30 08:44:22.227, 1980 MHz, 2619 MHz, 179.36 W, 41, 18 %
2026/09/30 08:44:23.227, 1980 MHz, 2619 MHz, 180.19 W, 41, 18 %
2026/09/30 08:44:24.227, 1980 MHz, 2619 MHz, 179.84 W, 41, 14 %
2026/09/30 08:44:25.227, 1980 MHz, 2619 MHz, 180.40 W, 41, 19 %
2026/09/30 08:44:26.227, 1980 MHz, 2619 MHz, 181.39 W, 41, 19 %
2026/09/30 08:44:27.227, 1980 MHz, 2619 MHz, 256.01 W, 43, 28 %
2026/09/30 08:44:28.227, 1980 MHz, 2619 MHz, 199.66 W, 42, 28 %
2026/09/30 08:44:29.227, 1980 MHz, 2619 MHz, 199.79 W, 42, 28 %
2026/09/30 08:44:30.228, 1980 MHz, 2619 MHz, 200.68 W, 42, 29 %
2026/09/30 08:44:31.228, 1980 MHz, 2619 MHz, 201.46 W, 42, 28 %
2026/09/30 08:44:32.228, 1980 MHz, 2619 MHz, 202.69 W, 42, 29 %
2026/09/30 08:44:33.228, 1980 MHz, 2619 MHz, 205.22 W, 42, 29 %
2026/09/30 08:44:34.228, 1980 MHz, 2619 MHz, 205.71 W, 42, 29 %
2026/09/30 08:44:35.228, 1980 MHz, 2619 MHz, 207.76 W, 42, 29 %
2026/09/30 08:44:36.228, 1980 MHz, 2619 MHz, 206.58 W, 42, 29 %
2026/09/30 08:44:37.228, 1980 MHz, 2619 MHz, 206.66 W, 42, 29 %
2026/09/30 08:44:38.228, 1980 MHz, 2619 MHz, 208.25 W, 43, 30 %
