file,codec,orig_bytes,comp_bytes,comp_secs,decomp_secs
dickens,Alatirok,10192446,5615409,0.061378500,0.001672447
dickens,Alatirok-fast,10192446,5947331,0.027798371,0.002428297
dickens,liblz4,10192446,6428742,0.022140134,0.002622195
dickens,lz4_flex,10192446,6429559,0.021263186,0.003248354
dickens,LZAV,10192446,4799265,0.035311639,0.004080436
dickens,LZAV-hi,10192446,4066850,0.128343611,0.003425731
dickens,zstd-5,10192446,6954842,0.017496053,0.004468344
dickens,zstd-3,10192446,6347328,0.020294256,0.005000422
dickens,zstd-1,10192446,5773233,0.023223721,0.005528476
dickens,zstd1,10192446,4261734,0.023869506,0.006802735
dickens,zstd3,10192446,3663504,0.044470155,0.007929194
dickens,snappy,10192446,6340267,0.025417420,0.009427577
mozilla,Alatirok,51220480,26590762,0.123274431,0.008161648
mozilla,Alatirok-fast,51220480,26049370,0.081788323,0.012488273
mozilla,liblz4,51220480,26435667,0.069107833,0.011258577
mozilla,lz4_flex,51220480,26489333,0.068120142,0.016420980
mozilla,LZAV,51220480,23858089,0.096053239,0.016166461
mozilla,LZAV-hi,51220480,21628412,0.474709181,0.016399888
mozilla,zstd-5,51220480,27302787,0.060836325,0.021260414
mozilla,zstd-3,51220480,24746468,0.066145950,0.023407583
mozilla,zstd-1,51220480,21980797,0.074353775,0.025072351
mozilla,zstd1,51220480,19968503,0.085886240,0.035795616
mozilla,zstd3,51220480,18227296,0.131368528,0.036789347
mozilla,snappy,51220480,26690826,0.072161525,0.030834746
mr,Alatirok,9970564,5243420,0.027040622,0.001472059
mr,Alatirok-fast,9970564,5220247,0.016887993,0.002270766
mr,liblz4,9970564,5440937,0.013806848,0.002181600
mr,lz4_flex,9970564,5460624,0.013203268,0.003224918
mr,LZAV,9970564,4853973,0.020785725,0.003014062
mr,LZAV-hi,9970564,4274677,0.110780570,0.003361714
mr,zstd-5,9970564,5423749,0.012075888,0.003623306
mr,zstd-3,9970564,5266628,0.013421658,0.003769703
mr,zstd-1,9970564,5081279,0.015394483,0.004149382
mr,zstd1,9970564,3813409,0.019068297,0.006638307
mr,zstd3,9970564,3547526,0.036009880,0.007300554
mr,snappy,9970564,5440451,0.015440860,0.006542274
nci,Alatirok,33553445,4901043,0.045477655,0.004358383
nci,Alatirok-fast,33553445,5292937,0.031631333,0.004979157
nci,liblz4,33553445,5533040,0.027155639,0.005371124
nci,lz4_flex,33553445,5533063,0.028224110,0.007385035
nci,LZAV,33553445,4388126,0.037296333,0.005470615
nci,LZAV-hi,33553445,3473772,0.130124889,0.004986576
nci,zstd-5,33553445,5966144,0.024160695,0.009878141
nci,zstd-3,33553445,4477371,0.026200351,0.010248244
nci,zstd-1,33553445,3558273,0.029108996,0.010785807
nci,zstd1,33553445,2848578,0.030952946,0.011524784
nci,zstd3,33553445,2833843,0.034756764,0.011523557
nci,snappy,33553445,6146795,0.026030889,0.012381230
ooffice,Alatirok,6152192,4608194,0.015534223,0.000760478
ooffice,Alatirok-fast,6152192,4283258,0.011540917,0.001355353
ooffice,liblz4,6152192,4338918,0.009348965,0.001526954
ooffice,lz4_flex,6152192,4363509,0.009150687,0.002009234
ooffice,LZAV,6152192,4072727,0.012752781,0.001850323
ooffice,LZAV-hi,6152192,3610823,0.070817067,0.002262294
ooffice,zstd-5,6152192,4708794,0.005872065,0.001916663
ooffice,zstd-3,6152192,4403080,0.007106836,0.002294492
ooffice,zstd-1,6152192,4055958,0.009204106,0.002767152
ooffice,zstd1,6152192,3593224,0.011228691,0.005305281
ooffice,zstd3,6152192,3126146,0.021393447,0.005574296
ooffice,snappy,6152192,4311901,0.011151227,0.004473053
osdb,Alatirok,10085684,4396258,0.018515466,0.001077487
osdb,Alatirok-fast,10085684,4830666,0.015543706,0.001260330
osdb,liblz4,10085684,5256666,0.014374913,0.002356414
osdb,lz4_flex,10085684,5279833,0.014035595,0.003112620
osdb,LZAV,10085684,4094065,0.015259177,0.002079745
osdb,LZAV-hi,10085684,4026412,0.076463614,0.002064323
osdb,zstd-5,10085684,4782774,0.012336230,0.003519634
osdb,zstd-3,10085684,4410947,0.013314080,0.003685997
osdb,zstd-1,10085684,4221253,0.015001056,0.003753304
osdb,zstd1,10085684,3729819,0.016224605,0.005738403
osdb,zstd3,10085684,3501457,0.025885823,0.005485308
osdb,snappy,10085684,5412825,0.011989300,0.005055849
reymont,Alatirok,6627202,2786484,0.031242871,0.001118409
reymont,Alatirok-fast,6627202,3051175,0.017319613,0.001854951
reymont,liblz4,6627202,3181387,0.015362906,0.001947758
reymont,lz4_flex,6627202,3183601,0.014947325,0.002377859
reymont,LZAV,6627202,2568026,0.017574954,0.002119943
reymont,LZAV-hi,6627202,2168301,0.054245056,0.001946144
reymont,zstd-5,6627202,2901160,0.015676046,0.003797342
reymont,zstd-3,6627202,2673433,0.016525533,0.004042717
reymont,zstd-1,6627202,2446733,0.017310655,0.004364836
reymont,zstd1,6627202,2149170,0.016517360,0.004215597
reymont,zstd3,6627202,1937973,0.022435470,0.004310261
reymont,snappy,6627202,3234968,0.013615882,0.005326670
samba,Alatirok,21606400,7560386,0.052669945,0.002820879
samba,Alatirok-fast,21606400,7413146,0.033564463,0.003892936
samba,liblz4,21606400,7716839,0.028472284,0.004509620
samba,lz4_flex,21606400,7718089,0.028209519,0.006114612
samba,LZAV,21606400,6444233,0.034754972,0.005632745
samba,LZAV-hi,21606400,5644748,0.135284153,0.005240290
samba,zstd-5,21606400,7672128,0.026466660,0.007639575
samba,zstd-3,21606400,6915491,0.028628106,0.008173083
samba,zstd-1,21606400,6283025,0.030179858,0.008603212
samba,zstd1,21606400,5487600,0.032134179,0.009849784
samba,zstd3,21606400,4955117,0.045183577,0.009964388
samba,snappy,21606400,8057361,0.026759267,0.011342193
sao,Alatirok,7251944,6990162,0.010163483,0.000474883
sao,Alatirok-fast,7251944,6627771,0.013234659,0.000809597
sao,liblz4,7251944,6790273,0.009949808,0.001182237
sao,lz4_flex,7251944,6820619,0.009253054,0.001839756
sao,LZAV,7251944,6492850,0.015947836,0.001616906
sao,LZAV-hi,7251944,5853426,0.083748146,0.002154645
sao,zstd-5,7251944,6840032,0.004788570,0.001281041
sao,zstd-3,7251944,6701166,0.006087925,0.001564975
sao,zstd-1,7251944,6545179,0.009011673,0.001909886
sao,zstd1,7251944,6250010,0.012853509,0.006444584
sao,zstd3,7251944,5527504,0.032022800,0.007663771
sao,snappy,7251944,6469352,0.012603464,0.004733178
webster,Alatirok,41458703,18425073,0.187845097,0.006308348
webster,Alatirok-fast,41458703,19064603,0.097030729,0.008563813
webster,liblz4,41458703,20139988,0.079211021,0.010465626
webster,lz4_flex,41458703,20142377,0.076855490,0.013749485
webster,LZAV,41458703,15521956,0.117524431,0.014884478
webster,LZAV-hi,41458703,12862106,0.499808875,0.013526582
webster,zstd-5,41458703,20893121,0.071892242,0.018353931
webster,zstd-3,41458703,19223116,0.078202458,0.019601857
webster,zstd-1,41458703,17633698,0.084172198,0.020795653
webster,zstd1,41458703,13661986,0.087752104,0.024716013
webster,zstd3,41458703,12096850,0.144530792,0.026874524
webster,snappy,41458703,20211213,0.084802885,0.032049417
xml,Alatirok,5345280,1080094,0.008443131,0.000695300
xml,Alatirok-fast,5345280,1178855,0.006414824,0.000904276
xml,liblz4,5345280,1227495,0.005579431,0.001132716
xml,lz4_flex,5345280,1227627,0.005513998,0.001461839
xml,LZAV,5345280,936960,0.005854808,0.001177859
xml,LZAV-hi,5345280,747468,0.020378561,0.001058080
xml,zstd-5,5345280,1111605,0.005208498,0.001715330
xml,zstd-3,5345280,982034,0.005436666,0.001759442
xml,zstd-1,5345280,882644,0.005782370,0.001835535
xml,zstd1,5345280,693317,0.005849883,0.001963011
xml,zstd3,5345280,635299,0.007359900,0.001984048
xml,snappy,5345280,1308581,0.005654673,0.002534025
x-ray,Alatirok,8474240,8475191,0.001767686,0.000178908
x-ray,Alatirok-fast,8474240,8439772,0.007186392,0.000219406
x-ray,liblz4,8474240,8390195,0.004194980,0.000552084
x-ray,lz4_flex,8474240,8415890,0.003512166,0.000458054
x-ray,LZAV,8474240,8474032,0.000472808,0.000220079
x-ray,LZAV-hi,8474240,7248911,0.135697681,0.003578358
x-ray,zstd-5,8474240,8474445,0.001095118,0.000166774
x-ray,zstd-3,8474240,8474445,0.001186915,0.000166043
x-ray,zstd-1,8474240,8469956,0.001343013,0.000176793
x-ray,zstd1,8474240,6772118,0.011500304,0.007334328
x-ray,zstd3,8474240,6085208,0.039213099,0.009089923
x-ray,snappy,8474240,8459794,0.000564242,0.000269278
