2026/09/29 20:30:35.742, 2040 MHz, 6251 MHz, 34.02 W, 74, 0 %
2026/09/29 20:30:36.745, 2040 MHz, 6251 MHz, 35.59 W, 73, 0 %
2026/09/29 20:30:37.745, 2040 MHz, 6251 MHz, 33.47 W, 73, 0 %
2026/09/29 20:30:38.745, 2040 MHz, 6251 MHz, 33.31 W, 72, 0 %
2026/09/29 20:30:39.745, 2040 MHz, 6251 MHz, 33.64 W, 72, 0 %
2026/09/29 20:30:40.745, 2025 MHz, 6251 MHz, 56.61 W, 74, 94 %
2026/09/29 20:30:41.746, 2025 MHz, 6251 MHz, 72.90 W, 74, 97 %
2026/09/29 20:30:42.746, 2025 MHz, 6251 MHz, 71.98 W, 74, 95 %
2026/09/29 20:30:43.746, 1995 MHz, 6251 MHz, 71.73 W, 74, 96 %
2026/09/29 20:30:44.746, 1995 MHz, 6251 MHz, 71.91 W, 74, 95 %
2026/09/29 20:30:45.746, 2010 MHz, 6251 MHz, 71.81 W, 74, 96 %
2026/09/29 20:30:46.746, 2010 MHz, 6251 MHz, 72.18 W, 74, 97 %
2026/09/29 20:30:47.746, 2025 MHz, 6251 MHz, 72.55 W, 74, 95 %
2026/09/29 20:30:48.746, 1995 MHz, 6251 MHz, 71.79 W, 74, 96 %
2026/09/29 20:30:49.747, 2010 MHz, 6251 MHz, 71.49 W, 74, 94 %
2026/09/29 20:30:50.747, 1875 MHz, 6251 MHz, 69.09 W, 74, 78 %
2026/09/29 20:30:51.747, 1860 MHz, 6251 MHz, 72.80 W, 74, 98 %
2026/09/29 20:30:52.747, 2040 MHz, 6251 MHz, 57.75 W, 72, 0 %
2026/09/29 20:30:53.747, 1530 MHz, 6251 MHz, 59.51 W, 74, 99 %
2026/09/29 20:30:54.747, 1485 MHz, 6251 MHz, 71.71 W, 74, 99 %
2026/09/29 20:30:55.747, 1500 MHz, 6251 MHz, 71.30 W, 74, 97 %
2026/09/29 20:30:56.748, 1425 MHz, 6251 MHz, 71.67 W, 74, 99 %
2026/09/29 20:30:57.748, 1440 MHz, 6251 MHz, 72.07 W, 74, 99 %
2026/09/29 20:30:58.748, 1440 MHz, 6251 MHz, 72.40 W, 74, 99 %
2026/09/29 20:30:59.748, 1440 MHz, 6251 MHz, 72.18 W, 74, 99 %
2026/09/29 20:31:00.748, 1470 MHz, 6251 MHz, 71.81 W, 74, 97 %
2026/09/29 20:31:01.748, 1485 MHz, 6251 MHz, 72.04 W, 74, 99 %
2026/09/29 20:31:02.748, 915 MHz, 6251 MHz, 72.12 W, 75, 97 %
2026/09/29 20:31:03.748, 1365 MHz, 6251 MHz, 71.52 W, 74, 99 %
2026/09/29 20:31:04.749, 1410 MHz, 6251 MHz, 72.51 W, 74, 97 %
2026/09/29 20:31:05.749, 1410 MHz, 6251 MHz, 71.08 W, 74, 99 %
2026/09/29 20:31:06.749, 1470 MHz, 6251 MHz, 72.17 W, 75, 99 %
2026/09/29 20:31:07.749, 1020 MHz, 6251 MHz, 72.53 W, 76, 97 %
2026/09/29 20:31:08.749, 1440 MHz, 6251 MHz, 71.63 W, 75, 97 %
2026/09/29 20:31:09.749, 1305 MHz, 6251 MHz, 70.97 W, 76, 99 %
2026/09/29 20:31:10.749, 1440 MHz, 6251 MHz, 71.48 W, 75, 97 %
2026/09/29 20:31:11.749, 1440 MHz, 6251 MHz, 71.39 W, 75, 99 %
2026/09/29 20:31:12.750, 1155 MHz, 6251 MHz, 71.92 W, 76, 100 %
2026/09/29 20:31:13.750, 1410 MHz, 6251 MHz, 71.99 W, 75, 99 %
2026/09/29 20:31:14.750, 1440 MHz, 6251 MHz, 72.61 W, 75, 99 %
2026/09/29 20:31:15.750, 1005 MHz, 6251 MHz, 72.48 W, 75, 97 %
2026/09/29 20:31:16.750, 1410 MHz, 6251 MHz, 73.22 W, 76, 99 %
2026/09/29 20:31:17.750, 1095 MHz, 6251 MHz, 72.10 W, 77, 100 %
2026/09/29 20:31:18.750, 1140 MHz, 6251 MHz, 72.14 W, 77, 100 %
2026/09/29 20:31:19.750, 1485 MHz, 6251 MHz, 71.57 W, 76, 99 %
2026/09/29 20:31:20.751, 1455 MHz, 6251 MHz, 72.08 W, 78, 99 %
2026/09/29 20:31:21.751, 1170 MHz, 6251 MHz, 70.87 W, 77, 100 %
2026/09/29 20:31:22.751, 1035 MHz, 6251 MHz, 71.57 W, 77, 100 %
2026/09/29 20:31:23.751, 1455 MHz, 6251 MHz, 71.96 W, 77, 99 %
2026/09/29 20:31:24.751, 1110 MHz, 6251 MHz, 72.13 W, 78, 100 %
2026/09/29 20:31:25.751, 1095 MHz, 6251 MHz, 71.26 W, 78, 100 %
2026/09/29 20:31:26.751, 1380 MHz, 6251 MHz, 71.59 W, 77, 99 %
2026/09/29 20:31:27.751, 1020 MHz, 6251 MHz, 72.16 W, 78, 100 %
2026/09/29 20:31:28.752, 1170 MHz, 6251 MHz, 71.24 W, 78, 100 %
2026/09/29 20:31:29.752, 1125 MHz, 6251 MHz, 71.79 W, 78, 100 %
2026/09/29 20:31:30.752, 1380 MHz, 6251 MHz, 72.04 W, 77, 98 %
2026/09/29 20:31:31.752, 1140 MHz, 6251 MHz, 71.36 W, 79, 100 %
2026/09/29 20:31:32.752, 1110 MHz, 6251 MHz, 71.03 W, 79, 100 %
2026/09/29 20:31:33.752, 1410 MHz, 6251 MHz, 72.09 W, 78, 99 %
2026/09/29 20:31:34.752, 1065 MHz, 6251 MHz, 70.79 W, 79, 100 %
2026/09/29 20:31:35.753, 1140 MHz, 6251 MHz, 71.40 W, 79, 100 %
2026/09/29 20:31:36.753, 1395 MHz, 6251 MHz, 70.45 W, 78, 99 %
2026/09/29 20:31:37.753, 1395 MHz, 6251 MHz, 71.54 W, 78, 98 %
2026/09/29 20:31:38.753, 1440 MHz, 6251 MHz, 72.68 W, 79, 99 %
2026/09/29 20:31:39.753, 1425 MHz, 6251 MHz, 72.07 W, 79, 97 %
2026/09/29 20:31:40.753, 1425 MHz, 6251 MHz, 71.80 W, 79, 97 %
2026/09/29 20:31:41.753, 1440 MHz, 6251 MHz, 72.07 W, 79, 99 %
2026/09/29 20:31:42.753, 1395 MHz, 6251 MHz, 71.76 W, 79, 99 %
2026/09/29 20:31:43.754, 1410 MHz, 6251 MHz, 72.12 W, 79, 97 %
2026/09/29 20:31:44.754, 1410 MHz, 6251 MHz, 72.06 W, 80, 99 %
2026/09/29 20:31:45.754, 1365 MHz, 6251 MHz, 71.67 W, 80, 99 %
2026/09/29 20:31:46.754, 1395 MHz, 6251 MHz, 71.43 W, 80, 97 %
2026/09/29 20:31:47.754, 1410 MHz, 6251 MHz, 71.81 W, 80, 99 %
2026/09/29 20:31:48.754, 1395 MHz, 6251 MHz, 71.65 W, 80, 97 %
2026/09/29 20:31:49.754, 1395 MHz, 6251 MHz, 71.84 W, 81, 99 %
2026/09/29 20:31:50.754, 1410 MHz, 6251 MHz, 71.83 W, 81, 99 %
2026/09/29 20:31:51.755, 1395 MHz, 6251 MHz, 72.03 W, 81, 97 %
2026/09/29 20:31:52.755, 1395 MHz, 6251 MHz, 72.39 W, 81, 99 %
2026/09/29 20:31:53.755, 1335 MHz, 6251 MHz, 72.09 W, 81, 97 %
2026/09/29 20:31:54.755, 1365 MHz, 6251 MHz, 71.83 W, 82, 99 %
2026/09/29 20:31:55.755, 1425 MHz, 6251 MHz, 71.68 W, 82, 99 %
2026/09/29 20:31:56.755, 1380 MHz, 6251 MHz, 71.99 W, 82, 97 %
2026/09/29 20:31:57.755, 1380 MHz, 6251 MHz, 71.70 W, 82, 99 %
2026/09/29 20:31:58.755, 1425 MHz, 6251 MHz, 71.52 W, 82, 97 %
2026/09/29 20:31:59.756, 1395 MHz, 6251 MHz, 72.28 W, 83, 99 %
2026/09/29 20:32:00.756, 1380 MHz, 6251 MHz, 71.67 W, 83, 99 %
2026/09/29 20:32:01.756, 1425 MHz, 6251 MHz, 71.96 W, 83, 99 %
2026/09/29 20:32:02.756, 1350 MHz, 6251 MHz, 72.23 W, 83, 97 %
2026/09/29 20:32:03.756, 1365 MHz, 6251 MHz, 71.96 W, 83, 99 %
2026/09/29 20:32:04.756, 1350 MHz, 6251 MHz, 71.72 W, 83, 97 %
2026/09/29 20:32:05.756, 1350 MHz, 6251 MHz, 71.99 W, 83, 99 %
2026/09/29 20:32:06.756, 1380 MHz, 6251 MHz, 72.03 W, 83, 99 %
2026/09/29 20:32:07.756, 1335 MHz, 6251 MHz, 72.06 W, 83, 97 %
2026/09/29 20:32:08.757, 1350 MHz, 6251 MHz, 72.25 W, 83, 99 %
2026/09/29 20:32:09.757, 1395 MHz, 6251 MHz, 71.68 W, 83, 97 %
2026/09/29 20:32:10.757, 1335 MHz, 6251 MHz, 71.90 W, 83, 99 %
2026/09/29 20:32:11.757, 1395 MHz, 6251 MHz, 72.23 W, 83, 99 %
2026/09/29 20:32:12.757, 1335 MHz, 6251 MHz, 72.00 W, 83, 97 %
2026/09/29 20:32:13.757, 1395 MHz, 6251 MHz, 71.85 W, 83, 99 %
2026/09/29 20:32:14.757, 1350 MHz, 6251 MHz, 72.13 W, 83, 99 %
2026/09/29 20:32:15.758, 1350 MHz, 6251 MHz, 72.56 W, 83, 97 %
2026/09/29 20:32:16.758, 1380 MHz, 6251 MHz, 71.75 W, 83, 99 %
2026/09/29 20:32:17.758, 1365 MHz, 6251 MHz, 71.71 W, 83, 97 %
2026/09/29 20:32:18.758, 1380 MHz, 6251 MHz, 72.33 W, 83, 99 %
2026/09/29 20:32:19.758, 1350 MHz, 6251 MHz, 71.65 W, 83, 97 %
2026/09/29 20:32:20.758, 1335 MHz, 6251 MHz, 72.00 W, 83, 99 %
2026/09/29 20:32:21.758, 1350 MHz, 6251 MHz, 72.32 W, 83, 99 %
2026/09/29 20:32:22.758, 1335 MHz, 6251 MHz, 71.68 W, 83, 99 %
2026/09/29 20:32:23.759, 1365 MHz, 6251 MHz, 72.12 W, 83, 97 %
2026/09/29 20:32:24.759, 1380 MHz, 6251 MHz, 71.87 W, 83, 99 %
2026/09/29 20:32:25.759, 1365 MHz, 6251 MHz, 71.92 W, 83, 99 %
2026/09/29 20:32:26.759, 1395 MHz, 6251 MHz, 72.01 W, 83, 97 %
2026/09/29 20:32:27.759, 1335 MHz, 6251 MHz, 72.11 W, 83, 99 %
2026/09/29 20:32:28.759, 1365 MHz, 6251 MHz, 71.82 W, 83, 99 %
2026/09/29 20:32:29.759, 1380 MHz, 6251 MHz, 72.12 W, 83, 97 %
2026/09/29 20:32:30.759, 1335 MHz, 6251 MHz, 72.04 W, 83, 99 %
2026/09/29 20:32:31.760, 1380 MHz, 6251 MHz, 71.67 W, 83, 97 %
2026/09/29 20:32:32.760, 1335 MHz, 6251 MHz, 72.04 W, 83, 99 %
2026/09/29 20:32:33.760, 1350 MHz, 6251 MHz, 72.26 W, 83, 98 %
2026/09/29 20:32:34.760, 1380 MHz, 6251 MHz, 71.54 W, 83, 99 %
2026/09/29 20:32:35.760, 1365 MHz, 6251 MHz, 71.62 W, 83, 99 %
2026/09/29 20:32:36.760, 1380 MHz, 6251 MHz, 71.92 W, 83, 97 %
2026/09/29 20:32:37.760, 1410 MHz, 6251 MHz, 72.42 W, 83, 99 %
2026/09/29 20:32:38.761, 1395 MHz, 6251 MHz, 71.63 W, 83, 97 %
2026/09/29 20:32:39.761, 1380 MHz, 6251 MHz, 71.97 W, 83, 99 %
2026/09/29 20:32:40.761, 1335 MHz, 6251 MHz, 72.04 W, 83, 97 %
2026/09/29 20:32:41.761, 1320 MHz, 6251 MHz, 71.53 W, 83, 99 %
2026/09/29 20:32:42.761, 1365 MHz, 6251 MHz, 71.78 W, 82, 99 %
2026/09/29 20:32:43.761, 1395 MHz, 6251 MHz, 71.87 W, 82, 99 %
2026/09/29 20:32:44.761, 1395 MHz, 6251 MHz, 72.09 W, 82, 99 %
2026/09/29 20:32:45.761, 1395 MHz, 6251 MHz, 71.95 W, 82, 99 %
2026/09/29 20:32:46.762, 1380 MHz, 6251 MHz, 72.13 W, 82, 97 %
2026/09/29 20:32:47.762, 1395 MHz, 6251 MHz, 72.05 W, 82, 99 %
2026/09/29 20:32:48.762, 1335 MHz, 6251 MHz, 72.25 W, 82, 99 %
2026/09/29 20:32:49.762, 1380 MHz, 6251 MHz, 72.12 W, 82, 97 %
2026/09/29 20:32:50.762, 1395 MHz, 6251 MHz, 71.93 W, 82, 99 %
2026/09/29 20:32:51.762, 1365 MHz, 6251 MHz, 71.76 W, 82, 99 %
2026/09/29 20:32:52.762, 1380 MHz, 6251 MHz, 72.12 W, 82, 97 %
2026/09/29 20:32:53.762, 1380 MHz, 6251 MHz, 72.07 W, 82, 99 %
2026/09/29 20:32:54.762, 1380 MHz, 6251 MHz, 71.67 W, 82, 97 %
2026/09/29 20:32:55.763, 1365 MHz, 6251 MHz, 71.84 W, 82, 99 %
2026/09/29 20:32:56.763, 1365 MHz, 6251 MHz, 72.19 W, 82, 99 %
2026/09/29 20:32:57.763, 1380 MHz, 6251 MHz, 71.91 W, 82, 99 %
2026/09/29 20:32:58.763, 1365 MHz, 6251 MHz, 71.89 W, 82, 99 %
2026/09/29 20:32:59.763, 1335 MHz, 6251 MHz, 71.80 W, 82, 97 %
2026/09/29 20:33:00.763, 1365 MHz, 6251 MHz, 72.36 W, 82, 99 %
2026/09/29 20:33:01.763, 1320 MHz, 6251 MHz, 71.88 W, 82, 97 %
2026/09/29 20:33:02.763, 1350 MHz, 6251 MHz, 71.81 W, 82, 99 %
2026/09/29 20:33:03.764, 1395 MHz, 6251 MHz, 72.04 W, 82, 99 %
2026/09/29 20:33:04.764, 1380 MHz, 6251 MHz, 71.46 W, 82, 99 %
2026/09/29 20:33:05.764, 1380 MHz, 6251 MHz, 71.66 W, 82, 99 %
2026/09/29 20:33:06.764, 1350 MHz, 6251 MHz, 71.96 W, 82, 99 %
2026/09/29 20:33:07.764, 1380 MHz, 6251 MHz, 71.97 W, 82, 99 %
2026/09/29 20:33:08.764, 1335 MHz, 6251 MHz, 71.94 W, 82, 97 %
2026/09/29 20:33:09.764, 1365 MHz, 6251 MHz, 72.10 W, 82, 99 %
2026/09/29 20:33:10.764, 1395 MHz, 6251 MHz, 72.07 W, 82, 99 %
2026/09/29 20:33:11.765, 1380 MHz, 6251 MHz, 71.74 W, 82, 97 %
2026/09/29 20:33:12.765, 1395 MHz, 6251 MHz, 71.88 W, 83, 99 %
2026/09/29 20:33:13.765, 1365 MHz, 6251 MHz, 71.97 W, 82, 97 %
2026/09/29 20:33:14.765, 1380 MHz, 6251 MHz, 71.86 W, 83, 99 %
2026/09/29 20:33:15.765, 1365 MHz, 6251 MHz, 72.02 W, 82, 99 %
2026/09/29 20:33:16.765, 1395 MHz, 6251 MHz, 71.92 W, 82, 97 %
2026/09/29 20:33:17.765, 1365 MHz, 6251 MHz, 71.95 W, 82, 99 %
2026/09/29 20:33:18.765, 1395 MHz, 6251 MHz, 71.77 W, 82, 99 %
2026/09/29 20:33:19.766, 1395 MHz, 6251 MHz, 71.77 W, 82, 97 %
2026/09/29 20:33:20.766, 1365 MHz, 6251 MHz, 71.99 W, 82, 99 %
2026/09/29 20:33:21.766, 1350 MHz, 6251 MHz, 71.85 W, 81, 97 %
2026/09/29 20:33:22.766, 1350 MHz, 6251 MHz, 72.01 W, 81, 99 %
2026/09/29 20:33:23.766, 1395 MHz, 6251 MHz, 72.01 W, 81, 99 %
2026/09/29 20:33:24.766, 1410 MHz, 6251 MHz, 71.67 W, 81, 97 %
2026/09/29 20:33:25.766, 1395 MHz, 6251 MHz, 71.81 W, 81, 99 %
2026/09/29 20:33:26.767, 1395 MHz, 6251 MHz, 71.88 W, 81, 97 %
2026/09/29 20:33:27.767, 1395 MHz, 6251 MHz, 71.85 W, 81, 99 %
2026/09/29 20:33:28.767, 1380 MHz, 6251 MHz, 71.82 W, 81, 99 %
2026/09/29 20:33:29.767, 1365 MHz, 6251 MHz, 71.91 W, 81, 97 %
2026/09/29 20:33:30.767, 1380 MHz, 6251 MHz, 72.04 W, 81, 99 %
2026/09/29 20:33:31.767, 1365 MHz, 6251 MHz, 72.20 W, 81, 99 %
2026/09/29 20:33:32.767, 1365 MHz, 6251 MHz, 71.93 W, 81, 97 %
2026/09/29 20:33:33.767, 1395 MHz, 6251 MHz, 72.15 W, 81, 99 %
2026/09/29 20:33:34.768, 1395 MHz, 6251 MHz, 71.72 W, 81, 99 %
2026/09/29 20:33:35.768, 1395 MHz, 6251 MHz, 72.01 W, 80, 97 %
2026/09/29 20:33:36.768, 1395 MHz, 6251 MHz, 71.92 W, 81, 99 %
2026/09/29 20:33:37.768, 1395 MHz, 6251 MHz, 71.82 W, 81, 99 %
2026/09/29 20:33:38.768, 1395 MHz, 6251 MHz, 71.90 W, 80, 97 %
2026/09/29 20:33:39.768, 1365 MHz, 6251 MHz, 71.66 W, 81, 99 %
2026/09/29 20:33:40.768, 1410 MHz, 6251 MHz, 71.90 W, 81, 99 %
2026/09/29 20:33:41.768, 1380 MHz, 6251 MHz, 72.00 W, 81, 97 %
2026/09/29 20:33:42.769, 1380 MHz, 6251 MHz, 72.21 W, 81, 99 %
2026/09/29 20:33:43.769, 1365 MHz, 6251 MHz, 71.96 W, 81, 97 %
2026/09/29 20:33:44.769, 1395 MHz, 6251 MHz, 72.27 W, 81, 99 %
2026/09/29 20:33:45.769, 1395 MHz, 6251 MHz, 72.36 W, 81, 99 %
2026/09/29 20:33:46.769, 1425 MHz, 6251 MHz, 71.66 W, 81, 97 %
2026/09/29 20:33:47.769, 1395 MHz, 6251 MHz, 71.89 W, 81, 99 %
2026/09/29 20:33:48.769, 1365 MHz, 6251 MHz, 71.61 W, 81, 99 %
2026/09/29 20:33:49.770, 1395 MHz, 6251 MHz, 72.03 W, 81, 97 %
2026/09/29 20:33:50.770, 1335 MHz, 6251 MHz, 71.84 W, 81, 99 %
2026/09/29 20:33:51.770, 1380 MHz, 6251 MHz, 71.75 W, 81, 99 %
2026/09/29 20:33:52.770, 1410 MHz, 6251 MHz, 72.17 W, 81, 97 %
2026/09/29 20:33:53.770, 1365 MHz, 6251 MHz, 72.14 W, 81, 99 %
2026/09/29 20:33:54.770, 1365 MHz, 6251 MHz, 72.08 W, 81, 99 %
2026/09/29 20:33:55.770, 1380 MHz, 6251 MHz, 72.16 W, 81, 98 %
2026/09/29 20:33:56.770, 1410 MHz, 6251 MHz, 71.95 W, 81, 99 %
2026/09/29 20:33:57.771, 1365 MHz, 6251 MHz, 71.90 W, 81, 97 %
2026/09/29 20:33:58.771, 1395 MHz, 6251 MHz, 71.94 W, 82, 99 %
2026/09/29 20:33:59.771, 1395 MHz, 6251 MHz, 71.91 W, 82, 99 %
2026/09/29 20:34:00.771, 1365 MHz, 6251 MHz, 71.90 W, 82, 99 %
2026/09/29 20:34:01.771, 1395 MHz, 6251 MHz, 71.90 W, 82, 97 %
2026/09/29 20:34:02.771, 1275 MHz, 6251 MHz, 72.65 W, 82, 99 %
2026/09/29 20:34:03.771, 1335 MHz, 6251 MHz, 72.40 W, 82, 97 %
2026/09/29 20:34:04.771, 1320 MHz, 6251 MHz, 71.61 W, 82, 99 %
2026/09/29 20:34:05.772, 1365 MHz, 6251 MHz, 72.08 W, 82, 99 %
2026/09/29 20:34:06.772, 1365 MHz, 6251 MHz, 72.08 W, 82, 97 %
2026/09/29 20:34:07.772, 1365 MHz, 6251 MHz, 71.91 W, 82, 99 %
2026/09/29 20:34:08.772, 1395 MHz, 6251 MHz, 71.80 W, 82, 99 %
2026/09/29 20:34:09.772, 1395 MHz, 6251 MHz, 72.04 W, 82, 97 %
2026/09/29 20:34:10.772, 1365 MHz, 6251 MHz, 72.06 W, 82, 99 %
2026/09/29 20:34:11.772, 1350 MHz, 6251 MHz, 72.07 W, 82, 99 %
2026/09/29 20:34:12.772, 1350 MHz, 6251 MHz, 72.00 W, 82, 97 %
2026/09/29 20:34:13.772, 1380 MHz, 6251 MHz, 71.99 W, 81, 99 %
2026/09/29 20:34:14.773, 1365 MHz, 6251 MHz, 71.88 W, 82, 97 %
2026/09/29 20:34:15.773, 1395 MHz, 6251 MHz, 71.99 W, 81, 99 %
2026/09/29 20:34:16.773, 1365 MHz, 6251 MHz, 71.98 W, 81, 99 %
2026/09/29 20:34:17.773, 1395 MHz, 6251 MHz, 71.96 W, 81, 97 %
2026/09/29 20:34:18.773, 1380 MHz, 6251 MHz, 71.92 W, 81, 99 %
2026/09/29 20:34:19.773, 1350 MHz, 6251 MHz, 72.31 W, 82, 99 %
2026/09/29 20:34:20.773, 1380 MHz, 6251 MHz, 71.96 W, 82, 99 %
2026/09/29 20:34:21.773, 1080 MHz, 6251 MHz, 71.32 W, 82, 100 %
2026/09/29 20:34:22.774, 1335 MHz, 6251 MHz, 71.97 W, 81, 99 %
2026/09/29 20:34:23.774, 1365 MHz, 6251 MHz, 71.44 W, 82, 99 %
2026/09/29 20:34:24.774, 1365 MHz, 6251 MHz, 71.48 W, 82, 97 %
2026/09/29 20:34:25.775, 1410 MHz, 6251 MHz, 71.99 W, 81, 99 %
2026/09/29 20:34:26.775, 1440 MHz, 6251 MHz, 71.77 W, 81, 99 %
2026/09/29 20:34:27.775, 1410 MHz, 6251 MHz, 71.97 W, 82, 99 %
2026/09/29 20:34:28.775, 1410 MHz, 6251 MHz, 71.97 W, 82, 98 %
2026/09/29 20:34:29.775, 1425 MHz, 6251 MHz, 71.94 W, 82, 99 %
2026/09/29 20:34:30.775, 1425 MHz, 6251 MHz, 71.86 W, 82, 99 %
2026/09/29 20:34:31.776, 1410 MHz, 6251 MHz, 71.58 W, 82, 98 %
2026/09/29 20:34:32.776, 1410 MHz, 6251 MHz, 72.06 W, 82, 99 %
2026/09/29 20:34:33.776, 1395 MHz, 6251 MHz, 71.63 W, 82, 99 %
2026/09/29 20:34:34.776, 1395 MHz, 6251 MHz, 71.73 W, 81, 99 %
2026/09/29 20:34:35.776, 1395 MHz, 6251 MHz, 72.59 W, 81, 99 %
2026/09/29 20:34:36.776, 1410 MHz, 6251 MHz, 71.41 W, 81, 97 %
2026/09/29 20:34:37.776, 1395 MHz, 6251 MHz, 71.71 W, 81, 99 %
2026/09/29 20:34:38.776, 1410 MHz, 6251 MHz, 71.41 W, 82, 97 %
2026/09/29 20:34:39.777, 1395 MHz, 6251 MHz, 71.84 W, 82, 99 %
2026/09/29 20:34:40.777, 1380 MHz, 6251 MHz, 71.56 W, 82, 98 %
2026/09/29 20:34:41.777, 1365 MHz, 6251 MHz, 71.61 W, 82, 99 %
2026/09/29 20:34:42.777, 1470 MHz, 6251 MHz, 72.27 W, 82, 99 %
2026/09/29 20:34:43.777, 1440 MHz, 6251 MHz, 72.30 W, 82, 99 %
2026/09/29 20:34:44.777, 1425 MHz, 6251 MHz, 71.89 W, 82, 99 %
2026/09/29 20:34:45.777, 1425 MHz, 6251 MHz, 72.26 W, 82, 97 %
2026/09/29 20:34:46.777, 1410 MHz, 6251 MHz, 71.84 W, 82, 99 %
2026/09/29 20:34:47.778, 1410 MHz, 6251 MHz, 71.86 W, 82, 99 %
2026/09/29 20:34:48.778, 1395 MHz, 6251 MHz, 72.20 W, 81, 99 %
2026/09/29 20:34:49.778, 1410 MHz, 6251 MHz, 72.10 W, 82, 97 %
2026/09/29 20:34:50.778, 1425 MHz, 6251 MHz, 72.10 W, 82, 99 %
2026/09/29 20:34:51.778, 1380 MHz, 6251 MHz, 71.80 W, 81, 99 %
2026/09/29 20:34:52.778, 1425 MHz, 6251 MHz, 72.53 W, 82, 97 %
2026/09/29 20:34:53.778, 1410 MHz, 6251 MHz, 71.79 W, 82, 99 %
2026/09/29 20:34:54.778, 1425 MHz, 6251 MHz, 72.06 W, 81, 98 %
2026/09/29 20:34:55.779, 1410 MHz, 6251 MHz, 71.62 W, 82, 99 %
2026/09/29 20:34:56.779, 1395 MHz, 6251 MHz, 71.27 W, 81, 99 %
2026/09/29 20:34:57.779, 1425 MHz, 6251 MHz, 71.78 W, 82, 98 %
2026/09/29 20:34:58.780, 1440 MHz, 6251 MHz, 72.61 W, 82, 99 %
2026/09/29 20:34:59.780, 1410 MHz, 6251 MHz, 71.51 W, 81, 97 %
2026/09/29 20:35:00.780, 1410 MHz, 6251 MHz, 71.81 W, 81, 99 %
2026/09/29 20:35:01.780, 1380 MHz, 6251 MHz, 71.58 W, 81, 98 %
2026/09/29 20:35:02.780, 1455 MHz, 6251 MHz, 71.18 W, 82, 99 %
2026/09/29 20:35:03.780, 1440 MHz, 6251 MHz, 71.94 W, 81, 99 %
2026/09/29 20:35:04.780, 1425 MHz, 6251 MHz, 71.76 W, 81, 99 %
2026/09/29 20:35:05.780, 1440 MHz, 6251 MHz, 72.13 W, 82, 99 %
2026/09/29 20:35:06.780, 1455 MHz, 6251 MHz, 71.96 W, 81, 97 %
2026/09/29 20:35:07.780, 1425 MHz, 6251 MHz, 72.29 W, 82, 97 %
2026/09/29 20:35:08.781, 1425 MHz, 6251 MHz, 72.13 W, 82, 99 %
2026/09/29 20:35:09.781, 1425 MHz, 6251 MHz, 71.86 W, 81, 99 %
2026/09/29 20:35:10.781, 1395 MHz, 6251 MHz, 71.93 W, 82, 97 %
2026/09/29 20:35:11.781, 1425 MHz, 6251 MHz, 71.69 W, 82, 99 %
2026/09/29 20:35:12.781, 1395 MHz, 6251 MHz, 71.40 W, 81, 99 %
2026/09/29 20:35:13.781, 1440 MHz, 6251 MHz, 71.96 W, 82, 97 %
2026/09/29 20:35:14.781, 1410 MHz, 6251 MHz, 71.57 W, 81, 99 %
2026/09/29 20:35:15.781, 1425 MHz, 6251 MHz, 72.39 W, 82, 98 %
2026/09/29 20:35:16.781, 1425 MHz, 6251 MHz, 71.94 W, 82, 99 %
2026/09/29 20:35:17.782, 1440 MHz, 6251 MHz, 71.35 W, 81, 99 %
2026/09/29 20:35:18.782, 1395 MHz, 6251 MHz, 71.80 W, 81, 99 %
2026/09/29 20:35:19.782, 1470 MHz, 6251 MHz, 72.26 W, 81, 99 %
2026/09/29 20:35:20.782, 1425 MHz, 6251 MHz, 72.60 W, 81, 97 %
2026/09/29 20:35:21.782, 1425 MHz, 6251 MHz, 71.49 W, 81, 99 %
2026/09/29 20:35:22.782, 1425 MHz, 6251 MHz, 71.71 W, 81, 97 %
2026/09/29 20:35:23.782, 1440 MHz, 6251 MHz, 72.02 W, 82, 97 %
2026/09/29 20:35:24.782, 1455 MHz, 6251 MHz, 71.82 W, 82, 99 %
2026/09/29 20:35:25.783, 1470 MHz, 6251 MHz, 72.34 W, 82, 99 %
2026/09/29 20:35:26.783, 1440 MHz, 6251 MHz, 72.04 W, 81, 99 %
2026/09/29 20:35:27.783, 1410 MHz, 6251 MHz, 71.81 W, 82, 99 %
2026/09/29 20:35:28.783, 1395 MHz, 6251 MHz, 71.76 W, 82, 97 %
2026/09/29 20:35:29.783, 1425 MHz, 6251 MHz, 71.78 W, 82, 99 %
2026/09/29 20:35:30.783, 1455 MHz, 6251 MHz, 71.66 W, 82, 99 %
2026/09/29 20:35:31.783, 1335 MHz, 6251 MHz, 72.14 W, 81, 97 %
2026/09/29 20:35:32.783, 1440 MHz, 6251 MHz, 71.85 W, 82, 99 %
2026/09/29 20:35:33.784, 1410 MHz, 6251 MHz, 71.31 W, 81, 99 %
2026/09/29 20:35:34.784, 1470 MHz, 6251 MHz, 72.22 W, 82, 97 %
2026/09/29 20:35:35.784, 1410 MHz, 6251 MHz, 71.87 W, 81, 99 %
2026/09/29 20:35:36.784, 1440 MHz, 6251 MHz, 71.63 W, 81, 97 %
2026/09/29 20:35:37.784, 1395 MHz, 6251 MHz, 72.39 W, 81, 99 %
2026/09/29 20:35:38.784, 1425 MHz, 6251 MHz, 71.34 W, 81, 99 %
2026/09/29 20:35:39.784, 1335 MHz, 6251 MHz, 71.68 W, 81, 99 %
2026/09/29 20:35:40.784, 1410 MHz, 6251 MHz, 71.35 W, 82, 99 %
2026/09/29 20:35:41.785, 1395 MHz, 6251 MHz, 71.36 W, 81, 98 %
2026/09/29 20:35:42.785, 1395 MHz, 6251 MHz, 71.45 W, 82, 99 %
2026/09/29 20:35:43.785, 1035 MHz, 6251 MHz, 70.83 W, 83, 100 %
2026/09/29 20:35:44.785, 1320 MHz, 6251 MHz, 71.88 W, 82, 99 %
2026/09/29 20:35:45.785, 1350 MHz, 6251 MHz, 71.70 W, 82, 99 %
2026/09/29 20:35:46.785, 1335 MHz, 6251 MHz, 71.60 W, 81, 99 %
2026/09/29 20:35:47.785, 1395 MHz, 6251 MHz, 71.94 W, 82, 99 %
2026/09/29 20:35:48.785, 1350 MHz, 6251 MHz, 72.20 W, 82, 99 %
2026/09/29 20:35:49.786, 1350 MHz, 6251 MHz, 71.97 W, 81, 99 %
2026/09/29 20:35:50.786, 1320 MHz, 6251 MHz, 71.73 W, 82, 99 %
2026/09/29 20:35:51.786, 1335 MHz, 6251 MHz, 72.02 W, 82, 99 %
2026/09/29 20:35:52.786, 1380 MHz, 6251 MHz, 72.15 W, 81, 99 %
2026/09/29 20:35:53.786, 1395 MHz, 6251 MHz, 72.06 W, 82, 99 %
2026/09/29 20:35:54.786, 1350 MHz, 6251 MHz, 71.96 W, 82, 99 %
2026/09/29 20:35:55.787, 1380 MHz, 6251 MHz, 72.05 W, 82, 99 %
2026/09/29 20:35:56.787, 1320 MHz, 6251 MHz, 72.38 W, 82, 99 %
2026/09/29 20:35:57.787, 1350 MHz, 6251 MHz, 71.89 W, 82, 99 %
2026/09/29 20:35:58.788, 1335 MHz, 6251 MHz, 71.59 W, 82, 99 %
2026/09/29 20:35:59.788, 1320 MHz, 6251 MHz, 72.53 W, 82, 99 %
2026/09/29 20:36:00.788, 1320 MHz, 6251 MHz, 71.64 W, 82, 99 %
2026/09/29 20:36:01.788, 1335 MHz, 6251 MHz, 72.15 W, 81, 99 %
2026/09/29 20:36:02.788, 1380 MHz, 6251 MHz, 72.52 W, 82, 98 %
2026/09/29 20:36:03.788, 1365 MHz, 6251 MHz, 70.88 W, 82, 99 %
2026/09/29 20:36:04.788, 1365 MHz, 6251 MHz, 72.61 W, 82, 99 %
2026/09/29 20:36:05.788, 1380 MHz, 6251 MHz, 72.05 W, 81, 99 %
2026/09/29 20:36:06.788, 1380 MHz, 6251 MHz, 72.64 W, 81, 99 %
2026/09/29 20:36:07.789, 1335 MHz, 6251 MHz, 72.31 W, 81, 99 %
2026/09/29 20:36:08.789, 1305 MHz, 6251 MHz, 70.92 W, 83, 99 %
2026/09/29 20:36:09.789, 1335 MHz, 6251 MHz, 71.65 W, 81, 99 %
2026/09/29 20:36:10.789, 1350 MHz, 6251 MHz, 71.99 W, 81, 99 %
2026/09/29 20:36:11.789, 1365 MHz, 6251 MHz, 71.95 W, 81, 99 %
2026/09/29 20:36:12.789, 1365 MHz, 6251 MHz, 72.40 W, 81, 99 %
2026/09/29 20:36:13.789, 1365 MHz, 6251 MHz, 71.82 W, 81, 98 %
2026/09/29 20:36:14.789, 1350 MHz, 6251 MHz, 71.78 W, 81, 99 %
2026/09/29 20:36:15.790, 1380 MHz, 6251 MHz, 71.78 W, 81, 99 %
2026/09/29 20:36:16.790, 1335 MHz, 6251 MHz, 72.33 W, 81, 99 %
2026/09/29 20:36:17.790, 1320 MHz, 6251 MHz, 72.27 W, 81, 99 %
2026/09/29 20:36:18.790, 1335 MHz, 6251 MHz, 72.04 W, 81, 99 %
2026/09/29 20:36:19.790, 1350 MHz, 6251 MHz, 72.16 W, 82, 99 %
2026/09/29 20:36:20.790, 1320 MHz, 6251 MHz, 71.89 W, 82, 99 %
2026/09/29 20:36:21.790, 1350 MHz, 6251 MHz, 72.28 W, 82, 99 %
2026/09/29 20:36:22.790, 1365 MHz, 6251 MHz, 71.77 W, 82, 99 %
2026/09/29 20:36:23.790, 1335 MHz, 6251 MHz, 72.01 W, 82, 99 %
2026/09/29 20:36:24.791, 1335 MHz, 6251 MHz, 72.39 W, 82, 99 %
2026/09/29 20:36:25.792, 1335 MHz, 6251 MHz, 71.33 W, 82, 99 %
2026/09/29 20:36:26.792, 1320 MHz, 6251 MHz, 72.32 W, 81, 99 %
2026/09/29 20:36:27.792, 1395 MHz, 6251 MHz, 72.59 W, 82, 99 %
2026/09/29 20:36:28.792, 1365 MHz, 6251 MHz, 70.99 W, 82, 99 %
2026/09/29 20:36:29.792, 1350 MHz, 6251 MHz, 71.75 W, 82, 99 %
2026/09/29 20:36:30.792, 1425 MHz, 6251 MHz, 72.18 W, 82, 99 %
2026/09/29 20:36:31.792, 1410 MHz, 6251 MHz, 72.50 W, 82, 99 %
2026/09/29 20:36:32.792, 1080 MHz, 6251 MHz, 72.15 W, 83, 100 %
2026/09/29 20:36:33.793, 1365 MHz, 6251 MHz, 71.48 W, 82, 98 %
2026/09/29 20:36:34.793, 1365 MHz, 6251 MHz, 71.93 W, 82, 99 %
2026/09/29 20:36:35.793, 1365 MHz, 6251 MHz, 71.85 W, 82, 99 %
2026/09/29 20:36:36.793, 1350 MHz, 6251 MHz, 72.04 W, 82, 99 %
2026/09/29 20:36:37.793, 1335 MHz, 6251 MHz, 71.82 W, 81, 99 %
2026/09/29 20:36:38.793, 1320 MHz, 6251 MHz, 71.88 W, 82, 99 %
2026/09/29 20:36:39.793, 1365 MHz, 6251 MHz, 72.01 W, 81, 99 %
2026/09/29 20:36:40.793, 1365 MHz, 6251 MHz, 72.00 W, 81, 99 %
2026/09/29 20:36:41.793, 1365 MHz, 6251 MHz, 71.84 W, 81, 99 %
2026/09/29 20:36:42.794, 1365 MHz, 6251 MHz, 72.27 W, 81, 99 %
2026/09/29 20:36:43.794, 1380 MHz, 6251 MHz, 72.16 W, 81, 99 %
2026/09/29 20:36:44.794, 1350 MHz, 6251 MHz, 72.21 W, 81, 99 %
2026/09/29 20:36:45.794, 1335 MHz, 6251 MHz, 71.77 W, 81, 99 %
2026/09/29 20:36:46.794, 1350 MHz, 6251 MHz, 71.68 W, 81, 99 %
2026/09/29 20:36:47.794, 1380 MHz, 6251 MHz, 72.10 W, 81, 99 %
2026/09/29 20:36:48.794, 1350 MHz, 6251 MHz, 71.72 W, 81, 99 %
2026/09/29 20:36:49.794, 1395 MHz, 6251 MHz, 72.25 W, 82, 99 %
2026/09/29 20:36:50.795, 1350 MHz, 6251 MHz, 71.59 W, 82, 99 %
2026/09/29 20:36:51.795, 1380 MHz, 6251 MHz, 71.96 W, 82, 99 %
2026/09/29 20:36:52.795, 1320 MHz, 6251 MHz, 73.24 W, 82, 99 %
2026/09/29 20:36:53.795, 1320 MHz, 6251 MHz, 72.13 W, 82, 99 %
2026/09/29 20:36:54.795, 1350 MHz, 6251 MHz, 70.33 W, 82, 99 %
2026/09/29 20:36:55.795, 1395 MHz, 6251 MHz, 72.15 W, 82, 99 %
2026/09/29 20:36:56.795, 1350 MHz, 6251 MHz, 71.75 W, 82, 99 %
2026/09/29 20:36:57.795, 1320 MHz, 6251 MHz, 72.34 W, 82, 99 %
2026/09/29 20:36:58.796, 1350 MHz, 6251 MHz, 72.07 W, 82, 99 %
2026/09/29 20:36:59.796, 1320 MHz, 6251 MHz, 72.09 W, 82, 99 %
2026/09/29 20:37:00.796, 1335 MHz, 6251 MHz, 72.13 W, 82, 99 %
2026/09/29 20:37:01.796, 1320 MHz, 6251 MHz, 71.43 W, 82, 99 %
2026/09/29 20:37:02.796, 1365 MHz, 6251 MHz, 71.87 W, 81, 99 %
2026/09/29 20:37:03.796, 1365 MHz, 6251 MHz, 71.97 W, 82, 99 %
2026/09/29 20:37:04.796, 1365 MHz, 6251 MHz, 71.94 W, 82, 98 %
2026/09/29 20:37:05.796, 1335 MHz, 6251 MHz, 72.10 W, 82, 99 %
2026/09/29 20:37:06.797, 1350 MHz, 6251 MHz, 71.69 W, 82, 99 %
2026/09/29 20:37:07.797, 1350 MHz, 6251 MHz, 71.95 W, 82, 99 %
2026/09/29 20:37:08.797, 1335 MHz, 6251 MHz, 71.95 W, 82, 98 %
2026/09/29 20:37:09.797, 1335 MHz, 6251 MHz, 71.80 W, 82, 99 %
2026/09/29 20:37:10.797, 1365 MHz, 6251 MHz, 71.93 W, 81, 99 %
2026/09/29 20:37:11.797, 1335 MHz, 6251 MHz, 71.83 W, 81, 99 %
2026/09/29 20:37:12.797, 1335 MHz, 6251 MHz, 72.18 W, 82, 99 %
2026/09/29 20:37:13.797, 1380 MHz, 6251 MHz, 71.78 W, 81, 99 %
2026/09/29 20:37:14.797, 1350 MHz, 6251 MHz, 72.11 W, 81, 99 %
2026/09/29 20:37:15.798, 1335 MHz, 6251 MHz, 71.72 W, 81, 99 %
2026/09/29 20:37:16.798, 1335 MHz, 6251 MHz, 71.68 W, 81, 99 %
2026/09/29 20:37:17.798, 1365 MHz, 6251 MHz, 72.39 W, 81, 99 %
2026/09/29 20:37:18.798, 1335 MHz, 6251 MHz, 72.58 W, 81, 99 %
2026/09/29 20:37:19.798, 1305 MHz, 6251 MHz, 73.18 W, 81, 99 %
2026/09/29 20:37:20.798, 1320 MHz, 6251 MHz, 72.87 W, 81, 99 %
2026/09/29 20:37:21.798, 1140 MHz, 6251 MHz, 71.70 W, 82, 100 %
2026/09/29 20:37:22.798, 1290 MHz, 6251 MHz, 71.71 W, 81, 97 %
2026/09/29 20:37:23.799, 1320 MHz, 6251 MHz, 71.83 W, 81, 98 %
2026/09/29 20:37:24.799, 1335 MHz, 6251 MHz, 71.92 W, 81, 99 %
2026/09/29 20:37:25.799, 1335 MHz, 6251 MHz, 72.16 W, 81, 99 %
2026/09/29 20:37:26.799, 1335 MHz, 6251 MHz, 71.90 W, 81, 99 %
2026/09/29 20:37:27.799, 1350 MHz, 6251 MHz, 71.83 W, 81, 99 %
2026/09/29 20:37:28.799, 1365 MHz, 6251 MHz, 72.04 W, 81, 99 %
2026/09/29 20:37:29.799, 1410 MHz, 6251 MHz, 72.07 W, 81, 99 %
2026/09/29 20:37:30.799, 1365 MHz, 6251 MHz, 71.93 W, 81, 98 %
2026/09/29 20:37:31.800, 1410 MHz, 6251 MHz, 71.62 W, 80, 99 %
2026/09/29 20:37:32.800, 1425 MHz, 6251 MHz, 71.90 W, 80, 97 %
2026/09/29 20:37:33.800, 1365 MHz, 6251 MHz, 72.09 W, 80, 98 %
2026/09/29 20:37:34.800, 1350 MHz, 6251 MHz, 71.64 W, 80, 98 %
2026/09/29 20:37:35.800, 1380 MHz, 6251 MHz, 71.94 W, 80, 98 %
2026/09/29 20:37:36.800, 1335 MHz, 6251 MHz, 72.23 W, 80, 99 %
2026/09/29 20:37:37.800, 1425 MHz, 6251 MHz, 70.79 W, 80, 99 %
2026/09/29 20:37:38.800, 1380 MHz, 6251 MHz, 72.03 W, 80, 99 %
2026/09/29 20:37:39.801, 1395 MHz, 6251 MHz, 72.02 W, 80, 98 %
2026/09/29 20:37:40.801, 1380 MHz, 6251 MHz, 72.00 W, 80, 99 %
2026/09/29 20:37:41.801, 1380 MHz, 6251 MHz, 72.11 W, 80, 99 %
2026/09/29 20:37:42.801, 1410 MHz, 6251 MHz, 71.99 W, 79, 99 %
2026/09/29 20:37:43.801, 1395 MHz, 6251 MHz, 71.98 W, 79, 99 %
2026/09/29 20:37:44.801, 1380 MHz, 6251 MHz, 71.90 W, 79, 99 %
2026/09/29 20:37:45.801, 1365 MHz, 6251 MHz, 72.14 W, 79, 99 %
2026/09/29 20:37:46.801, 1395 MHz, 6251 MHz, 72.03 W, 79, 98 %
2026/09/29 20:37:47.802, 1410 MHz, 6251 MHz, 71.71 W, 79, 98 %
2026/09/29 20:37:48.802, 1380 MHz, 6251 MHz, 72.03 W, 79, 98 %
2026/09/29 20:37:49.802, 1395 MHz, 6251 MHz, 71.72 W, 79, 97 %
2026/09/29 20:37:50.802, 1425 MHz, 6251 MHz, 71.89 W, 79, 98 %
2026/09/29 20:37:51.802, 1350 MHz, 6251 MHz, 71.69 W, 79, 99 %
2026/09/29 20:37:52.802, 1365 MHz, 6251 MHz, 72.22 W, 79, 99 %
2026/09/29 20:37:53.802, 1395 MHz, 6251 MHz, 71.81 W, 80, 99 %
2026/09/29 20:37:54.802, 1365 MHz, 6251 MHz, 72.00 W, 80, 99 %
2026/09/29 20:37:55.803, 1380 MHz, 6251 MHz, 71.86 W, 80, 99 %
2026/09/29 20:37:56.803, 1395 MHz, 6251 MHz, 72.21 W, 80, 99 %
2026/09/29 20:37:57.803, 1425 MHz, 6251 MHz, 72.04 W, 80, 99 %
2026/09/29 20:37:58.803, 1395 MHz, 6251 MHz, 72.13 W, 80, 99 %
2026/09/29 20:37:59.803, 1395 MHz, 6251 MHz, 72.09 W, 80, 99 %
2026/09/29 20:38:00.803, 1395 MHz, 6251 MHz, 71.98 W, 80, 99 %
2026/09/29 20:38:01.803, 1380 MHz, 6251 MHz, 72.04 W, 80, 98 %
2026/09/29 20:38:02.804, 1365 MHz, 6251 MHz, 71.68 W, 80, 97 %
2026/09/29 20:38:03.804, 1380 MHz, 6251 MHz, 71.74 W, 80, 97 %
2026/09/29 20:38:04.804, 1395 MHz, 6251 MHz, 71.94 W, 80, 97 %
2026/09/29 20:38:05.805, 1365 MHz, 6251 MHz, 71.92 W, 80, 99 %
2026/09/29 20:38:06.805, 1380 MHz, 6251 MHz, 72.18 W, 81, 99 %
2026/09/29 20:38:07.805, 1395 MHz, 6251 MHz, 71.89 W, 81, 99 %
2026/09/29 20:38:08.805, 1335 MHz, 6251 MHz, 72.36 W, 81, 99 %
2026/09/29 20:38:09.805, 1410 MHz, 6251 MHz, 71.51 W, 81, 99 %
2026/09/29 20:38:10.805, 1395 MHz, 6251 MHz, 71.81 W, 81, 99 %
2026/09/29 20:38:11.805, 1425 MHz, 6251 MHz, 72.26 W, 81, 97 %
2026/09/29 20:38:12.805, 1380 MHz, 6251 MHz, 72.42 W, 81, 97 %
2026/09/29 20:38:13.806, 1395 MHz, 6251 MHz, 71.82 W, 81, 97 %
2026/09/29 20:38:14.806, 1395 MHz, 6251 MHz, 71.69 W, 81, 97 %
2026/09/29 20:38:15.806, 1395 MHz, 6251 MHz, 71.72 W, 81, 99 %
2026/09/29 20:38:16.806, 1380 MHz, 6251 MHz, 72.17 W, 81, 99 %
2026/09/29 20:38:17.806, 1395 MHz, 6251 MHz, 71.97 W, 81, 99 %
2026/09/29 20:38:18.806, 1380 MHz, 6251 MHz, 71.78 W, 81, 99 %
2026/09/29 20:38:19.806, 1365 MHz, 6251 MHz, 72.03 W, 81, 99 %
2026/09/29 20:38:20.806, 1395 MHz, 6251 MHz, 72.01 W, 81, 99 %
2026/09/29 20:38:21.806, 1335 MHz, 6251 MHz, 71.99 W, 81, 99 %
2026/09/29 20:38:22.807, 1365 MHz, 6251 MHz, 72.12 W, 81, 99 %
2026/09/29 20:38:23.807, 1365 MHz, 6251 MHz, 71.89 W, 81, 97 %
2026/09/29 20:38:24.807, 1950 MHz, 6251 MHz, 70.76 W, 80, 90 %
