2026/09/30 06:34:36.332, 47, 1980, 425.86
2026/09/30 06:34:37.334, 43, 1980, 133.89
2026/09/30 06:34:38.334, 43, 1980, 132.96
2026/09/30 06:34:39.334, 42, 1980, 132.59
2026/09/30 06:34:40.335, 42, 1980, 132.27
2026/09/30 06:34:41.335, 41, 1980, 131.98
2026/09/30 06:34:42.335, 41, 1980, 132.08
2026/09/30 06:34:43.335, 41, 1980, 132.22
2026/09/30 06:34:44.335, 40, 1980, 131.85
2026/09/30 06:34:45.335, 50, 1665, 380.91
2026/09/30 06:34:46.335, 59, 1485, 662.65
2026/09/30 06:34:47.336, 59, 1485, 661.91
2026/09/30 06:34:48.336, 59, 1590, 653.58
2026/09/30 06:34:49.336, 57, 1830, 650.49
2026/09/30 06:34:50.336, 57, 1830, 659.30
2026/09/30 06:34:51.336, 57, 1830, 662.72
2026/09/30 06:34:52.336, 58, 1845, 660.47
2026/09/30 06:34:53.336, 58, 1815, 665.62
2026/09/30 06:34:54.336, 57, 1845, 662.24
