2026/09/30 14:36:37.099, 210 MHz, 405 MHz, 17.84 W, 57, 0 %
2026/09/30 14:36:38.109, 210 MHz, 405 MHz, 17.79 W, 57, 0 %
2026/09/30 14:36:39.109, 210 MHz, 405 MHz, 17.69 W, 56, 0 %
2026/09/30 14:36:40.109, 210 MHz, 405 MHz, 17.65 W, 56, 0 %
2026/09/30 14:36:41.109, 210 MHz, 405 MHz, 20.05 W, 55, 0 %
2026/09/30 14:36:42.109, 1695 MHz, 6251 MHz, 56.57 W, 57, 32 %
2026/09/30 14:36:43.109, 1695 MHz, 6251 MHz, 69.15 W, 58, 32 %
2026/09/30 14:36:44.109, 1695 MHz, 6251 MHz, 67.66 W, 57, 0 %
2026/09/30 14:36:45.110, 1485 MHz, 6251 MHz, 98.15 W, 61, 96 %
2026/09/30 14:36:46.110, 1470 MHz, 6251 MHz, 149.23 W, 62, 96 %
2026/09/30 14:36:47.110, 1470 MHz, 6251 MHz, 147.38 W, 62, 98 %
2026/09/30 14:36:48.110, 960 MHz, 6251 MHz, 148.64 W, 63, 97 %
2026/09/30 14:36:49.110, 1485 MHz, 6251 MHz, 149.55 W, 63, 99 %
2026/09/30 14:36:50.110, 1470 MHz, 6251 MHz, 147.91 W, 64, 97 %
2026/09/30 14:36:51.110, 1470 MHz, 6251 MHz, 152.09 W, 64, 97 %
2026/09/30 14:36:52.111, 1185 MHz, 6251 MHz, 151.20 W, 64, 100 %
2026/09/30 14:36:53.111, 1035 MHz, 6251 MHz, 151.76 W, 65, 100 %
2026/09/30 14:36:54.111, 1050 MHz, 6251 MHz, 151.12 W, 65, 96 %
2026/09/30 14:36:55.111, 1560 MHz, 6251 MHz, 148.06 W, 65, 97 %
2026/09/30 14:36:56.111, 1035 MHz, 6251 MHz, 153.95 W, 66, 100 %
2026/09/30 14:36:57.111, 1050 MHz, 6251 MHz, 150.66 W, 66, 100 %
2026/09/30 14:36:58.111, 1425 MHz, 6251 MHz, 149.50 W, 66, 98 %
2026/09/30 14:36:59.112, 1020 MHz, 6251 MHz, 147.74 W, 67, 100 %
2026/09/30 14:37:00.112, 1050 MHz, 6251 MHz, 148.66 W, 67, 100 %
2026/09/30 14:37:01.112, 1455 MHz, 6251 MHz, 150.21 W, 67, 98 %
2026/09/30 14:37:02.112, 1035 MHz, 6251 MHz, 148.77 W, 67, 100 %
2026/09/30 14:37:03.112, 1065 MHz, 6251 MHz, 148.72 W, 67, 100 %
2026/09/30 14:37:04.112, 1440 MHz, 6251 MHz, 149.39 W, 68, 98 %
2026/09/30 14:37:05.112, 1005 MHz, 6251 MHz, 150.24 W, 68, 100 %
2026/09/30 14:37:06.113, 1020 MHz, 6251 MHz, 150.69 W, 68, 100 %
2026/09/30 14:37:07.113, 1455 MHz, 6251 MHz, 147.38 W, 68, 98 %
2026/09/30 14:37:08.113, 1470 MHz, 6251 MHz, 143.48 W, 68, 98 %
2026/09/30 14:37:09.113, 1455 MHz, 6251 MHz, 150.10 W, 69, 97 %
2026/09/30 14:37:10.113, 1410 MHz, 6251 MHz, 150.48 W, 69, 97 %
2026/09/30 14:37:11.113, 1455 MHz, 6251 MHz, 149.31 W, 69, 98 %
2026/09/30 14:37:12.113, 1440 MHz, 6251 MHz, 149.87 W, 69, 97 %
2026/09/30 14:37:13.114, 1440 MHz, 6251 MHz, 149.77 W, 69, 97 %
2026/09/30 14:37:14.114, 1440 MHz, 6251 MHz, 150.32 W, 69, 98 %
2026/09/30 14:37:15.114, 1425 MHz, 6251 MHz, 150.28 W, 69, 98 %
2026/09/30 14:37:16.114, 1440 MHz, 6251 MHz, 149.71 W, 70, 97 %
2026/09/30 14:37:17.114, 1425 MHz, 6251 MHz, 150.16 W, 70, 98 %
2026/09/30 14:37:18.114, 1425 MHz, 6251 MHz, 150.19 W, 70, 97 %
2026/09/30 14:37:19.115, 1410 MHz, 6251 MHz, 150.04 W, 70, 97 %
2026/09/30 14:37:20.115, 1455 MHz, 6251 MHz, 146.59 W, 70, 99 %
2026/09/30 14:37:21.115, 1425 MHz, 6251 MHz, 149.90 W, 70, 97 %
2026/09/30 14:37:22.115, 1440 MHz, 6251 MHz, 149.96 W, 70, 97 %
2026/09/30 14:37:23.115, 1425 MHz, 6251 MHz, 149.66 W, 70, 98 %
2026/09/30 14:37:24.115, 1425 MHz, 6251 MHz, 149.63 W, 70, 97 %
2026/09/30 14:37:25.115, 1455 MHz, 6251 MHz, 149.83 W, 71, 97 %
2026/09/30 14:37:26.116, 1425 MHz, 6251 MHz, 149.89 W, 71, 98 %
2026/09/30 14:37:27.116, 1425 MHz, 6251 MHz, 150.22 W, 71, 97 %
2026/09/30 14:37:28.116, 1425 MHz, 6251 MHz, 150.26 W, 71, 97 %
2026/09/30 14:37:29.116, 1425 MHz, 6251 MHz, 150.41 W, 71, 98 %
2026/09/30 14:37:30.116, 1425 MHz, 6251 MHz, 149.24 W, 71, 98 %
2026/09/30 14:37:31.116, 1410 MHz, 6251 MHz, 149.85 W, 71, 97 %
2026/09/30 14:37:32.116, 1290 MHz, 6251 MHz, 149.26 W, 71, 98 %
2026/09/30 14:37:33.117, 1410 MHz, 6251 MHz, 149.43 W, 72, 98 %
2026/09/30 14:37:34.117, 1410 MHz, 6251 MHz, 149.78 W, 72, 96 %
2026/09/30 14:37:35.117, 1410 MHz, 6251 MHz, 150.51 W, 72, 98 %
2026/09/30 14:37:36.117, 1425 MHz, 6251 MHz, 150.22 W, 72, 98 %
2026/09/30 14:37:37.117, 1425 MHz, 6251 MHz, 149.79 W, 72, 96 %
2026/09/30 14:37:38.117, 1410 MHz, 6251 MHz, 149.93 W, 72, 98 %
2026/09/30 14:37:39.118, 1410 MHz, 6251 MHz, 149.44 W, 72, 96 %
2026/09/30 14:37:40.118, 1395 MHz, 6251 MHz, 150.00 W, 72, 97 %
2026/09/30 14:37:41.118, 1395 MHz, 6251 MHz, 150.04 W, 72, 98 %
2026/09/30 14:37:42.118, 1410 MHz, 6251 MHz, 149.55 W, 72, 96 %
2026/09/30 14:37:43.118, 1410 MHz, 6251 MHz, 150.41 W, 73, 96 %
2026/09/30 14:37:44.118, 1395 MHz, 6251 MHz, 149.80 W, 73, 98 %
2026/09/30 14:37:45.118, 1395 MHz, 6251 MHz, 150.08 W, 73, 98 %
2026/09/30 14:37:46.119, 1395 MHz, 6251 MHz, 149.24 W, 73, 96 %
2026/09/30 14:37:47.119, 1395 MHz, 6251 MHz, 149.83 W, 73, 98 %
2026/09/30 14:37:48.119, 1395 MHz, 6251 MHz, 149.86 W, 73, 96 %
2026/09/30 14:37:49.119, 1395 MHz, 6251 MHz, 149.28 W, 73, 98 %
2026/09/30 14:37:50.119, 1395 MHz, 6251 MHz, 149.66 W, 73, 98 %
2026/09/30 14:37:51.119, 1335 MHz, 6251 MHz, 149.50 W, 73, 96 %
2026/09/30 14:37:52.119, 1395 MHz, 6251 MHz, 149.47 W, 73, 98 %
2026/09/30 14:37:53.120, 1020 MHz, 6251 MHz, 142.82 W, 73, 100 %
2026/09/30 14:37:54.120, 1425 MHz, 6251 MHz, 149.08 W, 74, 98 %
2026/09/30 14:37:55.120, 1410 MHz, 6251 MHz, 150.12 W, 74, 96 %
2026/09/30 14:37:56.120, 1395 MHz, 6251 MHz, 150.09 W, 74, 98 %
2026/09/30 14:37:57.120, 1410 MHz, 6251 MHz, 150.04 W, 74, 98 %
2026/09/30 14:37:58.120, 1410 MHz, 6251 MHz, 149.90 W, 74, 96 %
2026/09/30 14:37:59.120, 1410 MHz, 6251 MHz, 149.99 W, 74, 98 %
2026/09/30 14:38:00.121, 1395 MHz, 6251 MHz, 149.92 W, 74, 98 %
2026/09/30 14:38:01.121, 1380 MHz, 6251 MHz, 149.31 W, 74, 98 %
2026/09/30 14:38:02.121, 1020 MHz, 6251 MHz, 147.67 W, 74, 100 %
2026/09/30 14:38:03.121, 1410 MHz, 6251 MHz, 148.19 W, 74, 98 %
2026/09/30 14:38:04.121, 1365 MHz, 6251 MHz, 149.98 W, 74, 97 %
2026/09/30 14:38:05.121, 1410 MHz, 6251 MHz, 149.62 W, 74, 98 %
2026/09/30 14:38:06.121, 1410 MHz, 6251 MHz, 149.56 W, 74, 97 %
2026/09/30 14:38:07.122, 1395 MHz, 6251 MHz, 149.49 W, 74, 98 %
2026/09/30 14:38:08.122, 1395 MHz, 6251 MHz, 150.03 W, 74, 98 %
2026/09/30 14:38:09.122, 1365 MHz, 6251 MHz, 149.61 W, 75, 97 %
2026/09/30 14:38:10.122, 1365 MHz, 6251 MHz, 149.65 W, 75, 98 %
2026/09/30 14:38:11.122, 1095 MHz, 6251 MHz, 150.44 W, 75, 75 %
2026/09/30 14:38:12.122, 1335 MHz, 6251 MHz, 150.35 W, 75, 96 %
2026/09/30 14:38:13.122, 1380 MHz, 6251 MHz, 149.30 W, 75, 96 %
2026/09/30 14:38:14.123, 1395 MHz, 6251 MHz, 149.00 W, 75, 98 %
2026/09/30 14:38:15.123, 1410 MHz, 6251 MHz, 150.29 W, 75, 98 %
2026/09/30 14:38:16.123, 1395 MHz, 6251 MHz, 149.62 W, 75, 98 %
2026/09/30 14:38:17.123, 1395 MHz, 6251 MHz, 149.78 W, 75, 97 %
2026/09/30 14:38:18.123, 1395 MHz, 6251 MHz, 148.85 W, 75, 98 %
2026/09/30 14:38:19.123, 1410 MHz, 6251 MHz, 149.73 W, 75, 96 %
2026/09/30 14:38:20.124, 1410 MHz, 6251 MHz, 149.62 W, 75, 98 %
2026/09/30 14:38:21.124, 1410 MHz, 6251 MHz, 149.75 W, 75, 98 %
2026/09/30 14:38:22.124, 1410 MHz, 6251 MHz, 150.17 W, 75, 98 %
2026/09/30 14:38:23.124, 1440 MHz, 6251 MHz, 147.19 W, 75, 98 %
2026/09/30 14:38:24.124, 1440 MHz, 6251 MHz, 149.57 W, 75, 98 %
2026/09/30 14:38:25.124, 1440 MHz, 6251 MHz, 149.87 W, 75, 98 %
2026/09/30 14:38:26.124, 1425 MHz, 6251 MHz, 150.04 W, 75, 98 %
2026/09/30 14:38:27.125, 1440 MHz, 6251 MHz, 149.75 W, 75, 98 %
2026/09/30 14:38:28.125, 1410 MHz, 6251 MHz, 150.66 W, 75, 97 %
2026/09/30 14:38:29.125, 1410 MHz, 6251 MHz, 149.28 W, 75, 98 %
2026/09/30 14:38:30.125, 1395 MHz, 6251 MHz, 149.11 W, 75, 97 %
2026/09/30 14:38:31.125, 1410 MHz, 6251 MHz, 150.01 W, 75, 98 %
2026/09/30 14:38:32.125, 1410 MHz, 6251 MHz, 149.68 W, 75, 98 %
2026/09/30 14:38:33.125, 1410 MHz, 6251 MHz, 148.96 W, 75, 97 %
2026/09/30 14:38:34.126, 1290 MHz, 6251 MHz, 144.43 W, 75, 98 %
2026/09/30 14:38:35.126, 990 MHz, 6251 MHz, 143.30 W, 76, 100 %
2026/09/30 14:38:36.126, 1275 MHz, 6251 MHz, 151.82 W, 76, 98 %
2026/09/30 14:38:37.126, 1305 MHz, 6251 MHz, 149.98 W, 75, 98 %
2026/09/30 14:38:38.126, 1305 MHz, 6251 MHz, 149.51 W, 75, 98 %
2026/09/30 14:38:39.126, 1305 MHz, 6251 MHz, 148.93 W, 75, 98 %
2026/09/30 14:38:40.126, 1305 MHz, 6251 MHz, 149.26 W, 75, 98 %
2026/09/30 14:38:41.127, 1320 MHz, 6251 MHz, 150.04 W, 76, 98 %
2026/09/30 14:38:42.127, 1320 MHz, 6251 MHz, 148.90 W, 76, 98 %
2026/09/30 14:38:43.127, 1305 MHz, 6251 MHz, 149.79 W, 76, 98 %
2026/09/30 14:38:44.127, 1305 MHz, 6251 MHz, 149.48 W, 76, 98 %
2026/09/30 14:38:45.127, 1305 MHz, 6251 MHz, 150.07 W, 76, 98 %
2026/09/30 14:38:46.127, 1305 MHz, 6251 MHz, 149.73 W, 76, 98 %
2026/09/30 14:38:47.127, 1320 MHz, 6251 MHz, 149.90 W, 76, 99 %
2026/09/30 14:38:48.128, 1305 MHz, 6251 MHz, 150.29 W, 76, 98 %
2026/09/30 14:38:49.128, 1035 MHz, 6251 MHz, 146.79 W, 76, 100 %
2026/09/30 14:38:50.128, 1365 MHz, 6251 MHz, 149.93 W, 76, 97 %
2026/09/30 14:38:51.128, 1350 MHz, 6251 MHz, 148.85 W, 76, 98 %
2026/09/30 14:38:52.128, 1335 MHz, 6251 MHz, 148.33 W, 76, 98 %
2026/09/30 14:38:53.128, 1335 MHz, 6251 MHz, 150.21 W, 76, 98 %
2026/09/30 14:38:54.129, 1335 MHz, 6251 MHz, 149.98 W, 76, 98 %
2026/09/30 14:38:55.129, 1305 MHz, 6251 MHz, 150.64 W, 76, 98 %
2026/09/30 14:38:56.129, 1320 MHz, 6251 MHz, 149.25 W, 76, 98 %
2026/09/30 14:38:57.129, 1305 MHz, 6251 MHz, 149.88 W, 76, 99 %
2026/09/30 14:38:58.129, 1335 MHz, 6251 MHz, 150.02 W, 76, 98 %
2026/09/30 14:38:59.129, 1305 MHz, 6251 MHz, 149.61 W, 76, 98 %
2026/09/30 14:39:00.129, 1305 MHz, 6251 MHz, 150.24 W, 76, 99 %
2026/09/30 14:39:01.130, 1305 MHz, 6251 MHz, 149.15 W, 76, 99 %
2026/09/30 14:39:02.130, 1305 MHz, 6251 MHz, 149.90 W, 76, 98 %
2026/09/30 14:39:03.130, 1320 MHz, 6251 MHz, 150.00 W, 76, 98 %
2026/09/30 14:39:04.130, 1695 MHz, 6251 MHz, 110.49 W, 74, 0 %
