2026/09/29 21:30:32.801, 2040 MHz, 6251 MHz, 41.47 W, 79, 100 %, 0x0000000000000000
2026/09/29 21:30:32.906, 2040 MHz, 6251 MHz, 41.47 W, 79, 100 %, 0x0000000000000000
2026/09/29 21:30:33.006, 2040 MHz, 6251 MHz, 39.19 W, 79, 100 %, 0x0000000000000000
2026/09/29 21:30:33.106, 2040 MHz, 6251 MHz, 39.32 W, 79, 28 %, 0x0000000000000000
2026/09/29 21:30:33.206, 2040 MHz, 6251 MHz, 39.28 W, 79, 28 %, 0x0000000000000000
2026/09/29 21:30:33.306, 2040 MHz, 6251 MHz, 39.26 W, 79, 0 %, 0x0000000000000000
2026/09/29 21:30:33.407, 2040 MHz, 6251 MHz, 39.25 W, 79, 0 %, 0x0000000000000000
2026/09/29 21:30:33.507, 2040 MHz, 6251 MHz, 39.20 W, 79, 0 %, 0x0000000000000000
2026/09/29 21:30:33.607, 2040 MHz, 6251 MHz, 39.12 W, 79, 0 %, 0x0000000000000000
2026/09/29 21:30:33.707, 2040 MHz, 6251 MHz, 39.12 W, 79, 0 %, 0x0000000000000000
2026/09/29 21:30:33.807, 2040 MHz, 6251 MHz, 38.23 W, 79, 0 %, 0x0000000000000000
2026/09/29 21:30:33.907, 2040 MHz, 6251 MHz, 37.31 W, 79, 0 %, 0x0000000000000000
2026/09/29 21:30:34.007, 2040 MHz, 6251 MHz, 36.42 W, 79, 0 %, 0x0000000000000000
2026/09/29 21:30:34.108, 2040 MHz, 6251 MHz, 35.51 W, 79, 0 %, 0x0000000000000001
2026/09/29 21:30:34.208, 2040 MHz, 6251 MHz, 35.51 W, 79, 0 %, 0x0000000000000001
2026/09/29 21:30:34.308, 2040 MHz, 6251 MHz, 35.50 W, 79, 0 %, 0x0000000000000001
2026/09/29 21:30:34.408, 2040 MHz, 6251 MHz, 35.49 W, 79, 0 %, 0x0000000000000001
2026/09/29 21:30:34.508, 2040 MHz, 6251 MHz, 35.48 W, 79, 0 %, 0x0000000000000001
2026/09/29 21:30:34.608, 2040 MHz, 6251 MHz, 35.47 W, 78, 0 %, 0x0000000000000001
2026/09/29 21:30:34.708, 2040 MHz, 6251 MHz, 35.46 W, 78, 0 %, 0x0000000000000001
2026/09/29 21:30:34.808, 2040 MHz, 6251 MHz, 35.44 W, 78, 0 %, 0x0000000000000001
2026/09/29 21:30:34.908, 2040 MHz, 6251 MHz, 35.45 W, 78, 0 %, 0x0000000000000001
2026/09/29 21:30:35.009, 2040 MHz, 6251 MHz, 35.45 W, 78, 0 %, 0x0000000000000001
2026/09/29 21:30:35.109, 2040 MHz, 6251 MHz, 35.44 W, 78, 0 %, 0x0000000000000001
2026/09/29 21:30:35.209, 2040 MHz, 6251 MHz, 35.43 W, 78, 0 %, 0x0000000000000001
2026/09/29 21:30:35.309, 2040 MHz, 6251 MHz, 35.41 W, 78, 0 %, 0x0000000000000001
2026/09/29 21:30:35.409, 2040 MHz, 6251 MHz, 35.38 W, 78, 0 %, 0x0000000000000001
2026/09/29 21:30:35.509, 2040 MHz, 6251 MHz, 35.36 W, 78, 0 %, 0x0000000000000001
2026/09/29 21:30:35.609, 2040 MHz, 6251 MHz, 35.35 W, 78, 0 %, 0x0000000000000001
2026/09/29 21:30:35.709, 2040 MHz, 6251 MHz, 35.34 W, 78, 0 %, 0x0000000000000001
2026/09/29 21:30:35.809, 2040 MHz, 6251 MHz, 35.31 W, 78, 0 %, 0x0000000000000001
2026/09/29 21:30:35.910, 2040 MHz, 6251 MHz, 35.31 W, 78, 0 %, 0x0000000000000001
2026/09/29 21:30:36.010, 2040 MHz, 6251 MHz, 35.29 W, 78, 0 %, 0x0000000000000001
2026/09/29 21:30:36.110, 2040 MHz, 6251 MHz, 35.28 W, 78, 0 %, 0x0000000000000001
2026/09/29 21:30:36.210, 2040 MHz, 6251 MHz, 35.26 W, 78, 0 %, 0x0000000000000001
2026/09/29 21:30:36.310, 2040 MHz, 6251 MHz, 35.24 W, 78, 0 %, 0x0000000000000001
2026/09/29 21:30:36.410, 2040 MHz, 6251 MHz, 35.23 W, 78, 0 %, 0x0000000000000001
2026/09/29 21:30:36.510, 2040 MHz, 6251 MHz, 35.23 W, 78, 0 %, 0x0000000000000001
2026/09/29 21:30:36.610, 2040 MHz, 6251 MHz, 35.21 W, 78, 0 %, 0x0000000000000001
2026/09/29 21:30:36.710, 2040 MHz, 6251 MHz, 35.19 W, 78, 0 %, 0x0000000000000001
2026/09/29 21:30:36.811, 2040 MHz, 6251 MHz, 35.22 W, 78, 0 %, 0x0000000000000001
2026/09/29 21:30:36.911, 2040 MHz, 6251 MHz, 35.22 W, 78, 0 %, 0x0000000000000000
2026/09/29 21:30:37.011, 2040 MHz, 6251 MHz, 35.52 W, 78, 0 %, 0x0000000000000000
2026/09/29 21:30:37.111, 2040 MHz, 6251 MHz, 35.76 W, 78, 18 %, 0x0000000000000000
2026/09/29 21:30:37.211, 2040 MHz, 6251 MHz, 36.26 W, 78, 18 %, 0x0000000000000000
2026/09/29 21:30:37.311, 2010 MHz, 6251 MHz, 36.83 W, 79, 10 %, 0x0000000000000004
2026/09/29 21:30:37.411, 1950 MHz, 6251 MHz, 40.40 W, 79, 10 %, 0x0000000000000004
2026/09/29 21:30:37.511, 1950 MHz, 6251 MHz, 43.89 W, 80, 98 %, 0x0000000000000004
2026/09/29 21:30:37.612, 1965 MHz, 6251 MHz, 47.15 W, 80, 98 %, 0x0000000000000004
2026/09/29 21:30:37.712, 1890 MHz, 6251 MHz, 50.77 W, 80, 97 %, 0x0000000000000004
2026/09/29 21:30:37.812, 1950 MHz, 6251 MHz, 54.24 W, 80, 97 %, 0x0000000000000004
2026/09/29 21:30:37.912, 1980 MHz, 6251 MHz, 57.14 W, 80, 95 %, 0x0000000000000004
2026/09/29 21:30:38.012, 1890 MHz, 6251 MHz, 60.81 W, 80, 95 %, 0x0000000000000004
2026/09/29 21:30:38.112, 1830 MHz, 6251 MHz, 64.12 W, 80, 99 %, 0x0000000000000004
2026/09/29 21:30:38.212, 1875 MHz, 6251 MHz, 66.83 W, 80, 99 %, 0x0000000000000004
2026/09/29 21:30:38.312, 1785 MHz, 6251 MHz, 69.41 W, 80, 97 %, 0x0000000000000004
2026/09/29 21:30:38.412, 1920 MHz, 6251 MHz, 72.12 W, 80, 97 %, 0x0000000000000004
2026/09/29 21:30:38.513, 1950 MHz, 6251 MHz, 72.08 W, 80, 95 %, 0x0000000000000004
2026/09/29 21:30:38.613, 1920 MHz, 6251 MHz, 71.87 W, 80, 95 %, 0x0000000000000004
2026/09/29 21:30:38.713, 1950 MHz, 6251 MHz, 72.14 W, 80, 98 %, 0x0000000000000004
2026/09/29 21:30:38.813, 1980 MHz, 6251 MHz, 71.32 W, 80, 98 %, 0x0000000000000004
2026/09/29 21:30:38.913, 1905 MHz, 6251 MHz, 71.50 W, 80, 97 %, 0x0000000000000004
2026/09/29 21:30:39.013, 1920 MHz, 6251 MHz, 72.01 W, 80, 97 %, 0x0000000000000004
2026/09/29 21:30:39.113, 1935 MHz, 6251 MHz, 71.41 W, 80, 95 %, 0x0000000000000004
2026/09/29 21:30:39.213, 1860 MHz, 6251 MHz, 71.24 W, 80, 95 %, 0x0000000000000004
2026/09/29 21:30:39.314, 1905 MHz, 6251 MHz, 71.61 W, 80, 98 %, 0x0000000000000004
2026/09/29 21:30:39.414, 1920 MHz, 6251 MHz, 71.86 W, 80, 98 %, 0x0000000000000004
2026/09/29 21:30:39.514, 1875 MHz, 6251 MHz, 71.75 W, 80, 97 %, 0x0000000000000004
2026/09/29 21:30:39.614, 1995 MHz, 6251 MHz, 71.75 W, 80, 97 %, 0x0000000000000004
2026/09/29 21:30:39.714, 1965 MHz, 6251 MHz, 71.97 W, 80, 96 %, 0x0000000000000004
2026/09/29 21:30:39.814, 1935 MHz, 6251 MHz, 71.93 W, 80, 96 %, 0x0000000000000004
2026/09/29 21:30:39.914, 1980 MHz, 6251 MHz, 71.86 W, 80, 96 %, 0x0000000000000004
2026/09/29 21:30:40.014, 1905 MHz, 6251 MHz, 71.95 W, 80, 96 %, 0x0000000000000004
2026/09/29 21:30:40.114, 1860 MHz, 6251 MHz, 71.66 W, 80, 97 %, 0x0000000000000004
2026/09/29 21:30:40.215, 1905 MHz, 6251 MHz, 71.60 W, 80, 97 %, 0x0000000000000004
2026/09/29 21:30:40.315, 1905 MHz, 6251 MHz, 71.76 W, 80, 97 %, 0x0000000000000004
2026/09/29 21:30:40.415, 1890 MHz, 6251 MHz, 71.58 W, 80, 97 %, 0x0000000000000004
2026/09/29 21:30:40.515, 1950 MHz, 6251 MHz, 71.65 W, 80, 96 %, 0x0000000000000004
2026/09/29 21:30:40.615, 1920 MHz, 6251 MHz, 71.84 W, 80, 96 %, 0x0000000000000004
2026/09/29 21:30:40.715, 1980 MHz, 6251 MHz, 71.74 W, 80, 97 %, 0x0000000000000004
2026/09/29 21:30:40.815, 1965 MHz, 6251 MHz, 71.89 W, 80, 97 %, 0x0000000000000004
2026/09/29 21:30:40.915, 1950 MHz, 6251 MHz, 72.79 W, 80, 97 %, 0x0000000000000004
2026/09/29 21:30:41.016, 1920 MHz, 6251 MHz, 72.50 W, 80, 97 %, 0x0000000000000004
2026/09/29 21:30:41.116, 1890 MHz, 6251 MHz, 72.51 W, 80, 97 %, 0x0000000000000004
2026/09/29 21:30:41.216, 1875 MHz, 6251 MHz, 73.20 W, 80, 97 %, 0x0000000000000004
2026/09/29 21:30:41.316, 1875 MHz, 6251 MHz, 72.78 W, 80, 95 %, 0x0000000000000004
2026/09/29 21:30:41.416, 1875 MHz, 6251 MHz, 72.72 W, 80, 95 %, 0x0000000000000004
2026/09/29 21:30:41.516, 1920 MHz, 6251 MHz, 73.32 W, 80, 97 %, 0x0000000000000004
2026/09/29 21:30:41.616, 1950 MHz, 6251 MHz, 72.96 W, 80, 97 %, 0x0000000000000004
2026/09/29 21:30:41.716, 1950 MHz, 6251 MHz, 72.96 W, 80, 98 %, 0x0000000000000004
2026/09/29 21:30:41.816, 1935 MHz, 6251 MHz, 73.16 W, 80, 98 %, 0x0000000000000004
2026/09/29 21:30:41.917, 1965 MHz, 6251 MHz, 72.84 W, 80, 95 %, 0x0000000000000004
2026/09/29 21:30:42.017, 1830 MHz, 6251 MHz, 72.72 W, 80, 95 %, 0x0000000000000004
2026/09/29 21:30:42.117, 1875 MHz, 6251 MHz, 72.88 W, 80, 98 %, 0x0000000000000004
2026/09/29 21:30:42.217, 1980 MHz, 6251 MHz, 72.74 W, 80, 98 %, 0x0000000000000004
2026/09/29 21:30:42.317, 1815 MHz, 6251 MHz, 72.47 W, 80, 97 %, 0x0000000000000004
2026/09/29 21:30:42.417, 1875 MHz, 6251 MHz, 72.87 W, 80, 97 %, 0x0000000000000004
2026/09/29 21:30:42.517, 1935 MHz, 6251 MHz, 72.85 W, 80, 96 %, 0x0000000000000004
2026/09/29 21:30:42.617, 1830 MHz, 6251 MHz, 71.49 W, 80, 96 %, 0x0000000000000004
2026/09/29 21:30:42.718, 1920 MHz, 6251 MHz, 71.86 W, 80, 98 %, 0x0000000000000004
2026/09/29 21:30:42.818, 1980 MHz, 6251 MHz, 71.85 W, 80, 98 %, 0x0000000000000004
2026/09/29 21:30:42.918, 1905 MHz, 6251 MHz, 70.65 W, 81, 97 %, 0x0000000000000004
2026/09/29 21:30:43.018, 1905 MHz, 6251 MHz, 70.89 W, 80, 97 %, 0x0000000000000004
2026/09/29 21:30:43.118, 1950 MHz, 6251 MHz, 70.87 W, 80, 95 %, 0x0000000000000004
2026/09/29 21:30:43.218, 1890 MHz, 6251 MHz, 70.17 W, 80, 95 %, 0x0000000000000004
2026/09/29 21:30:43.318, 1860 MHz, 6251 MHz, 70.10 W, 80, 98 %, 0x0000000000000004
2026/09/29 21:30:43.418, 1920 MHz, 6251 MHz, 70.42 W, 80, 98 %, 0x0000000000000004
2026/09/29 21:30:43.518, 1920 MHz, 6251 MHz, 69.98 W, 80, 97 %, 0x0000000000000004
2026/09/29 21:30:43.619, 1875 MHz, 6251 MHz, 70.02 W, 80, 97 %, 0x0000000000000004
2026/09/29 21:30:43.719, 1950 MHz, 6251 MHz, 71.36 W, 80, 95 %, 0x0000000000000004
2026/09/29 21:30:43.819, 1950 MHz, 6251 MHz, 71.08 W, 81, 95 %, 0x0000000000000004
2026/09/29 21:30:43.919, 1920 MHz, 6251 MHz, 71.02 W, 81, 98 %, 0x0000000000000004
2026/09/29 21:30:44.019, 1950 MHz, 6251 MHz, 72.06 W, 80, 98 %, 0x0000000000000004
2026/09/29 21:30:44.119, 1965 MHz, 6251 MHz, 71.89 W, 81, 97 %, 0x0000000000000004
2026/09/29 21:30:44.219, 1890 MHz, 6251 MHz, 71.77 W, 81, 97 %, 0x0000000000000004
2026/09/29 21:30:44.319, 1875 MHz, 6251 MHz, 71.63 W, 80, 95 %, 0x0000000000000004
2026/09/29 21:30:44.420, 1905 MHz, 6251 MHz, 71.67 W, 81, 95 %, 0x0000000000000004
2026/09/29 21:30:44.520, 1875 MHz, 6251 MHz, 71.50 W, 80, 98 %, 0x0000000000000004
2026/09/29 21:30:44.620, 1875 MHz, 6251 MHz, 71.51 W, 80, 98 %, 0x0000000000000004
2026/09/29 21:30:44.720, 1965 MHz, 6251 MHz, 71.57 W, 81, 97 %, 0x0000000000000004
2026/09/29 21:30:44.820, 1875 MHz, 6251 MHz, 71.49 W, 81, 97 %, 0x0000000000000004
2026/09/29 21:30:44.920, 1950 MHz, 6251 MHz, 71.48 W, 80, 95 %, 0x0000000000000004
2026/09/29 21:30:45.020, 1950 MHz, 6251 MHz, 71.50 W, 81, 95 %, 0x0000000000000004
2026/09/29 21:30:45.120, 1905 MHz, 6251 MHz, 71.43 W, 81, 97 %, 0x0000000000000004
2026/09/29 21:30:45.220, 1965 MHz, 6251 MHz, 71.51 W, 81, 97 %, 0x0000000000000004
2026/09/29 21:30:45.321, 1950 MHz, 6251 MHz, 71.59 W, 81, 97 %, 0x0000000000000004
2026/09/29 21:30:45.421, 1860 MHz, 6251 MHz, 71.60 W, 81, 97 %, 0x0000000000000004
2026/09/29 21:30:45.521, 1905 MHz, 6251 MHz, 71.56 W, 81, 97 %, 0x0000000000000004
2026/09/29 21:30:45.621, 1905 MHz, 6251 MHz, 71.76 W, 81, 97 %, 0x0000000000000004
2026/09/29 21:30:45.721, 1875 MHz, 6251 MHz, 71.64 W, 80, 96 %, 0x0000000000000004
2026/09/29 21:30:45.821, 1905 MHz, 6251 MHz, 71.54 W, 81, 96 %, 0x0000000000000004
2026/09/29 21:30:45.921, 1935 MHz, 6251 MHz, 71.63 W, 81, 97 %, 0x0000000000000004
2026/09/29 21:30:46.021, 1905 MHz, 6251 MHz, 71.43 W, 81, 97 %, 0x0000000000000004
2026/09/29 21:30:46.122, 1965 MHz, 6251 MHz, 71.49 W, 81, 97 %, 0x0000000000000004
2026/09/29 21:30:46.222, 1920 MHz, 6251 MHz, 71.67 W, 80, 97 %, 0x0000000000000004
2026/09/29 21:30:46.322, 1965 MHz, 6251 MHz, 71.54 W, 81, 96 %, 0x0000000000000004
2026/09/29 21:30:46.422, 1950 MHz, 6251 MHz, 71.68 W, 81, 96 %, 0x0000000000000004
2026/09/29 21:30:46.522, 1890 MHz, 6251 MHz, 72.60 W, 80, 97 %, 0x0000000000000004
2026/09/29 21:30:46.622, 1920 MHz, 6251 MHz, 72.57 W, 81, 97 %, 0x0000000000000004
2026/09/29 21:30:46.722, 1905 MHz, 6251 MHz, 72.57 W, 81, 97 %, 0x0000000000000004
2026/09/29 21:30:46.822, 1875 MHz, 6251 MHz, 73.15 W, 81, 97 %, 0x0000000000000004
2026/09/29 21:30:46.922, 1905 MHz, 6251 MHz, 72.88 W, 81, 95 %, 0x0000000000000004
2026/09/29 21:30:47.023, 1875 MHz, 6251 MHz, 72.77 W, 81, 95 %, 0x0000000000000004
2026/09/29 21:30:47.123, 1920 MHz, 6251 MHz, 73.31 W, 81, 97 %, 0x0000000000000004
2026/09/29 21:30:47.223, 1950 MHz, 6251 MHz, 73.00 W, 81, 97 %, 0x0000000000000004
2026/09/29 21:30:47.323, 1920 MHz, 6251 MHz, 72.96 W, 81, 97 %, 0x0000000000000004
2026/09/29 21:30:47.423, 1905 MHz, 6251 MHz, 73.15 W, 81, 97 %, 0x0000000000000004
2026/09/29 21:30:47.523, 1935 MHz, 6251 MHz, 72.86 W, 81, 95 %, 0x0000000000000004
2026/09/29 21:30:47.623, 1830 MHz, 6251 MHz, 72.83 W, 80, 95 %, 0x0000000000000004
2026/09/29 21:30:47.723, 1875 MHz, 6251 MHz, 72.94 W, 81, 98 %, 0x0000000000000004
2026/09/29 21:30:47.824, 1965 MHz, 6251 MHz, 72.89 W, 81, 98 %, 0x0000000000000004
2026/09/29 21:30:47.924, 2010 MHz, 6251 MHz, 69.47 W, 80, 25 %, 0x0000000000000004
2026/09/29 21:30:48.024, 1815 MHz, 6251 MHz, 69.78 W, 81, 25 %, 0x0000000000000004
2026/09/29 21:30:48.124, 1920 MHz, 6251 MHz, 69.93 W, 81, 98 %, 0x0000000000000004
2026/09/29 21:30:48.224, 1905 MHz, 6251 MHz, 69.90 W, 81, 98 %, 0x0000000000000004
2026/09/29 21:30:48.324, 1905 MHz, 6251 MHz, 70.18 W, 81, 98 %, 0x0000000000000004
2026/09/29 21:30:48.424, 1905 MHz, 6251 MHz, 70.12 W, 81, 98 %, 0x0000000000000004
2026/09/29 21:30:48.524, 1905 MHz, 6251 MHz, 70.17 W, 81, 98 %, 0x0000000000000004
2026/09/29 21:30:48.624, 1905 MHz, 6251 MHz, 70.33 W, 81, 98 %, 0x0000000000000004
2026/09/29 21:30:48.724, 1905 MHz, 6251 MHz, 70.43 W, 81, 98 %, 0x0000000000000004
2026/09/29 21:30:48.825, 1785 MHz, 6251 MHz, 70.25 W, 81, 98 %, 0x0000000000000004
2026/09/29 21:30:48.925, 1755 MHz, 6251 MHz, 69.93 W, 81, 98 %, 0x0000000000000004
2026/09/29 21:30:49.025, 1725 MHz, 6251 MHz, 72.99 W, 81, 98 %, 0x0000000000000004
2026/09/29 21:30:49.125, 1680 MHz, 6251 MHz, 72.64 W, 81, 100 %, 0x0000000000000004
2026/09/29 21:30:49.225, 1890 MHz, 6251 MHz, 72.37 W, 81, 100 %, 0x0000000000000004
2026/09/29 21:30:49.325, 1965 MHz, 6251 MHz, 72.32 W, 81, 100 %, 0x0000000000000004
2026/09/29 21:30:49.425, 1995 MHz, 6251 MHz, 72.24 W, 81, 100 %, 0x0000000000000004
2026/09/29 21:30:49.525, 1965 MHz, 6251 MHz, 72.17 W, 81, 100 %, 0x0000000000000004
2026/09/29 21:30:49.625, 1965 MHz, 6251 MHz, 70.98 W, 81, 100 %, 0x0000000000000004
2026/09/29 21:30:49.726, 2025 MHz, 6251 MHz, 67.51 W, 80, 11 %, 0x0000000000000004
2026/09/29 21:30:49.826, 2025 MHz, 6251 MHz, 63.93 W, 79, 11 %, 0x0000000000000004
2026/09/29 21:30:49.926, 2025 MHz, 6251 MHz, 60.72 W, 79, 0 %, 0x0000000000000004
2026/09/29 21:30:50.026, 2040 MHz, 6251 MHz, 57.58 W, 79, 0 %, 0x0000000000000000
2026/09/29 21:30:50.126, 2040 MHz, 6251 MHz, 54.86 W, 79, 2 %, 0x0000000000000000
2026/09/29 21:30:50.226, 1275 MHz, 6251 MHz, 55.21 W, 82, 2 %, 0x0000000000000004
2026/09/29 21:30:50.326, 1305 MHz, 6251 MHz, 55.28 W, 82, 100 %, 0x0000000000000004
2026/09/29 21:30:50.426, 1305 MHz, 6251 MHz, 55.21 W, 82, 100 %, 0x0000000000000004
2026/09/29 21:30:50.526, 1305 MHz, 6251 MHz, 55.21 W, 82, 100 %, 0x0000000000000004
2026/09/29 21:30:50.627, 1320 MHz, 6251 MHz, 55.24 W, 82, 100 %, 0x0000000000000004
2026/09/29 21:30:50.727, 1305 MHz, 6251 MHz, 56.35 W, 82, 100 %, 0x0000000000000004
2026/09/29 21:30:50.827, 1305 MHz, 6251 MHz, 59.65 W, 82, 100 %, 0x0000000000000004
2026/09/29 21:30:50.927, 1320 MHz, 6251 MHz, 63.19 W, 83, 100 %, 0x0000000000000004
2026/09/29 21:30:51.027, 1230 MHz, 6251 MHz, 66.21 W, 82, 100 %, 0x0000000000000004
2026/09/29 21:30:51.127, 1260 MHz, 6251 MHz, 69.32 W, 82, 99 %, 0x0000000000000004
2026/09/29 21:30:51.227, 1260 MHz, 6251 MHz, 72.29 W, 82, 99 %, 0x0000000000000004
2026/09/29 21:30:51.327, 1290 MHz, 6251 MHz, 72.13 W, 82, 99 %, 0x0000000000000004
2026/09/29 21:30:51.427, 1290 MHz, 6251 MHz, 72.08 W, 82, 99 %, 0x0000000000000004
2026/09/29 21:30:51.527, 1290 MHz, 6251 MHz, 71.98 W, 82, 99 %, 0x0000000000000004
2026/09/29 21:30:51.628, 1305 MHz, 6251 MHz, 72.02 W, 83, 99 %, 0x0000000000000004
2026/09/29 21:30:51.728, 1290 MHz, 6251 MHz, 71.94 W, 83, 100 %, 0x0000000000000004
2026/09/29 21:30:51.828, 1935 MHz, 6251 MHz, 68.35 W, 81, 100 %, 0x0000000000000004
2026/09/29 21:30:51.928, 1515 MHz, 6251 MHz, 70.57 W, 80, 35 %, 0x0000000000000004
2026/09/29 21:30:52.028, 1095 MHz, 6251 MHz, 70.40 W, 82, 35 %, 0x0000000000000004
2026/09/29 21:30:52.128, 1125 MHz, 6251 MHz, 70.84 W, 82, 100 %, 0x0000000000000004
2026/09/29 21:30:52.228, 1140 MHz, 6251 MHz, 71.17 W, 82, 100 %, 0x0000000000000004
2026/09/29 21:30:52.328, 1155 MHz, 6251 MHz, 71.52 W, 82, 99 %, 0x0000000000000004
2026/09/29 21:30:52.428, 1140 MHz, 6251 MHz, 71.87 W, 82, 99 %, 0x0000000000000004
2026/09/29 21:30:52.529, 1110 MHz, 6251 MHz, 71.94 W, 82, 99 %, 0x0000000000000004
2026/09/29 21:30:52.629, 1095 MHz, 6251 MHz, 72.08 W, 82, 99 %, 0x0000000000000004
2026/09/29 21:30:52.729, 990 MHz, 6251 MHz, 71.74 W, 82, 99 %, 0x0000000000000004
2026/09/29 21:30:52.829, 990 MHz, 6251 MHz, 71.44 W, 82, 99 %, 0x0000000000000004
2026/09/29 21:30:52.929, 975 MHz, 6251 MHz, 74.74 W, 82, 100 %, 0x0000000000000004
2026/09/29 21:30:53.029, 1005 MHz, 6251 MHz, 72.30 W, 82, 100 %, 0x0000000000000004
2026/09/29 21:30:53.129, 1080 MHz, 6251 MHz, 72.24 W, 82, 100 %, 0x0000000000000004
2026/09/29 21:30:53.229, 1125 MHz, 6251 MHz, 72.14 W, 82, 100 %, 0x0000000000000004
2026/09/29 21:30:53.329, 1140 MHz, 6251 MHz, 72.24 W, 82, 100 %, 0x0000000000000004
2026/09/29 21:30:53.430, 1680 MHz, 6251 MHz, 72.67 W, 82, 100 %, 0x0000000000000004
2026/09/29 21:30:53.530, 1275 MHz, 6251 MHz, 72.51 W, 83, 100 %, 0x0000000000000004
2026/09/29 21:30:53.630, 1275 MHz, 6251 MHz, 72.62 W, 83, 100 %, 0x0000000000000004
2026/09/29 21:30:53.730, 1245 MHz, 6251 MHz, 72.51 W, 82, 100 %, 0x0000000000000004
2026/09/29 21:30:53.830, 1230 MHz, 6251 MHz, 72.64 W, 82, 100 %, 0x0000000000000004
2026/09/29 21:30:53.930, 1230 MHz, 6251 MHz, 72.47 W, 82, 99 %, 0x0000000000000004
2026/09/29 21:30:54.030, 1230 MHz, 6251 MHz, 72.54 W, 82, 99 %, 0x0000000000000004
2026/09/29 21:30:54.130, 1245 MHz, 6251 MHz, 72.82 W, 82, 100 %, 0x0000000000000004
2026/09/29 21:30:54.230, 1275 MHz, 6251 MHz, 72.97 W, 82, 100 %, 0x0000000000000004
2026/09/29 21:30:54.330, 1215 MHz, 6251 MHz, 72.75 W, 82, 100 %, 0x0000000000000004
2026/09/29 21:30:54.431, 1275 MHz, 6251 MHz, 72.56 W, 82, 100 %, 0x0000000000000004
2026/09/29 21:30:54.531, 1275 MHz, 6251 MHz, 71.90 W, 83, 100 %, 0x0000000000000004
2026/09/29 21:30:54.631, 1275 MHz, 6251 MHz, 71.96 W, 83, 100 %, 0x0000000000000004
2026/09/29 21:30:54.731, 1260 MHz, 6251 MHz, 71.82 W, 82, 99 %, 0x0000000000000004
2026/09/29 21:30:54.831, 1230 MHz, 6251 MHz, 71.72 W, 82, 99 %, 0x0000000000000004
2026/09/29 21:30:54.931, 1230 MHz, 6251 MHz, 71.48 W, 82, 99 %, 0x0000000000000004
2026/09/29 21:30:55.031, 1245 MHz, 6251 MHz, 71.83 W, 82, 99 %, 0x0000000000000004
2026/09/29 21:30:55.131, 1245 MHz, 6251 MHz, 71.85 W, 82, 100 %, 0x0000000000000004
2026/09/29 21:30:55.231, 1230 MHz, 6251 MHz, 73.30 W, 81, 100 %, 0x0000000000000004
2026/09/29 21:30:55.331, 990 MHz, 6251 MHz, 73.07 W, 82, 100 %, 0x0000000000000004
2026/09/29 21:30:55.432, 1050 MHz, 6251 MHz, 73.35 W, 82, 100 %, 0x0000000000000004
2026/09/29 21:30:55.532, 1065 MHz, 6251 MHz, 73.45 W, 82, 100 %, 0x0000000000000004
2026/09/29 21:30:55.632, 1020 MHz, 6251 MHz, 73.34 W, 82, 100 %, 0x0000000000000004
2026/09/29 21:30:55.732, 1020 MHz, 6251 MHz, 73.22 W, 82, 99 %, 0x0000000000000004
2026/09/29 21:30:55.832, 1005 MHz, 6251 MHz, 73.06 W, 82, 99 %, 0x0000000000000004
2026/09/29 21:30:55.932, 960 MHz, 6251 MHz, 72.92 W, 81, 99 %, 0x0000000000000004
2026/09/29 21:30:56.032, 990 MHz, 6251 MHz, 73.17 W, 81, 99 %, 0x0000000000000004
2026/09/29 21:30:56.132, 1035 MHz, 6251 MHz, 73.15 W, 81, 100 %, 0x0000000000000004
2026/09/29 21:30:56.232, 1005 MHz, 6251 MHz, 73.22 W, 81, 100 %, 0x0000000000000004
2026/09/29 21:30:56.332, 1020 MHz, 6251 MHz, 71.71 W, 81, 100 %, 0x0000000000000004
2026/09/29 21:30:56.432, 1035 MHz, 6251 MHz, 71.84 W, 81, 100 %, 0x0000000000000004
2026/09/29 21:30:56.533, 1035 MHz, 6251 MHz, 71.86 W, 81, 99 %, 0x0000000000000004
2026/09/29 21:30:56.633, 1035 MHz, 6251 MHz, 71.82 W, 81, 99 %, 0x0000000000000004
2026/09/29 21:30:56.733, 1005 MHz, 6251 MHz, 71.83 W, 81, 99 %, 0x0000000000000004
2026/09/29 21:30:56.833, 975 MHz, 6251 MHz, 71.71 W, 81, 99 %, 0x0000000000000004
2026/09/29 21:30:56.933, 990 MHz, 6251 MHz, 71.74 W, 81, 100 %, 0x0000000000000004
2026/09/29 21:30:57.033, 1320 MHz, 6251 MHz, 72.40 W, 81, 100 %, 0x0000000000000004
2026/09/29 21:30:57.133, 1275 MHz, 6251 MHz, 72.40 W, 82, 100 %, 0x0000000000000004
2026/09/29 21:30:57.233, 1275 MHz, 6251 MHz, 72.54 W, 82, 100 %, 0x0000000000000004
2026/09/29 21:30:57.333, 1305 MHz, 6251 MHz, 72.55 W, 82, 100 %, 0x0000000000000004
2026/09/29 21:30:57.433, 1290 MHz, 6251 MHz, 72.61 W, 82, 100 %, 0x0000000000000004
2026/09/29 21:30:57.534, 1275 MHz, 6251 MHz, 72.64 W, 82, 100 %, 0x0000000000000004
2026/09/29 21:30:57.634, 1305 MHz, 6251 MHz, 72.58 W, 82, 100 %, 0x0000000000000004
2026/09/29 21:30:57.734, 1260 MHz, 6251 MHz, 72.46 W, 82, 100 %, 0x0000000000000004
2026/09/29 21:30:57.834, 1230 MHz, 6251 MHz, 72.40 W, 82, 100 %, 0x0000000000000004
2026/09/29 21:30:57.934, 1275 MHz, 6251 MHz, 72.13 W, 82, 99 %, 0x0000000000000004
2026/09/29 21:30:58.034, 1275 MHz, 6251 MHz, 72.19 W, 82, 99 %, 0x0000000000000004
2026/09/29 21:30:58.134, 1275 MHz, 6251 MHz, 71.71 W, 82, 100 %, 0x0000000000000004
2026/09/29 21:30:58.234, 1275 MHz, 6251 MHz, 71.69 W, 82, 100 %, 0x0000000000000004
2026/09/29 21:30:58.334, 1305 MHz, 6251 MHz, 71.86 W, 82, 100 %, 0x0000000000000004
2026/09/29 21:30:58.435, 1290 MHz, 6251 MHz, 71.77 W, 82, 100 %, 0x0000000000000004
2026/09/29 21:30:58.535, 1275 MHz, 6251 MHz, 71.82 W, 82, 100 %, 0x0000000000000004
2026/09/29 21:30:58.635, 1290 MHz, 6251 MHz, 71.86 W, 82, 100 %, 0x0000000000000004
2026/09/29 21:30:58.735, 1275 MHz, 6251 MHz, 71.88 W, 82, 100 %, 0x0000000000000004
2026/09/29 21:30:58.835, 1260 MHz, 6251 MHz, 71.73 W, 82, 100 %, 0x0000000000000004
2026/09/29 21:30:58.935, 1290 MHz, 6251 MHz, 71.85 W, 81, 99 %, 0x0000000000000004
2026/09/29 21:30:59.035, 1275 MHz, 6251 MHz, 72.08 W, 82, 99 %, 0x0000000000000004
2026/09/29 21:30:59.135, 1260 MHz, 6251 MHz, 72.11 W, 82, 100 %, 0x0000000000000004
2026/09/29 21:30:59.235, 1230 MHz, 6251 MHz, 73.63 W, 82, 100 %, 0x0000000000000004
2026/09/29 21:30:59.335, 1080 MHz, 6251 MHz, 73.59 W, 81, 100 %, 0x0000000000000004
2026/09/29 21:30:59.436, 990 MHz, 6251 MHz, 73.60 W, 81, 100 %, 0x0000000000000004
2026/09/29 21:30:59.536, 1020 MHz, 6251 MHz, 73.51 W, 81, 100 %, 0x0000000000000004
2026/09/29 21:30:59.636, 1050 MHz, 6251 MHz, 73.28 W, 81, 100 %, 0x0000000000000004
2026/09/29 21:30:59.736, 990 MHz, 6251 MHz, 73.20 W, 81, 100 %, 0x0000000000000004
2026/09/29 21:30:59.836, 1050 MHz, 6251 MHz, 73.07 W, 81, 100 %, 0x0000000000000004
2026/09/29 21:30:59.936, 1035 MHz, 6251 MHz, 73.22 W, 81, 100 %, 0x0000000000000004
2026/09/29 21:31:00.036, 1020 MHz, 6251 MHz, 73.10 W, 81, 100 %, 0x0000000000000004
2026/09/29 21:31:00.136, 1080 MHz, 6251 MHz, 73.07 W, 81, 99 %, 0x0000000000000004
2026/09/29 21:31:00.236, 1095 MHz, 6251 MHz, 73.19 W, 81, 99 %, 0x0000000000000004
2026/09/29 21:31:00.336, 1050 MHz, 6251 MHz, 71.85 W, 81, 100 %, 0x0000000000000004
2026/09/29 21:31:00.437, 1020 MHz, 6251 MHz, 71.98 W, 81, 100 %, 0x0000000000000004
2026/09/29 21:31:00.537, 1050 MHz, 6251 MHz, 71.71 W, 81, 100 %, 0x0000000000000004
2026/09/29 21:31:00.637, 1035 MHz, 6251 MHz, 71.93 W, 80, 100 %, 0x0000000000000004
2026/09/29 21:31:00.737, 1005 MHz, 6251 MHz, 71.88 W, 81, 99 %, 0x0000000000000004
2026/09/29 21:31:00.837, 1035 MHz, 6251 MHz, 71.88 W, 80, 99 %, 0x0000000000000004
2026/09/29 21:31:00.937, 1020 MHz, 6251 MHz, 71.86 W, 80, 100 %, 0x0000000000000004
2026/09/29 21:31:01.037, 1065 MHz, 6251 MHz, 71.75 W, 81, 100 %, 0x0000000000000004
2026/09/29 21:31:01.137, 1065 MHz, 6251 MHz, 71.98 W, 80, 100 %, 0x0000000000000004
2026/09/29 21:31:01.237, 1395 MHz, 6251 MHz, 72.72 W, 80, 75 %, 0x0000000000000004
2026/09/29 21:31:01.337, 1275 MHz, 6251 MHz, 72.69 W, 81, 75 %, 0x0000000000000004
2026/09/29 21:31:01.438, 1260 MHz, 6251 MHz, 72.73 W, 81, 100 %, 0x0000000000000004
2026/09/29 21:31:01.538, 1245 MHz, 6251 MHz, 72.94 W, 81, 100 %, 0x0000000000000004
2026/09/29 21:31:01.638, 1275 MHz, 6251 MHz, 72.64 W, 81, 100 %, 0x0000000000000004
2026/09/29 21:31:01.738, 1245 MHz, 6251 MHz, 72.70 W, 81, 100 %, 0x0000000000000004
2026/09/29 21:31:01.838, 1245 MHz, 6251 MHz, 72.70 W, 81, 100 %, 0x0000000000000004
2026/09/29 21:31:01.938, 1245 MHz, 6251 MHz, 72.65 W, 81, 100 %, 0x0000000000000004
2026/09/29 21:31:02.038, 1275 MHz, 6251 MHz, 72.74 W, 81, 99 %, 0x0000000000000004
2026/09/29 21:31:02.138, 1245 MHz, 6251 MHz, 72.84 W, 81, 99 %, 0x0000000000000004
2026/09/29 21:31:02.238, 1275 MHz, 6251 MHz, 72.74 W, 81, 100 %, 0x0000000000000004
2026/09/29 21:31:02.338, 1260 MHz, 6251 MHz, 71.88 W, 81, 100 %, 0x0000000000000004
2026/09/29 21:31:02.439, 1305 MHz, 6251 MHz, 71.89 W, 80, 99 %, 0x0000000000000004
2026/09/29 21:31:02.539, 1260 MHz, 6251 MHz, 71.80 W, 81, 99 %, 0x0000000000000004
2026/09/29 21:31:02.639, 1260 MHz, 6251 MHz, 71.67 W, 81, 100 %, 0x0000000000000004
2026/09/29 21:31:02.739, 1245 MHz, 6251 MHz, 71.88 W, 81, 100 %, 0x0000000000000004
2026/09/29 21:31:02.839, 1260 MHz, 6251 MHz, 72.01 W, 81, 99 %, 0x0000000000000004
2026/09/29 21:31:02.939, 1245 MHz, 6251 MHz, 72.02 W, 81, 99 %, 0x0000000000000004
2026/09/29 21:31:03.039, 1245 MHz, 6251 MHz, 71.93 W, 81, 100 %, 0x0000000000000004
2026/09/29 21:31:03.139, 1260 MHz, 6251 MHz, 71.92 W, 81, 100 %, 0x0000000000000004
2026/09/29 21:31:03.239, 1260 MHz, 6251 MHz, 72.18 W, 81, 99 %, 0x0000000000000004
2026/09/29 21:31:03.339, 1260 MHz, 6251 MHz, 72.23 W, 81, 99 %, 0x0000000000000004
2026/09/29 21:31:03.440, 1260 MHz, 6251 MHz, 72.38 W, 81, 100 %, 0x0000000000000004
2026/09/29 21:31:03.540, 1260 MHz, 6251 MHz, 72.21 W, 81, 100 %, 0x0000000000000004
2026/09/29 21:31:03.640, 1260 MHz, 6251 MHz, 72.36 W, 81, 99 %, 0x0000000000000004
2026/09/29 21:31:03.740, 1260 MHz, 6251 MHz, 72.36 W, 81, 99 %, 0x0000000000000004
2026/09/29 21:31:03.840, 1245 MHz, 6251 MHz, 72.34 W, 81, 100 %, 0x0000000000000004
2026/09/29 21:31:03.940, 1440 MHz, 6251 MHz, 71.83 W, 81, 100 %, 0x0000000000000004
2026/09/29 21:31:04.040, 960 MHz, 6251 MHz, 72.07 W, 81, 80 %, 0x0000000000000004
2026/09/29 21:31:04.140, 1020 MHz, 6251 MHz, 72.18 W, 80, 80 %, 0x0000000000000004
2026/09/29 21:31:04.240, 1035 MHz, 6251 MHz, 72.26 W, 80, 100 %, 0x0000000000000004
2026/09/29 21:31:04.341, 1035 MHz, 6251 MHz, 72.16 W, 80, 100 %, 0x0000000000000004
2026/09/29 21:31:04.441, 1020 MHz, 6251 MHz, 72.10 W, 80, 100 %, 0x0000000000000004
2026/09/29 21:31:04.541, 1035 MHz, 6251 MHz, 71.90 W, 80, 100 %, 0x0000000000000004
2026/09/29 21:31:04.641, 1035 MHz, 6251 MHz, 72.00 W, 80, 100 %, 0x0000000000000004
2026/09/29 21:31:04.741, 1005 MHz, 6251 MHz, 71.85 W, 80, 100 %, 0x0000000000000004
2026/09/29 21:31:04.841, 915 MHz, 6251 MHz, 71.67 W, 80, 100 %, 0x0000000000000004
2026/09/29 21:31:04.941, 1020 MHz, 6251 MHz, 71.69 W, 80, 100 %, 0x0000000000000004
2026/09/29 21:31:05.041, 1035 MHz, 6251 MHz, 72.14 W, 80, 99 %, 0x0000000000000004
2026/09/29 21:31:05.141, 1035 MHz, 6251 MHz, 71.99 W, 80, 99 %, 0x0000000000000004
2026/09/29 21:31:05.242, 1020 MHz, 6251 MHz, 72.01 W, 80, 100 %, 0x0000000000000004
2026/09/29 21:31:05.342, 1035 MHz, 6251 MHz, 72.10 W, 80, 100 %, 0x0000000000000004
2026/09/29 21:31:05.442, 1050 MHz, 6251 MHz, 72.08 W, 80, 99 %, 0x0000000000000004
2026/09/29 21:31:05.542, 1020 MHz, 6251 MHz, 72.03 W, 80, 99 %, 0x0000000000000004
2026/09/29 21:31:05.642, 1035 MHz, 6251 MHz, 72.15 W, 80, 100 %, 0x0000000000000004
2026/09/29 21:31:05.742, 1020 MHz, 6251 MHz, 72.06 W, 80, 100 %, 0x0000000000000004
2026/09/29 21:31:05.842, 1005 MHz, 6251 MHz, 71.96 W, 80, 100 %, 0x0000000000000004
2026/09/29 21:31:05.942, 1020 MHz, 6251 MHz, 72.04 W, 80, 100 %, 0x0000000000000004
2026/09/29 21:31:06.042, 1020 MHz, 6251 MHz, 72.10 W, 80, 100 %, 0x0000000000000004
2026/09/29 21:31:06.143, 1065 MHz, 6251 MHz, 72.11 W, 80, 100 %, 0x0000000000000004
2026/09/29 21:31:06.243, 1020 MHz, 6251 MHz, 72.07 W, 80, 100 %, 0x0000000000000004
2026/09/29 21:31:06.343, 1035 MHz, 6251 MHz, 72.13 W, 80, 100 %, 0x0000000000000004
2026/09/29 21:31:06.443, 1440 MHz, 6251 MHz, 72.37 W, 80, 76 %, 0x0000000000000004
2026/09/29 21:31:06.543, 1320 MHz, 6251 MHz, 72.58 W, 81, 76 %, 0x0000000000000004
2026/09/29 21:31:06.643, 1245 MHz, 6251 MHz, 72.67 W, 80, 100 %, 0x0000000000000004
2026/09/29 21:31:06.743, 1260 MHz, 6251 MHz, 72.54 W, 80, 100 %, 0x0000000000000004
2026/09/29 21:31:06.843, 1245 MHz, 6251 MHz, 72.57 W, 80, 100 %, 0x0000000000000004
2026/09/29 21:31:06.943, 1275 MHz, 6251 MHz, 72.85 W, 80, 100 %, 0x0000000000000004
2026/09/29 21:31:07.044, 1260 MHz, 6251 MHz, 72.84 W, 80, 100 %, 0x0000000000000004
2026/09/29 21:31:07.144, 1275 MHz, 6251 MHz, 72.78 W, 80, 100 %, 0x0000000000000004
2026/09/29 21:31:07.244, 1260 MHz, 6251 MHz, 72.73 W, 80, 100 %, 0x0000000000000004
2026/09/29 21:31:07.344, 1275 MHz, 6251 MHz, 72.16 W, 80, 100 %, 0x0000000000000004
2026/09/29 21:31:07.444, 1305 MHz, 6251 MHz, 72.31 W, 80, 100 %, 0x0000000000000004
2026/09/29 21:31:07.544, 1290 MHz, 6251 MHz, 72.03 W, 80, 100 %, 0x0000000000000004
2026/09/29 21:31:07.644, 1260 MHz, 6251 MHz, 71.80 W, 80, 100 %, 0x0000000000000004
2026/09/29 21:31:07.744, 1260 MHz, 6251 MHz, 71.82 W, 80, 100 %, 0x0000000000000004
2026/09/29 21:31:07.844, 1290 MHz, 6251 MHz, 72.05 W, 80, 99 %, 0x0000000000000004
2026/09/29 21:31:07.944, 1245 MHz, 6251 MHz, 71.98 W, 80, 99 %, 0x0000000000000004
2026/09/29 21:31:08.045, 1260 MHz, 6251 MHz, 71.80 W, 80, 100 %, 0x0000000000000004
2026/09/29 21:31:08.145, 1260 MHz, 6251 MHz, 71.97 W, 80, 100 %, 0x0000000000000004
2026/09/29 21:31:08.245, 1245 MHz, 6251 MHz, 71.67 W, 80, 99 %, 0x0000000000000004
2026/09/29 21:31:08.345, 1275 MHz, 6251 MHz, 71.68 W, 80, 99 %, 0x0000000000000004
2026/09/29 21:31:08.445, 1275 MHz, 6251 MHz, 72.20 W, 80, 100 %, 0x0000000000000004
2026/09/29 21:31:08.545, 1290 MHz, 6251 MHz, 72.10 W, 80, 100 %, 0x0000000000000004
2026/09/29 21:31:08.645, 1260 MHz, 6251 MHz, 72.21 W, 80, 100 %, 0x0000000000000004
2026/09/29 21:31:08.745, 1275 MHz, 6251 MHz, 72.28 W, 80, 100 %, 0x0000000000000004
2026/09/29 21:31:08.845, 1260 MHz, 6251 MHz, 72.24 W, 80, 100 %, 0x0000000000000004
2026/09/29 21:31:08.946, 1260 MHz, 6251 MHz, 72.05 W, 80, 100 %, 0x0000000000000004
2026/09/29 21:31:09.046, 1245 MHz, 6251 MHz, 72.09 W, 80, 100 %, 0x0000000000000004
2026/09/29 21:31:09.146, 1275 MHz, 6251 MHz, 71.98 W, 80, 100 %, 0x0000000000000004
2026/09/29 21:31:09.246, 1245 MHz, 6251 MHz, 71.84 W, 80, 100 %, 0x0000000000000004
2026/09/29 21:31:09.346, 1260 MHz, 6251 MHz, 72.12 W, 80, 100 %, 0x0000000000000004
2026/09/29 21:31:09.446, 1275 MHz, 6251 MHz, 72.15 W, 80, 100 %, 0x0000000000000004
2026/09/29 21:31:09.546, 1290 MHz, 6251 MHz, 72.25 W, 80, 100 %, 0x0000000000000004
2026/09/29 21:31:09.646, 1095 MHz, 6251 MHz, 72.49 W, 80, 75 %, 0x0000000000000004
2026/09/29 21:31:09.746, 1125 MHz, 6251 MHz, 72.25 W, 80, 75 %, 0x0000000000000004
2026/09/29 21:31:09.846, 1140 MHz, 6251 MHz, 72.20 W, 80, 100 %, 0x0000000000000004
2026/09/29 21:31:09.947, 1140 MHz, 6251 MHz, 72.29 W, 80, 100 %, 0x0000000000000004
2026/09/29 21:31:10.047, 1110 MHz, 6251 MHz, 72.27 W, 80, 100 %, 0x0000000000000004
2026/09/29 21:31:10.147, 1125 MHz, 6251 MHz, 72.24 W, 80, 100 %, 0x0000000000000004
2026/09/29 21:31:10.247, 1125 MHz, 6251 MHz, 72.29 W, 80, 100 %, 0x0000000000000004
2026/09/29 21:31:10.347, 1110 MHz, 6251 MHz, 72.27 W, 79, 100 %, 0x0000000000000004
2026/09/29 21:31:10.447, 1035 MHz, 6251 MHz, 72.19 W, 79, 100 %, 0x0000000000000004
2026/09/29 21:31:10.547, 1125 MHz, 6251 MHz, 72.24 W, 79, 100 %, 0x0000000000000004
2026/09/29 21:31:10.647, 1110 MHz, 6251 MHz, 72.26 W, 80, 100 %, 0x0000000000000004
2026/09/29 21:31:10.747, 1155 MHz, 6251 MHz, 71.90 W, 79, 100 %, 0x0000000000000004
2026/09/29 21:31:10.847, 1140 MHz, 6251 MHz, 72.02 W, 80, 100 %, 0x0000000000000004
2026/09/29 21:31:10.948, 1095 MHz, 6251 MHz, 72.01 W, 80, 100 %, 0x0000000000000004
2026/09/29 21:31:11.048, 1095 MHz, 6251 MHz, 71.92 W, 79, 100 %, 0x0000000000000004
2026/09/29 21:31:11.148, 1110 MHz, 6251 MHz, 71.94 W, 79, 100 %, 0x0000000000000004
2026/09/29 21:31:11.248, 1110 MHz, 6251 MHz, 71.94 W, 79, 100 %, 0x0000000000000004
2026/09/29 21:31:11.348, 1080 MHz, 6251 MHz, 72.01 W, 79, 100 %, 0x0000000000000004
2026/09/29 21:31:11.448, 1110 MHz, 6251 MHz, 72.04 W, 79, 100 %, 0x0000000000000004
2026/09/29 21:31:11.548, 1140 MHz, 6251 MHz, 72.26 W, 79, 100 %, 0x0000000000000004
2026/09/29 21:31:11.648, 1110 MHz, 6251 MHz, 72.23 W, 79, 100 %, 0x0000000000000004
2026/09/29 21:31:11.748, 1140 MHz, 6251 MHz, 72.23 W, 80, 100 %, 0x0000000000000004
2026/09/29 21:31:11.848, 1095 MHz, 6251 MHz, 72.32 W, 79, 100 %, 0x0000000000000004
2026/09/29 21:31:11.949, 1125 MHz, 6251 MHz, 72.33 W, 79, 100 %, 0x0000000000000004
2026/09/29 21:31:12.049, 1125 MHz, 6251 MHz, 72.16 W, 80, 100 %, 0x0000000000000004
2026/09/29 21:31:12.149, 1110 MHz, 6251 MHz, 72.17 W, 79, 100 %, 0x0000000000000004
2026/09/29 21:31:12.249, 1125 MHz, 6251 MHz, 72.09 W, 79, 100 %, 0x0000000000000004
2026/09/29 21:31:12.349, 1320 MHz, 6251 MHz, 73.02 W, 78, 100 %, 0x0000000000000004
2026/09/29 21:31:12.449, 1275 MHz, 6251 MHz, 73.01 W, 80, 100 %, 0x0000000000000004
2026/09/29 21:31:12.549, 1290 MHz, 6251 MHz, 73.23 W, 80, 100 %, 0x0000000000000004
2026/09/29 21:31:12.649, 1275 MHz, 6251 MHz, 73.15 W, 80, 100 %, 0x0000000000000004
2026/09/29 21:31:12.749, 1275 MHz, 6251 MHz, 73.21 W, 80, 100 %, 0x0000000000000004
2026/09/29 21:31:12.849, 1290 MHz, 6251 MHz, 73.00 W, 80, 100 %, 0x0000000000000004
2026/09/29 21:31:12.950, 1260 MHz, 6251 MHz, 72.82 W, 80, 100 %, 0x0000000000000004
2026/09/29 21:31:13.050, 1290 MHz, 6251 MHz, 72.64 W, 80, 100 %, 0x0000000000000004
2026/09/29 21:31:13.150, 1230 MHz, 6251 MHz, 72.70 W, 80, 100 %, 0x0000000000000004
2026/09/29 21:31:13.250, 1275 MHz, 6251 MHz, 72.57 W, 80, 100 %, 0x0000000000000004
2026/09/29 21:31:13.350, 1305 MHz, 6251 MHz, 72.65 W, 80, 100 %, 0x0000000000000004
2026/09/29 21:31:13.450, 1290 MHz, 6251 MHz, 71.99 W, 80, 100 %, 0x0000000000000004
2026/09/29 21:31:13.550, 1290 MHz, 6251 MHz, 71.86 W, 80, 100 %, 0x0000000000000004
2026/09/29 21:31:13.650, 1290 MHz, 6251 MHz, 71.75 W, 80, 100 %, 0x0000000000000004
2026/09/29 21:31:13.750, 1290 MHz, 6251 MHz, 71.78 W, 80, 100 %, 0x0000000000000004
2026/09/29 21:31:13.850, 1230 MHz, 6251 MHz, 71.73 W, 80, 100 %, 0x0000000000000004
2026/09/29 21:31:13.951, 1290 MHz, 6251 MHz, 72.07 W, 80, 100 %, 0x0000000000000004
2026/09/29 21:31:14.051, 1260 MHz, 6251 MHz, 72.13 W, 80, 100 %, 0x0000000000000004
2026/09/29 21:31:14.151, 1260 MHz, 6251 MHz, 72.11 W, 80, 100 %, 0x0000000000000004
2026/09/29 21:31:14.251, 1260 MHz, 6251 MHz, 72.24 W, 80, 100 %, 0x0000000000000004
2026/09/29 21:31:14.351, 1275 MHz, 6251 MHz, 72.39 W, 80, 100 %, 0x0000000000000004
2026/09/29 21:31:14.451, 1290 MHz, 6251 MHz, 72.36 W, 80, 99 %, 0x0000000000000004
2026/09/29 21:31:14.551, 1290 MHz, 6251 MHz, 72.24 W, 80, 99 %, 0x0000000000000004
2026/09/29 21:31:14.651, 1275 MHz, 6251 MHz, 72.37 W, 80, 100 %, 0x0000000000000004
2026/09/29 21:31:14.751, 1260 MHz, 6251 MHz, 72.42 W, 80, 100 %, 0x0000000000000004
2026/09/29 21:31:14.851, 1260 MHz, 6251 MHz, 72.25 W, 80, 100 %, 0x0000000000000004
2026/09/29 21:31:14.952, 1305 MHz, 6251 MHz, 71.99 W, 80, 100 %, 0x0000000000000004
2026/09/29 21:31:15.052, 1260 MHz, 6251 MHz, 71.83 W, 80, 100 %, 0x0000000000000004
2026/09/29 21:31:15.152, 1260 MHz, 6251 MHz, 71.81 W, 80, 100 %, 0x0000000000000004
2026/09/29 21:31:15.252, 1275 MHz, 6251 MHz, 71.97 W, 80, 100 %, 0x0000000000000004
2026/09/29 21:31:15.352, 1275 MHz, 6251 MHz, 71.89 W, 80, 100 %, 0x0000000000000004
2026/09/29 21:31:15.452, 1305 MHz, 6251 MHz, 71.76 W, 80, 99 %, 0x0000000000000004
2026/09/29 21:31:15.552, 1290 MHz, 6251 MHz, 72.03 W, 80, 99 %, 0x0000000000000004
2026/09/29 21:31:15.652, 1290 MHz, 6251 MHz, 71.96 W, 80, 100 %, 0x0000000000000004
2026/09/29 21:31:15.752, 1275 MHz, 6251 MHz, 71.91 W, 80, 100 %, 0x0000000000000004
2026/09/29 21:31:15.852, 1260 MHz, 6251 MHz, 71.85 W, 80, 100 %, 0x0000000000000004
2026/09/29 21:31:15.953, 1560 MHz, 6251 MHz, 70.71 W, 80, 100 %, 0x0000000000000004
2026/09/29 21:31:16.053, 1050 MHz, 6251 MHz, 71.10 W, 80, 84 %, 0x0000000000000004
2026/09/29 21:31:16.153, 1095 MHz, 6251 MHz, 70.96 W, 79, 84 %, 0x0000000000000004
2026/09/29 21:31:16.253, 1080 MHz, 6251 MHz, 70.88 W, 79, 100 %, 0x0000000000000004
2026/09/29 21:31:16.353, 1050 MHz, 6251 MHz, 70.96 W, 79, 100 %, 0x0000000000000004
2026/09/29 21:31:16.453, 1110 MHz, 6251 MHz, 71.04 W, 79, 100 %, 0x0000000000000004
2026/09/29 21:31:16.553, 1140 MHz, 6251 MHz, 71.14 W, 79, 100 %, 0x0000000000000004
2026/09/29 21:31:16.653, 1125 MHz, 6251 MHz, 70.98 W, 79, 100 %, 0x0000000000000004
2026/09/29 21:31:16.753, 1095 MHz, 6251 MHz, 70.87 W, 79, 100 %, 0x0000000000000004
2026/09/29 21:31:16.853, 1020 MHz, 6251 MHz, 70.67 W, 79, 99 %, 0x0000000000000004
2026/09/29 21:31:16.954, 1140 MHz, 6251 MHz, 70.82 W, 79, 99 %, 0x0000000000000004
2026/09/29 21:31:17.054, 1095 MHz, 6251 MHz, 72.11 W, 79, 100 %, 0x0000000000000004
2026/09/29 21:31:17.154, 1095 MHz, 6251 MHz, 71.83 W, 79, 100 %, 0x0000000000000004
2026/09/29 21:31:17.254, 1095 MHz, 6251 MHz, 71.87 W, 79, 100 %, 0x0000000000000004
2026/09/29 21:31:17.354, 1125 MHz, 6251 MHz, 71.96 W, 79, 100 %, 0x0000000000000004
2026/09/29 21:31:17.454, 1095 MHz, 6251 MHz, 71.85 W, 79, 100 %, 0x0000000000000004
2026/09/29 21:31:17.554, 1095 MHz, 6251 MHz, 71.85 W, 79, 100 %, 0x0000000000000004
2026/09/29 21:31:17.654, 1110 MHz, 6251 MHz, 71.92 W, 79, 100 %, 0x0000000000000004
2026/09/29 21:31:17.754, 1065 MHz, 6251 MHz, 71.67 W, 79, 100 %, 0x0000000000000004
2026/09/29 21:31:17.854, 1110 MHz, 6251 MHz, 71.61 W, 79, 100 %, 0x0000000000000004
2026/09/29 21:31:17.955, 1140 MHz, 6251 MHz, 71.93 W, 79, 100 %, 0x0000000000000004
2026/09/29 21:31:18.055, 1080 MHz, 6251 MHz, 71.75 W, 79, 100 %, 0x0000000000000004
2026/09/29 21:31:18.155, 1095 MHz, 6251 MHz, 71.57 W, 79, 100 %, 0x0000000000000004
2026/09/29 21:31:18.255, 1110 MHz, 6251 MHz, 71.67 W, 79, 99 %, 0x0000000000000004
2026/09/29 21:31:18.355, 1080 MHz, 6251 MHz, 71.77 W, 79, 99 %, 0x0000000000000004
2026/09/29 21:31:18.455, 1125 MHz, 6251 MHz, 71.80 W, 79, 100 %, 0x0000000000000004
2026/09/29 21:31:18.555, 1140 MHz, 6251 MHz, 71.96 W, 79, 100 %, 0x0000000000000004
2026/09/29 21:31:18.655, 1125 MHz, 6251 MHz, 71.91 W, 79, 99 %, 0x0000000000000004
2026/09/29 21:31:18.755, 1065 MHz, 6251 MHz, 71.81 W, 79, 99 %, 0x0000000000000004
2026/09/29 21:31:18.855, 1080 MHz, 6251 MHz, 72.00 W, 79, 100 %, 0x0000000000000004
2026/09/29 21:31:18.956, 1125 MHz, 6251 MHz, 72.16 W, 79, 100 %, 0x0000000000000004
2026/09/29 21:31:19.056, 1035 MHz, 6251 MHz, 72.19 W, 79, 100 %, 0x0000000000000004
2026/09/29 21:31:19.156, 1320 MHz, 6251 MHz, 72.89 W, 77, 100 %, 0x0000000000000004
2026/09/29 21:31:19.256, 1305 MHz, 6251 MHz, 73.06 W, 80, 100 %, 0x0000000000000004
2026/09/29 21:31:19.356, 1260 MHz, 6251 MHz, 73.27 W, 79, 100 %, 0x0000000000000004
2026/09/29 21:31:19.456, 1275 MHz, 6251 MHz, 73.28 W, 80, 100 %, 0x0000000000000004
2026/09/29 21:31:19.556, 1290 MHz, 6251 MHz, 73.38 W, 80, 100 %, 0x0000000000000004
2026/09/29 21:31:19.656, 1245 MHz, 6251 MHz, 73.29 W, 80, 100 %, 0x0000000000000004
2026/09/29 21:31:19.756, 1305 MHz, 6251 MHz, 73.22 W, 79, 100 %, 0x0000000000000004
2026/09/29 21:31:19.856, 1230 MHz, 6251 MHz, 73.38 W, 80, 100 %, 0x0000000000000004
2026/09/29 21:31:19.957, 1230 MHz, 6251 MHz, 73.44 W, 80, 100 %, 0x0000000000000004
2026/09/29 21:31:20.057, 1230 MHz, 6251 MHz, 73.22 W, 79, 100 %, 0x0000000000000004
2026/09/29 21:31:20.157, 1260 MHz, 6251 MHz, 73.04 W, 79, 100 %, 0x0000000000000004
2026/09/29 21:31:20.257, 1245 MHz, 6251 MHz, 72.29 W, 79, 100 %, 0x0000000000000004
2026/09/29 21:31:20.357, 1320 MHz, 6251 MHz, 72.37 W, 79, 100 %, 0x0000000000000004
2026/09/29 21:31:20.457, 1260 MHz, 6251 MHz, 72.14 W, 80, 100 %, 0x0000000000000004
2026/09/29 21:31:20.557, 1260 MHz, 6251 MHz, 72.02 W, 80, 100 %, 0x0000000000000004
2026/09/29 21:31:20.657, 1275 MHz, 6251 MHz, 71.89 W, 80, 100 %, 0x0000000000000004
2026/09/29 21:31:20.757, 1275 MHz, 6251 MHz, 71.80 W, 80, 100 %, 0x0000000000000004
2026/09/29 21:31:20.857, 1260 MHz, 6251 MHz, 71.83 W, 80, 100 %, 0x0000000000000004
2026/09/29 21:31:20.958, 1305 MHz, 6251 MHz, 71.57 W, 79, 100 %, 0x0000000000000004
2026/09/29 21:31:21.058, 1275 MHz, 6251 MHz, 71.53 W, 80, 100 %, 0x0000000000000004
2026/09/29 21:31:21.158, 1260 MHz, 6251 MHz, 71.71 W, 80, 100 %, 0x0000000000000004
2026/09/29 21:31:21.258, 1275 MHz, 6251 MHz, 71.85 W, 80, 100 %, 0x0000000000000004
2026/09/29 21:31:21.358, 1260 MHz, 6251 MHz, 71.98 W, 80, 100 %, 0x0000000000000004
2026/09/29 21:31:21.458, 1245 MHz, 6251 MHz, 71.89 W, 80, 100 %, 0x0000000000000004
2026/09/29 21:31:21.558, 1305 MHz, 6251 MHz, 71.87 W, 79, 100 %, 0x0000000000000004
2026/09/29 21:31:21.658, 1275 MHz, 6251 MHz, 72.02 W, 80, 100 %, 0x0000000000000004
2026/09/29 21:31:21.758, 1245 MHz, 6251 MHz, 72.14 W, 80, 100 %, 0x0000000000000004
2026/09/29 21:31:21.858, 1245 MHz, 6251 MHz, 72.08 W, 80, 100 %, 0x0000000000000004
2026/09/29 21:31:21.959, 1245 MHz, 6251 MHz, 71.98 W, 80, 100 %, 0x0000000000000004
2026/09/29 21:31:22.059, 1260 MHz, 6251 MHz, 72.09 W, 80, 100 %, 0x0000000000000004
2026/09/29 21:31:22.159, 1275 MHz, 6251 MHz, 71.85 W, 80, 100 %, 0x0000000000000004
2026/09/29 21:31:22.259, 1290 MHz, 6251 MHz, 71.89 W, 80, 100 %, 0x0000000000000004
2026/09/29 21:31:22.359, 1275 MHz, 6251 MHz, 71.90 W, 80, 100 %, 0x0000000000000004
2026/09/29 21:31:22.459, 1260 MHz, 6251 MHz, 71.69 W, 80, 100 %, 0x0000000000000004
2026/09/29 21:31:22.559, 1275 MHz, 6251 MHz, 71.61 W, 80, 100 %, 0x0000000000000004
2026/09/29 21:31:22.659, 1275 MHz, 6251 MHz, 71.83 W, 80, 100 %, 0x0000000000000004
2026/09/29 21:31:22.759, 1290 MHz, 6251 MHz, 71.52 W, 80, 100 %, 0x0000000000000004
2026/09/29 21:31:22.859, 1245 MHz, 6251 MHz, 71.41 W, 80, 100 %, 0x0000000000000004
2026/09/29 21:31:22.960, 1260 MHz, 6251 MHz, 71.55 W, 80, 100 %, 0x0000000000000004
2026/09/29 21:31:23.060, 1245 MHz, 6251 MHz, 71.66 W, 80, 100 %, 0x0000000000000004
2026/09/29 21:31:23.160, 1260 MHz, 6251 MHz, 71.89 W, 80, 100 %, 0x0000000000000004
2026/09/29 21:31:23.260, 1260 MHz, 6251 MHz, 72.21 W, 80, 100 %, 0x0000000000000004
2026/09/29 21:31:23.360, 1290 MHz, 6251 MHz, 73.83 W, 80, 100 %, 0x0000000000000004
2026/09/29 21:31:23.460, 1065 MHz, 6251 MHz, 73.52 W, 80, 100 %, 0x0000000000000004
2026/09/29 21:31:23.560, 1110 MHz, 6251 MHz, 73.79 W, 79, 100 %, 0x0000000000000004
2026/09/29 21:31:23.660, 1050 MHz, 6251 MHz, 73.72 W, 79, 100 %, 0x0000000000000004
2026/09/29 21:31:23.760, 1080 MHz, 6251 MHz, 73.56 W, 79, 100 %, 0x0000000000000004
2026/09/29 21:31:23.860, 1050 MHz, 6251 MHz, 73.58 W, 79, 100 %, 0x0000000000000004
2026/09/29 21:31:23.961, 1050 MHz, 6251 MHz, 73.55 W, 79, 100 %, 0x0000000000000004
2026/09/29 21:31:24.061, 1065 MHz, 6251 MHz, 73.49 W, 79, 100 %, 0x0000000000000004
2026/09/29 21:31:24.161, 1095 MHz, 6251 MHz, 73.40 W, 79, 100 %, 0x0000000000000004
2026/09/29 21:31:24.261, 1095 MHz, 6251 MHz, 73.08 W, 79, 100 %, 0x0000000000000004
2026/09/29 21:31:24.361, 1080 MHz, 6251 MHz, 72.97 W, 79, 100 %, 0x0000000000000004
2026/09/29 21:31:24.461, 1125 MHz, 6251 MHz, 71.34 W, 79, 100 %, 0x0000000000000004
2026/09/29 21:31:24.561, 1080 MHz, 6251 MHz, 71.55 W, 79, 100 %, 0x0000000000000004
2026/09/29 21:31:24.661, 1050 MHz, 6251 MHz, 71.39 W, 79, 100 %, 0x0000000000000004
2026/09/29 21:31:24.761, 1095 MHz, 6251 MHz, 71.54 W, 79, 100 %, 0x0000000000000004
2026/09/29 21:31:24.861, 1035 MHz, 6251 MHz, 71.60 W, 79, 100 %, 0x0000000000000004
2026/09/29 21:31:24.962, 1080 MHz, 6251 MHz, 71.77 W, 79, 100 %, 0x0000000000000004
2026/09/29 21:31:25.062, 1125 MHz, 6251 MHz, 71.84 W, 79, 100 %, 0x0000000000000004
2026/09/29 21:31:25.162, 1065 MHz, 6251 MHz, 71.84 W, 79, 100 %, 0x0000000000000004
2026/09/29 21:31:25.262, 1065 MHz, 6251 MHz, 72.00 W, 79, 100 %, 0x0000000000000004
2026/09/29 21:31:25.362, 1080 MHz, 6251 MHz, 72.16 W, 79, 100 %, 0x0000000000000004
2026/09/29 21:31:25.462, 1110 MHz, 6251 MHz, 72.24 W, 79, 99 %, 0x0000000000000004
2026/09/29 21:31:25.562, 1080 MHz, 6251 MHz, 72.31 W, 79, 99 %, 0x0000000000000004
2026/09/29 21:31:25.662, 1095 MHz, 6251 MHz, 72.37 W, 79, 100 %, 0x0000000000000004
2026/09/29 21:31:25.762, 1080 MHz, 6251 MHz, 72.43 W, 79, 100 %, 0x0000000000000004
2026/09/29 21:31:25.862, 1050 MHz, 6251 MHz, 72.35 W, 79, 100 %, 0x0000000000000004
2026/09/29 21:31:25.963, 1065 MHz, 6251 MHz, 72.34 W, 79, 100 %, 0x0000000000000004
2026/09/29 21:31:26.063, 1080 MHz, 6251 MHz, 72.33 W, 79, 100 %, 0x0000000000000004
2026/09/29 21:31:26.163, 1080 MHz, 6251 MHz, 72.24 W, 79, 100 %, 0x0000000000000004
2026/09/29 21:31:26.263, 1080 MHz, 6251 MHz, 72.25 W, 79, 100 %, 0x0000000000000004
2026/09/29 21:31:26.363, 1080 MHz, 6251 MHz, 72.21 W, 79, 100 %, 0x0000000000000004
2026/09/29 21:31:26.463, 1110 MHz, 6251 MHz, 72.12 W, 79, 99 %, 0x0000000000000004
2026/09/29 21:31:26.563, 1080 MHz, 6251 MHz, 72.15 W, 79, 99 %, 0x0000000000000004
2026/09/29 21:31:26.663, 1080 MHz, 6251 MHz, 72.06 W, 79, 100 %, 0x0000000000000004
2026/09/29 21:31:26.763, 1035 MHz, 6251 MHz, 72.03 W, 79, 100 %, 0x0000000000000004
2026/09/29 21:31:26.863, 1065 MHz, 6251 MHz, 71.90 W, 79, 100 %, 0x0000000000000004
2026/09/29 21:31:26.964, 1365 MHz, 6251 MHz, 72.42 W, 79, 100 %, 0x0000000000000004
2026/09/29 21:31:27.064, 1230 MHz, 6251 MHz, 72.46 W, 80, 100 %, 0x0000000000000004
2026/09/29 21:31:27.164, 1245 MHz, 6251 MHz, 72.64 W, 80, 100 %, 0x0000000000000004
2026/09/29 21:31:27.264, 1275 MHz, 6251 MHz, 72.79 W, 80, 100 %, 0x0000000000000004
2026/09/29 21:31:27.364, 1215 MHz, 6251 MHz, 72.62 W, 80, 100 %, 0x0000000000000004
2026/09/29 21:31:27.464, 1230 MHz, 6251 MHz, 72.63 W, 80, 100 %, 0x0000000000000004
2026/09/29 21:31:27.564, 1260 MHz, 6251 MHz, 72.64 W, 80, 100 %, 0x0000000000000004
2026/09/29 21:31:27.664, 1305 MHz, 6251 MHz, 72.36 W, 80, 100 %, 0x0000000000000004
2026/09/29 21:31:27.764, 1200 MHz, 6251 MHz, 72.21 W, 80, 100 %, 0x0000000000000004
2026/09/29 21:31:27.864, 1200 MHz, 6251 MHz, 71.96 W, 80, 100 %, 0x0000000000000004
2026/09/29 21:31:27.965, 1290 MHz, 6251 MHz, 72.28 W, 79, 100 %, 0x0000000000000004
2026/09/29 21:31:28.065, 1230 MHz, 6251 MHz, 71.69 W, 80, 100 %, 0x0000000000000004
2026/09/29 21:31:28.165, 1245 MHz, 6251 MHz, 71.72 W, 80, 100 %, 0x0000000000000004
2026/09/29 21:31:28.265, 1230 MHz, 6251 MHz, 71.69 W, 80, 100 %, 0x0000000000000004
2026/09/29 21:31:28.365, 1230 MHz, 6251 MHz, 71.65 W, 80, 100 %, 0x0000000000000004
2026/09/29 21:31:28.465, 1230 MHz, 6251 MHz, 71.90 W, 80, 100 %, 0x0000000000000004
2026/09/29 21:31:28.565, 1260 MHz, 6251 MHz, 71.80 W, 80, 100 %, 0x0000000000000004
2026/09/29 21:31:28.665, 1215 MHz, 6251 MHz, 71.81 W, 80, 100 %, 0x0000000000000004
2026/09/29 21:31:28.765, 1200 MHz, 6251 MHz, 71.81 W, 80, 100 %, 0x0000000000000004
2026/09/29 21:31:28.865, 1260 MHz, 6251 MHz, 71.87 W, 80, 100 %, 0x0000000000000004
2026/09/29 21:31:28.966, 1275 MHz, 6251 MHz, 72.29 W, 80, 100 %, 0x0000000000000004
2026/09/29 21:31:29.066, 1230 MHz, 6251 MHz, 72.26 W, 80, 99 %, 0x0000000000000004
2026/09/29 21:31:29.166, 1230 MHz, 6251 MHz, 72.50 W, 80, 99 %, 0x0000000000000004
2026/09/29 21:31:29.266, 1275 MHz, 6251 MHz, 72.49 W, 80, 100 %, 0x0000000000000004
2026/09/29 21:31:29.366, 1230 MHz, 6251 MHz, 72.31 W, 80, 100 %, 0x0000000000000004
2026/09/29 21:31:29.466, 1230 MHz, 6251 MHz, 72.43 W, 80, 100 %, 0x0000000000000004
2026/09/29 21:31:29.566, 1245 MHz, 6251 MHz, 72.36 W, 80, 100 %, 0x0000000000000004
2026/09/29 21:31:29.666, 1275 MHz, 6251 MHz, 72.10 W, 80, 99 %, 0x0000000000000004
2026/09/29 21:31:29.766, 1215 MHz, 6251 MHz, 72.04 W, 80, 99 %, 0x0000000000000004
2026/09/29 21:31:29.866, 1230 MHz, 6251 MHz, 72.32 W, 80, 100 %, 0x0000000000000004
2026/09/29 21:31:29.967, 1290 MHz, 6251 MHz, 72.50 W, 80, 100 %, 0x0000000000000004
2026/09/29 21:31:30.067, 1230 MHz, 6251 MHz, 72.23 W, 80, 100 %, 0x0000000000000004
2026/09/29 21:31:30.167, 1230 MHz, 6251 MHz, 72.09 W, 80, 100 %, 0x0000000000000004
2026/09/29 21:31:30.267, 1245 MHz, 6251 MHz, 72.08 W, 80, 100 %, 0x0000000000000004
2026/09/29 21:31:30.367, 1290 MHz, 6251 MHz, 71.81 W, 80, 100 %, 0x0000000000000004
2026/09/29 21:31:30.467, 1215 MHz, 6251 MHz, 71.74 W, 80, 100 %, 0x0000000000000004
2026/09/29 21:31:30.567, 1215 MHz, 6251 MHz, 71.56 W, 80, 100 %, 0x0000000000000004
2026/09/29 21:31:30.667, 1245 MHz, 6251 MHz, 71.60 W, 80, 100 %, 0x0000000000000004
2026/09/29 21:31:30.767, 1215 MHz, 6251 MHz, 71.78 W, 80, 100 %, 0x0000000000000004
2026/09/29 21:31:30.867, 1230 MHz, 6251 MHz, 71.89 W, 80, 100 %, 0x0000000000000004
2026/09/29 21:31:30.968, 1245 MHz, 6251 MHz, 71.93 W, 80, 100 %, 0x0000000000000004
2026/09/29 21:31:31.068, 1305 MHz, 6251 MHz, 71.89 W, 80, 99 %, 0x0000000000000004
2026/09/29 21:31:31.168, 1245 MHz, 6251 MHz, 71.96 W, 80, 99 %, 0x0000000000000004
2026/09/29 21:31:31.268, 1245 MHz, 6251 MHz, 71.89 W, 80, 100 %, 0x0000000000000004
2026/09/29 21:31:31.368, 1230 MHz, 6251 MHz, 71.89 W, 80, 100 %, 0x0000000000000004
2026/09/29 21:31:31.468, 1215 MHz, 6251 MHz, 71.67 W, 80, 100 %, 0x0000000000000004
2026/09/29 21:31:31.568, 1230 MHz, 6251 MHz, 71.81 W, 80, 100 %, 0x0000000000000004
2026/09/29 21:31:31.668, 1245 MHz, 6251 MHz, 71.92 W, 80, 100 %, 0x0000000000000004
2026/09/29 21:31:31.768, 1035 MHz, 6251 MHz, 73.35 W, 79, 100 %, 0x0000000000000004
2026/09/29 21:31:31.869, 1125 MHz, 6251 MHz, 73.31 W, 80, 100 %, 0x0000000000000004
2026/09/29 21:31:31.969, 1125 MHz, 6251 MHz, 73.28 W, 80, 100 %, 0x0000000000000004
2026/09/29 21:31:32.069, 1155 MHz, 6251 MHz, 73.31 W, 80, 100 %, 0x0000000000000004
2026/09/29 21:31:32.169, 1095 MHz, 6251 MHz, 73.35 W, 80, 100 %, 0x0000000000000004
2026/09/29 21:31:32.269, 1125 MHz, 6251 MHz, 73.39 W, 80, 100 %, 0x0000000000000004
2026/09/29 21:31:32.369, 1125 MHz, 6251 MHz, 73.45 W, 80, 100 %, 0x0000000000000004
2026/09/29 21:31:32.469, 1125 MHz, 6251 MHz, 73.43 W, 79, 100 %, 0x0000000000000004
2026/09/29 21:31:32.569, 1050 MHz, 6251 MHz, 73.79 W, 80, 100 %, 0x0000000000000004
2026/09/29 21:31:32.669, 1125 MHz, 6251 MHz, 73.81 W, 80, 100 %, 0x0000000000000004
2026/09/29 21:31:32.769, 1110 MHz, 6251 MHz, 73.61 W, 80, 100 %, 0x0000000000000004
2026/09/29 21:31:32.870, 1110 MHz, 6251 MHz, 72.07 W, 80, 99 %, 0x0000000000000004
2026/09/29 21:31:32.970, 1155 MHz, 6251 MHz, 72.30 W, 79, 99 %, 0x0000000000000004
2026/09/29 21:31:33.070, 1140 MHz, 6251 MHz, 72.39 W, 80, 100 %, 0x0000000000000004
2026/09/29 21:31:33.170, 1125 MHz, 6251 MHz, 72.45 W, 80, 100 %, 0x0000000000000004
2026/09/29 21:31:33.270, 1140 MHz, 6251 MHz, 72.34 W, 80, 100 %, 0x0000000000000004
2026/09/29 21:31:33.370, 1125 MHz, 6251 MHz, 72.37 W, 79, 100 %, 0x0000000000000004
2026/09/29 21:31:33.470, 1125 MHz, 6251 MHz, 72.25 W, 80, 99 %, 0x0000000000000004
2026/09/29 21:31:33.570, 1125 MHz, 6251 MHz, 72.04 W, 80, 99 %, 0x0000000000000004
2026/09/29 21:31:33.670, 1125 MHz, 6251 MHz, 72.05 W, 79, 100 %, 0x0000000000000004
2026/09/29 21:31:33.770, 1095 MHz, 6251 MHz, 71.97 W, 80, 100 %, 0x0000000000000004
2026/09/29 21:31:33.871, 1125 MHz, 6251 MHz, 72.02 W, 80, 100 %, 0x0000000000000004
2026/09/29 21:31:33.971, 1170 MHz, 6251 MHz, 72.08 W, 80, 100 %, 0x0000000000000004
2026/09/29 21:31:34.071, 1140 MHz, 6251 MHz, 72.12 W, 80, 99 %, 0x0000000000000004
2026/09/29 21:31:34.171, 1140 MHz, 6251 MHz, 72.15 W, 80, 99 %, 0x0000000000000004
2026/09/29 21:31:34.271, 1125 MHz, 6251 MHz, 71.91 W, 80, 100 %, 0x0000000000000004
2026/09/29 21:31:34.371, 1125 MHz, 6251 MHz, 71.91 W, 79, 100 %, 0x0000000000000004
2026/09/29 21:31:34.471, 1095 MHz, 6251 MHz, 71.87 W, 80, 100 %, 0x0000000000000004
2026/09/29 21:31:34.571, 1125 MHz, 6251 MHz, 71.86 W, 80, 100 %, 0x0000000000000004
2026/09/29 21:31:34.671, 1110 MHz, 6251 MHz, 71.92 W, 80, 100 %, 0x0000000000000004
2026/09/29 21:31:34.771, 1140 MHz, 6251 MHz, 71.92 W, 80, 100 %, 0x0000000000000004
2026/09/29 21:31:34.872, 1125 MHz, 6251 MHz, 71.96 W, 80, 100 %, 0x0000000000000004
2026/09/29 21:31:34.972, 1140 MHz, 6251 MHz, 72.01 W, 80, 100 %, 0x0000000000000004
2026/09/29 21:31:35.072, 1125 MHz, 6251 MHz, 72.04 W, 80, 100 %, 0x0000000000000004
2026/09/29 21:31:35.172, 1125 MHz, 6251 MHz, 72.06 W, 80, 100 %, 0x0000000000000004
2026/09/29 21:31:35.272, 1095 MHz, 6251 MHz, 72.02 W, 80, 100 %, 0x0000000000000004
2026/09/29 21:31:35.372, 1095 MHz, 6251 MHz, 72.02 W, 80, 100 %, 0x0000000000000004
2026/09/29 21:31:35.472, 1125 MHz, 6251 MHz, 72.06 W, 80, 100 %, 0x0000000000000004
2026/09/29 21:31:35.573, 1110 MHz, 6251 MHz, 72.00 W, 80, 100 %, 0x0000000000000004
2026/09/29 21:31:35.673, 1605 MHz, 6251 MHz, 70.43 W, 80, 91 %, 0x0000000000000004
2026/09/29 21:31:35.773, 1305 MHz, 6251 MHz, 70.71 W, 80, 91 %, 0x0000000000000004
2026/09/29 21:31:35.873, 1230 MHz, 6251 MHz, 71.06 W, 80, 100 %, 0x0000000000000004
2026/09/29 21:31:35.973, 1230 MHz, 6251 MHz, 71.11 W, 80, 100 %, 0x0000000000000004
2026/09/29 21:31:36.073, 1275 MHz, 6251 MHz, 71.04 W, 80, 100 %, 0x0000000000000004
2026/09/29 21:31:36.173, 1245 MHz, 6251 MHz, 70.98 W, 80, 100 %, 0x0000000000000004
2026/09/29 21:31:36.273, 1230 MHz, 6251 MHz, 71.21 W, 80, 100 %, 0x0000000000000004
2026/09/29 21:31:36.373, 1230 MHz, 6251 MHz, 71.15 W, 80, 100 %, 0x0000000000000004
2026/09/29 21:31:36.474, 1245 MHz, 6251 MHz, 71.12 W, 80, 100 %, 0x0000000000000004
2026/09/29 21:31:36.574, 1260 MHz, 6251 MHz, 70.49 W, 80, 100 %, 0x0000000000000004
2026/09/29 21:31:36.674, 1260 MHz, 6251 MHz, 70.51 W, 80, 100 %, 0x0000000000000004
2026/09/29 21:31:36.774, 1215 MHz, 6251 MHz, 72.32 W, 80, 100 %, 0x0000000000000004
2026/09/29 21:31:36.874, 1260 MHz, 6251 MHz, 72.35 W, 80, 100 %, 0x0000000000000004
2026/09/29 21:31:36.974, 1275 MHz, 6251 MHz, 72.04 W, 80, 100 %, 0x0000000000000004
2026/09/29 21:31:37.074, 1260 MHz, 6251 MHz, 71.75 W, 80, 100 %, 0x0000000000000004
2026/09/29 21:31:37.174, 1200 MHz, 6251 MHz, 71.86 W, 80, 100 %, 0x0000000000000004
2026/09/29 21:31:37.274, 1260 MHz, 6251 MHz, 72.10 W, 80, 100 %, 0x0000000000000004
2026/09/29 21:31:37.374, 1275 MHz, 6251 MHz, 71.85 W, 80, 100 %, 0x0000000000000004
2026/09/29 21:31:37.475, 1245 MHz, 6251 MHz, 71.81 W, 80, 99 %, 0x0000000000000004
2026/09/29 21:31:37.575, 1245 MHz, 6251 MHz, 71.50 W, 80, 99 %, 0x0000000000000004
2026/09/29 21:31:37.675, 1275 MHz, 6251 MHz, 71.93 W, 80, 100 %, 0x0000000000000004
2026/09/29 21:31:37.775, 1260 MHz, 6251 MHz, 72.35 W, 80, 100 %, 0x0000000000000004
2026/09/29 21:31:37.875, 1260 MHz, 6251 MHz, 72.31 W, 80, 100 %, 0x0000000000000004
2026/09/29 21:31:37.975, 1245 MHz, 6251 MHz, 71.86 W, 80, 100 %, 0x0000000000000004
2026/09/29 21:31:38.075, 1215 MHz, 6251 MHz, 71.78 W, 80, 100 %, 0x0000000000000004
2026/09/29 21:31:38.175, 1215 MHz, 6251 MHz, 72.20 W, 80, 100 %, 0x0000000000000004
2026/09/29 21:31:38.275, 1275 MHz, 6251 MHz, 72.36 W, 80, 99 %, 0x0000000000000004
2026/09/29 21:31:38.375, 1230 MHz, 6251 MHz, 72.43 W, 81, 99 %, 0x0000000000000004
2026/09/29 21:31:38.476, 1260 MHz, 6251 MHz, 72.21 W, 81, 100 %, 0x0000000000000004
2026/09/29 21:31:38.576, 1245 MHz, 6251 MHz, 72.02 W, 80, 100 %, 0x0000000000000004
2026/09/29 21:31:38.676, 1230 MHz, 6251 MHz, 72.28 W, 80, 100 %, 0x0000000000000004
2026/09/29 21:31:38.776, 1245 MHz, 6251 MHz, 72.68 W, 81, 100 %, 0x0000000000000004
2026/09/29 21:31:38.876, 1215 MHz, 6251 MHz, 72.44 W, 80, 100 %, 0x0000000000000004
2026/09/29 21:31:38.976, 1230 MHz, 6251 MHz, 72.15 W, 80, 100 %, 0x0000000000000004
2026/09/29 21:31:39.076, 1230 MHz, 6251 MHz, 72.09 W, 80, 100 %, 0x0000000000000004
2026/09/29 21:31:39.176, 1290 MHz, 6251 MHz, 71.86 W, 81, 100 %, 0x0000000000000004
2026/09/29 21:31:39.276, 1215 MHz, 6251 MHz, 71.69 W, 80, 100 %, 0x0000000000000004
2026/09/29 21:31:39.376, 1230 MHz, 6251 MHz, 71.64 W, 80, 100 %, 0x0000000000000004
2026/09/29 21:31:39.477, 1260 MHz, 6251 MHz, 71.29 W, 80, 100 %, 0x0000000000000004
2026/09/29 21:31:39.577, 1245 MHz, 6251 MHz, 71.36 W, 80, 100 %, 0x0000000000000004
2026/09/29 21:31:39.677, 1260 MHz, 6251 MHz, 71.40 W, 80, 100 %, 0x0000000000000004
2026/09/29 21:31:39.777, 1245 MHz, 6251 MHz, 71.79 W, 81, 100 %, 0x0000000000000004
2026/09/29 21:31:39.877, 1230 MHz, 6251 MHz, 71.63 W, 81, 100 %, 0x0000000000000004
2026/09/29 21:31:39.977, 1245 MHz, 6251 MHz, 71.37 W, 80, 100 %, 0x0000000000000004
2026/09/29 21:31:40.077, 1260 MHz, 6251 MHz, 71.64 W, 81, 100 %, 0x0000000000000004
2026/09/29 21:31:40.177, 1260 MHz, 6251 MHz, 71.73 W, 80, 100 %, 0x0000000000000004
2026/09/29 21:31:40.277, 1200 MHz, 6251 MHz, 72.09 W, 80, 100 %, 0x0000000000000004
2026/09/29 21:31:40.378, 1245 MHz, 6251 MHz, 72.22 W, 81, 100 %, 0x0000000000000004
2026/09/29 21:31:40.478, 1275 MHz, 6251 MHz, 72.10 W, 81, 100 %, 0x0000000000000004
2026/09/29 21:31:40.578, 1260 MHz, 6251 MHz, 71.89 W, 80, 100 %, 0x0000000000000004
2026/09/29 21:31:40.678, 1230 MHz, 6251 MHz, 71.88 W, 80, 100 %, 0x0000000000000004
2026/09/29 21:31:40.778, 1230 MHz, 6251 MHz, 72.32 W, 81, 100 %, 0x0000000000000004
2026/09/29 21:31:40.878, 1260 MHz, 6251 MHz, 72.07 W, 81, 99 %, 0x0000000000000004
2026/09/29 21:31:40.978, 1230 MHz, 6251 MHz, 72.04 W, 81, 99 %, 0x0000000000000004
2026/09/29 21:31:41.078, 1260 MHz, 6251 MHz, 72.09 W, 81, 100 %, 0x0000000000000004
2026/09/29 21:31:41.178, 1215 MHz, 6251 MHz, 71.87 W, 81, 100 %, 0x0000000000000004
2026/09/29 21:31:41.278, 1200 MHz, 6251 MHz, 72.05 W, 80, 100 %, 0x0000000000000004
2026/09/29 21:31:41.379, 1230 MHz, 6251 MHz, 72.18 W, 81, 100 %, 0x0000000000000004
2026/09/29 21:31:41.479, 1200 MHz, 6251 MHz, 72.04 W, 81, 100 %, 0x0000000000000004
2026/09/29 21:31:41.579, 1245 MHz, 6251 MHz, 72.10 W, 81, 100 %, 0x0000000000000004
2026/09/29 21:31:41.679, 1620 MHz, 6251 MHz, 72.36 W, 80, 100 %, 0x0000000000000004
2026/09/29 21:31:41.779, 1020 MHz, 6251 MHz, 72.82 W, 81, 100 %, 0x0000000000000004
2026/09/29 21:31:41.879, 1125 MHz, 6251 MHz, 72.38 W, 80, 100 %, 0x0000000000000004
2026/09/29 21:31:41.979, 1140 MHz, 6251 MHz, 72.63 W, 80, 100 %, 0x0000000000000004
2026/09/29 21:31:42.079, 1080 MHz, 6251 MHz, 72.42 W, 80, 100 %, 0x0000000000000004
2026/09/29 21:31:42.179, 1095 MHz, 6251 MHz, 72.37 W, 80, 100 %, 0x0000000000000004
2026/09/29 21:31:42.279, 1080 MHz, 6251 MHz, 72.53 W, 81, 100 %, 0x0000000000000004
2026/09/29 21:31:42.380, 1035 MHz, 6251 MHz, 72.51 W, 80, 100 %, 0x0000000000000004
2026/09/29 21:31:42.480, 1065 MHz, 6251 MHz, 72.18 W, 81, 100 %, 0x0000000000000004
2026/09/29 21:31:42.580, 1035 MHz, 6251 MHz, 72.05 W, 80, 100 %, 0x0000000000000004
2026/09/29 21:31:42.680, 1125 MHz, 6251 MHz, 72.01 W, 80, 100 %, 0x0000000000000004
2026/09/29 21:31:42.780, 1110 MHz, 6251 MHz, 72.13 W, 81, 100 %, 0x0000000000000004
2026/09/29 21:31:42.880, 1125 MHz, 6251 MHz, 71.65 W, 80, 100 %, 0x0000000000000004
2026/09/29 21:31:42.980, 1110 MHz, 6251 MHz, 71.91 W, 81, 100 %, 0x0000000000000004
2026/09/29 21:31:43.080, 1095 MHz, 6251 MHz, 71.71 W, 80, 100 %, 0x0000000000000004
2026/09/29 21:31:43.180, 1095 MHz, 6251 MHz, 71.93 W, 81, 100 %, 0x0000000000000004
2026/09/29 21:31:43.280, 1125 MHz, 6251 MHz, 72.03 W, 81, 100 %, 0x0000000000000004
2026/09/29 21:31:43.381, 1110 MHz, 6251 MHz, 71.96 W, 80, 100 %, 0x0000000000000004
2026/09/29 21:31:43.481, 1035 MHz, 6251 MHz, 71.83 W, 80, 100 %, 0x0000000000000004
2026/09/29 21:31:43.581, 1050 MHz, 6251 MHz, 71.90 W, 80, 100 %, 0x0000000000000004
2026/09/29 21:31:43.681, 1065 MHz, 6251 MHz, 71.92 W, 80, 100 %, 0x0000000000000004
2026/09/29 21:31:43.781, 1080 MHz, 6251 MHz, 71.87 W, 80, 100 %, 0x0000000000000004
2026/09/29 21:31:43.881, 1125 MHz, 6251 MHz, 71.78 W, 80, 99 %, 0x0000000000000004
2026/09/29 21:31:43.981, 1110 MHz, 6251 MHz, 71.95 W, 81, 99 %, 0x0000000000000004
2026/09/29 21:31:44.081, 1140 MHz, 6251 MHz, 71.92 W, 81, 100 %, 0x0000000000000004
2026/09/29 21:31:44.181, 1065 MHz, 6251 MHz, 71.85 W, 80, 100 %, 0x0000000000000004
2026/09/29 21:31:44.282, 1080 MHz, 6251 MHz, 71.59 W, 81, 100 %, 0x0000000000000004
2026/09/29 21:31:44.382, 1080 MHz, 6251 MHz, 71.61 W, 80, 100 %, 0x0000000000000004
2026/09/29 21:31:44.482, 1035 MHz, 6251 MHz, 71.68 W, 80, 100 %, 0x0000000000000004
2026/09/29 21:31:44.582, 1110 MHz, 6251 MHz, 71.68 W, 80, 100 %, 0x0000000000000004
2026/09/29 21:31:44.682, 1095 MHz, 6251 MHz, 71.78 W, 81, 100 %, 0x0000000000000004
2026/09/29 21:31:44.782, 1110 MHz, 6251 MHz, 71.87 W, 81, 100 %, 0x0000000000000004
2026/09/29 21:31:44.882, 1140 MHz, 6251 MHz, 72.09 W, 81, 100 %, 0x0000000000000004
2026/09/29 21:31:44.982, 1095 MHz, 6251 MHz, 72.03 W, 81, 100 %, 0x0000000000000004
2026/09/29 21:31:45.082, 1065 MHz, 6251 MHz, 72.04 W, 80, 100 %, 0x0000000000000004
2026/09/29 21:31:45.182, 1080 MHz, 6251 MHz, 71.77 W, 81, 100 %, 0x0000000000000004
2026/09/29 21:31:45.283, 1095 MHz, 6251 MHz, 71.58 W, 81, 99 %, 0x0000000000000004
2026/09/29 21:31:45.383, 1065 MHz, 6251 MHz, 71.84 W, 81, 99 %, 0x0000000000000004
2026/09/29 21:31:45.483, 1050 MHz, 6251 MHz, 71.78 W, 81, 100 %, 0x0000000000000004
2026/09/29 21:31:45.583, 1095 MHz, 6251 MHz, 71.77 W, 81, 100 %, 0x0000000000000004
2026/09/29 21:31:45.683, 1125 MHz, 6251 MHz, 71.98 W, 81, 100 %, 0x0000000000000004
2026/09/29 21:31:45.783, 1110 MHz, 6251 MHz, 71.83 W, 80, 100 %, 0x0000000000000004
2026/09/29 21:31:45.883, 1095 MHz, 6251 MHz, 71.85 W, 80, 100 %, 0x0000000000000004
2026/09/29 21:31:45.983, 1110 MHz, 6251 MHz, 71.75 W, 81, 100 %, 0x0000000000000004
2026/09/29 21:31:46.083, 1095 MHz, 6251 MHz, 71.86 W, 81, 100 %, 0x0000000000000004
2026/09/29 21:31:46.183, 1080 MHz, 6251 MHz, 71.76 W, 81, 100 %, 0x0000000000000004
2026/09/29 21:31:46.284, 1125 MHz, 6251 MHz, 72.04 W, 81, 100 %, 0x0000000000000004
2026/09/29 21:31:46.384, 1110 MHz, 6251 MHz, 72.10 W, 80, 100 %, 0x0000000000000004
2026/09/29 21:31:46.484, 1065 MHz, 6251 MHz, 72.02 W, 81, 100 %, 0x0000000000000004
2026/09/29 21:31:46.584, 1050 MHz, 6251 MHz, 71.98 W, 80, 100 %, 0x0000000000000004
2026/09/29 21:31:46.684, 1995 MHz, 6251 MHz, 68.31 W, 78, 31 %, 0x0000000000000004
2026/09/29 21:31:46.784, 2025 MHz, 6251 MHz, 64.89 W, 78, 31 %, 0x0000000000000004
2026/09/29 21:31:46.884, 2025 MHz, 6251 MHz, 61.69 W, 78, 0 %, 0x0000000000000004
2026/09/29 21:31:46.984, 2025 MHz, 6251 MHz, 58.29 W, 78, 0 %, 0x0000000000000004
2026/09/29 21:31:47.085, 2040 MHz, 6251 MHz, 54.89 W, 78, 0 %, 0x0000000000000000
2026/09/29 21:31:47.185, 2040 MHz, 6251 MHz, 51.50 W, 78, 0 %, 0x0000000000000000
2026/09/29 21:31:47.285, 2040 MHz, 6251 MHz, 48.16 W, 78, 0 %, 0x0000000000000000
