2026/10/01 00:01:26.013, 0
2026/10/01 00:01:26.114, 0
2026/10/01 00:01:26.214, 0
2026/10/01 00:01:26.314, 0
2026/10/01 00:01:26.414, 0
2026/10/01 00:01:26.514, 0
2026/10/01 00:01:26.614, 0
2026/10/01 00:01:26.715, 0
2026/10/01 00:01:26.815, 0
2026/10/01 00:01:26.915, 0
2026/10/01 00:01:27.015, 0
2026/10/01 00:01:27.116, 0
2026/10/01 00:01:27.216, 0
2026/10/01 00:01:27.316, 0
2026/10/01 00:01:27.416, 0
2026/10/01 00:01:27.516, 0
2026/10/01 00:01:27.616, 0
2026/10/01 00:01:27.717, 18
2026/10/01 00:01:27.817, 194
2026/10/01 00:01:27.918, 194
2026/10/01 00:01:28.018, 194
2026/10/01 00:01:28.118, 194
2026/10/01 00:01:28.218, 194
2026/10/01 00:01:28.318, 194
2026/10/01 00:01:28.418, 194
2026/10/01 00:01:28.518, 194
2026/10/01 00:01:28.619, 194
2026/10/01 00:01:28.719, 194
2026/10/01 00:01:28.819, 194
2026/10/01 00:01:28.919, 194
2026/10/01 00:01:29.019, 194
2026/10/01 00:01:29.119, 194
2026/10/01 00:01:29.219, 194
2026/10/01 00:01:29.320, 194
2026/10/01 00:01:29.420, 194
2026/10/01 00:01:29.520, 194
2026/10/01 00:01:29.620, 194
2026/10/01 00:01:29.720, 194
2026/10/01 00:01:29.820, 194
2026/10/01 00:01:29.920, 194
2026/10/01 00:01:30.021, 194
2026/10/01 00:01:30.121, 194
2026/10/01 00:01:30.221, 194
2026/10/01 00:01:30.321, 194
2026/10/01 00:01:30.421, 194
2026/10/01 00:01:30.521, 194
2026/10/01 00:01:30.621, 194
2026/10/01 00:01:30.721, 194
2026/10/01 00:01:30.822, 194
2026/10/01 00:01:30.922, 194
2026/10/01 00:01:31.022, 194
2026/10/01 00:01:31.122, 194
2026/10/01 00:01:31.222, 194
2026/10/01 00:01:31.322, 194
2026/10/01 00:01:31.422, 194
2026/10/01 00:01:31.523, 194
2026/10/01 00:01:31.623, 194
2026/10/01 00:01:31.723, 194
2026/10/01 00:01:31.823, 194
2026/10/01 00:01:31.923, 194
2026/10/01 00:01:32.023, 194
2026/10/01 00:01:32.123, 194
2026/10/01 00:01:32.223, 194
2026/10/01 00:01:32.323, 194
2026/10/01 00:01:32.424, 194
2026/10/01 00:01:32.524, 194
2026/10/01 00:01:32.624, 194
2026/10/01 00:01:32.724, 194
2026/10/01 00:01:32.824, 194
2026/10/01 00:01:32.924, 194
2026/10/01 00:01:33.024, 194
2026/10/01 00:01:33.124, 194
2026/10/01 00:01:33.224, 194
2026/10/01 00:01:33.325, 194
2026/10/01 00:01:33.425, 194
2026/10/01 00:01:33.525, 194
2026/10/01 00:01:33.625, 194
2026/10/01 00:01:33.725, 194
2026/10/01 00:01:33.825, 194
2026/10/01 00:01:33.925, 194
2026/10/01 00:01:34.025, 194
2026/10/01 00:01:34.125, 194
2026/10/01 00:01:34.226, 194
2026/10/01 00:01:34.326, 194
2026/10/01 00:01:34.426, 194
2026/10/01 00:01:34.526, 194
2026/10/01 00:01:34.626, 194
2026/10/01 00:01:34.726, 194
2026/10/01 00:01:34.826, 194
2026/10/01 00:01:34.927, 194
2026/10/01 00:01:35.027, 194
2026/10/01 00:01:35.127, 194
2026/10/01 00:01:35.227, 194
2026/10/01 00:01:35.327, 194
2026/10/01 00:01:35.427, 194
2026/10/01 00:01:35.527, 194
2026/10/01 00:01:35.627, 194
2026/10/01 00:01:35.728, 194
2026/10/01 00:01:35.828, 194
2026/10/01 00:01:35.928, 194
2026/10/01 00:01:36.028, 194
2026/10/01 00:01:36.128, 194
2026/10/01 00:01:36.228, 194
2026/10/01 00:01:36.328, 194
2026/10/01 00:01:36.428, 194
2026/10/01 00:01:36.529, 194
2026/10/01 00:01:36.629, 194
2026/10/01 00:01:36.729, 194
2026/10/01 00:01:36.830, 194
2026/10/01 00:01:36.930, 194
2026/10/01 00:01:37.030, 194
2026/10/01 00:01:37.130, 194
2026/10/01 00:01:37.231, 194
2026/10/01 00:01:37.331, 194
2026/10/01 00:01:37.431, 194
2026/10/01 00:01:37.531, 194
2026/10/01 00:01:37.631, 194
2026/10/01 00:01:37.731, 194
2026/10/01 00:01:37.832, 194
2026/10/01 00:01:37.932, 194
2026/10/01 00:01:38.032, 194
2026/10/01 00:01:38.132, 194
2026/10/01 00:01:38.232, 194
2026/10/01 00:01:38.332, 194
2026/10/01 00:01:38.432, 194
2026/10/01 00:01:38.533, 194
2026/10/01 00:01:38.633, 194
2026/10/01 00:01:38.733, 194
2026/10/01 00:01:38.833, 194
2026/10/01 00:01:38.933, 194
2026/10/01 00:01:39.033, 194
2026/10/01 00:01:39.133, 194
2026/10/01 00:01:39.234, 194
2026/10/01 00:01:39.334, 194
2026/10/01 00:01:39.434, 194
2026/10/01 00:01:39.534, 194
2026/10/01 00:01:39.634, 194
2026/10/01 00:01:39.734, 194
2026/10/01 00:01:39.834, 194
2026/10/01 00:01:39.935, 194
2026/10/01 00:01:40.035, 194
2026/10/01 00:01:40.135, 194
2026/10/01 00:01:40.235, 194
2026/10/01 00:01:40.335, 194
2026/10/01 00:01:40.435, 194
2026/10/01 00:01:40.536, 194
2026/10/01 00:01:40.636, 194
2026/10/01 00:01:40.736, 194
2026/10/01 00:01:40.836, 194
2026/10/01 00:01:40.936, 194
2026/10/01 00:01:41.036, 194
2026/10/01 00:01:41.136, 194
2026/10/01 00:01:41.237, 194
2026/10/01 00:01:41.337, 194
2026/10/01 00:01:41.437, 194
2026/10/01 00:01:41.537, 194
2026/10/01 00:01:41.637, 194
2026/10/01 00:01:41.737, 194
2026/10/01 00:01:41.837, 194
2026/10/01 00:01:41.937, 194
2026/10/01 00:01:42.038, 194
2026/10/01 00:01:42.138, 194
2026/10/01 00:01:42.238, 194
2026/10/01 00:01:42.338, 194
2026/10/01 00:01:42.438, 194
2026/10/01 00:01:42.538, 194
2026/10/01 00:01:42.638, 194
2026/10/01 00:01:42.739, 194
2026/10/01 00:01:42.839, 194
2026/10/01 00:01:42.939, 194
2026/10/01 00:01:43.039, 194
2026/10/01 00:01:43.139, 194
2026/10/01 00:01:43.239, 194
2026/10/01 00:01:43.339, 194
2026/10/01 00:01:43.439, 194
2026/10/01 00:01:43.540, 194
2026/10/01 00:01:43.640, 194
2026/10/01 00:01:43.740, 194
2026/10/01 00:01:43.840, 194
2026/10/01 00:01:43.940, 194
2026/10/01 00:01:44.040, 194
2026/10/01 00:01:44.140, 194
2026/10/01 00:01:44.240, 194
2026/10/01 00:01:44.341, 194
2026/10/01 00:01:44.441, 194
2026/10/01 00:01:44.541, 194
2026/10/01 00:01:44.641, 194
2026/10/01 00:01:44.741, 194
2026/10/01 00:01:44.841, 194
2026/10/01 00:01:44.941, 194
2026/10/01 00:01:45.041, 194
2026/10/01 00:01:45.141, 194
2026/10/01 00:01:45.242, 194
2026/10/01 00:01:45.342, 194
2026/10/01 00:01:45.442, 194
2026/10/01 00:01:45.542, 194
2026/10/01 00:01:45.642, 194
2026/10/01 00:01:45.742, 194
2026/10/01 00:01:45.842, 194
2026/10/01 00:01:45.942, 194
2026/10/01 00:01:46.043, 194
2026/10/01 00:01:46.143, 194
2026/10/01 00:01:46.243, 194
2026/10/01 00:01:46.343, 194
2026/10/01 00:01:46.443, 194
2026/10/01 00:01:46.543, 194
2026/10/01 00:01:46.643, 194
2026/10/01 00:01:46.744, 209
2026/10/01 00:01:46.844, 438
2026/10/01 00:01:46.944, 438
2026/10/01 00:01:47.044, 438
2026/10/01 00:01:47.144, 1626
2026/10/01 00:01:47.244, 1676
2026/10/01 00:01:47.345, 1676
2026/10/01 00:01:47.445, 1676
2026/10/01 00:01:47.545, 1676
2026/10/01 00:01:47.645, 1676
2026/10/01 00:01:47.745, 1676
2026/10/01 00:01:47.845, 2864
2026/10/01 00:01:47.945, 2864
2026/10/01 00:01:48.046, 2864
2026/10/01 00:01:48.146, 2960
2026/10/01 00:01:48.246, 3126
2026/10/01 00:01:48.346, 3504
2026/10/01 00:01:48.446, 3558
2026/10/01 00:01:48.546, 3642
2026/10/01 00:01:48.647, 3702
2026/10/01 00:01:48.747, 4076
2026/10/01 00:01:48.847, 4636
2026/10/01 00:01:48.947, 5144
2026/10/01 00:01:49.047, 5204
2026/10/01 00:01:49.147, 5364
2026/10/01 00:01:49.247, 6044
2026/10/01 00:01:49.347, 6406
2026/10/01 00:01:49.448, 6466
2026/10/01 00:01:49.548, 6942
2026/10/01 00:01:49.648, 7820
2026/10/01 00:01:49.748, 8000
2026/10/01 00:01:49.848, 8060
2026/10/01 00:01:49.948, 8180
2026/10/01 00:01:50.048, 8180
2026/10/01 00:01:50.149, 8270
2026/10/01 00:01:50.249, 8390
2026/10/01 00:01:50.349, 8390
2026/10/01 00:01:50.449, 8420
2026/10/01 00:01:50.549, 8480
2026/10/01 00:01:50.649, 8600
2026/10/01 00:01:50.749, 8616
2026/10/01 00:01:50.849, 8676
2026/10/01 00:01:50.950, 8736
2026/10/01 00:01:51.050, 8872
2026/10/01 00:01:51.150, 8888
2026/10/01 00:01:51.250, 8978
2026/10/01 00:01:51.350, 9098
2026/10/01 00:01:51.450, 9098
2026/10/01 00:01:51.550, 9144
2026/10/01 00:01:51.650, 9204
2026/10/01 00:01:51.751, 9324
2026/10/01 00:01:51.851, 9324
2026/10/01 00:01:51.951, 9430
2026/10/01 00:01:52.051, 9550
2026/10/01 00:01:52.151, 9550
2026/10/01 00:01:52.251, 9596
2026/10/01 00:01:52.351, 9656
2026/10/01 00:01:52.451, 9776
2026/10/01 00:01:52.552, 9776
2026/10/01 00:01:52.652, 9882
2026/10/01 00:01:52.752, 10002
2026/10/01 00:01:52.852, 10002
2026/10/01 00:01:52.952, 10048
2026/10/01 00:01:53.052, 10108
2026/10/01 00:01:53.152, 10228
2026/10/01 00:01:53.253, 10228
2026/10/01 00:01:53.353, 10274
2026/10/01 00:01:53.453, 10364
2026/10/01 00:01:53.553, 10484
2026/10/01 00:01:53.653, 10484
2026/10/01 00:01:53.753, 10560
2026/10/01 00:01:53.853, 10680
2026/10/01 00:01:53.954, 10680
2026/10/01 00:01:54.054, 10726
2026/10/01 00:01:54.154, 10786
2026/10/01 00:01:54.254, 10906
2026/10/01 00:01:54.354, 10906
2026/10/01 00:01:54.454, 10952
2026/10/01 00:01:54.554, 11012
2026/10/01 00:01:54.654, 11132
2026/10/01 00:01:54.755, 11192
2026/10/01 00:01:54.855, 11328
2026/10/01 00:01:54.955, 11328
2026/10/01 00:01:55.055, 11374
2026/10/01 00:01:55.155, 11434
2026/10/01 00:01:55.255, 11570
2026/10/01 00:01:55.355, 11570
2026/10/01 00:01:55.455, 11676
2026/10/01 00:01:55.556, 11796
2026/10/01 00:01:55.656, 11796
2026/10/01 00:01:55.756, 11842
2026/10/01 00:01:55.856, 11902
2026/10/01 00:01:55.956, 12022
2026/10/01 00:01:56.056, 12022
2026/10/01 00:01:56.156, 12128
2026/10/01 00:01:56.256, 12248
2026/10/01 00:01:56.357, 12248
2026/10/01 00:01:56.457, 12294
2026/10/01 00:01:56.557, 12354
2026/10/01 00:01:56.657, 12474
2026/10/01 00:01:56.757, 12474
2026/10/01 00:01:56.857, 12580
2026/10/01 00:01:56.957, 12700
2026/10/01 00:01:57.058, 12700
2026/10/01 00:01:57.158, 12746
2026/10/01 00:01:57.258, 12806
2026/10/01 00:01:57.358, 12926
2026/10/01 00:01:57.458, 12926
2026/10/01 00:01:57.558, 13032
2026/10/01 00:01:57.658, 13152
2026/10/01 00:01:57.758, 13152
2026/10/01 00:01:57.859, 13198
2026/10/01 00:01:57.959, 13334
2026/10/01 00:01:58.059, 13334
2026/10/01 00:01:58.159, 13380
2026/10/01 00:01:58.259, 13440
2026/10/01 00:01:58.359, 13500
2026/10/01 00:01:58.459, 13620
2026/10/01 00:01:58.560, 13636
2026/10/01 00:01:58.660, 13726
2026/10/01 00:01:58.760, 13846
2026/10/01 00:01:58.860, 13846
2026/10/01 00:01:58.960, 13892
2026/10/01 00:01:59.060, 13952
2026/10/01 00:01:59.160, 14072
2026/10/01 00:01:59.260, 14088
2026/10/01 00:01:59.361, 14178
2026/10/01 00:01:59.461, 14298
2026/10/01 00:01:59.561, 14298
2026/10/01 00:01:59.661, 14360
2026/10/01 00:01:59.761, 14420
2026/10/01 00:01:59.861, 14540
2026/10/01 00:01:59.961, 14540
2026/10/01 00:02:00.061, 14646
2026/10/01 00:02:00.162, 14766
2026/10/01 00:02:00.262, 14766
2026/10/01 00:02:00.362, 14796
2026/10/01 00:02:00.462, 14872
2026/10/01 00:02:00.562, 14992
2026/10/01 00:02:00.662, 14992
2026/10/01 00:02:00.762, 15098
2026/10/01 00:02:00.863, 15218
2026/10/01 00:02:00.963, 15218
2026/10/01 00:02:01.063, 15264
2026/10/01 00:02:01.163, 15264
2026/10/01 00:02:01.263, 15264
2026/10/01 00:02:01.363, 15264
2026/10/01 00:02:01.463, 15264
2026/10/01 00:02:01.564, 15264
2026/10/01 00:02:01.664, 12522
2026/10/01 00:02:01.764, 12156
2026/10/01 00:02:01.864, 12156
2026/10/01 00:02:01.964, 12156
2026/10/01 00:02:02.064, 12308
2026/10/01 00:02:02.164, 12308
2026/10/01 00:02:02.265, 12308
2026/10/01 00:02:02.365, 12400
2026/10/01 00:02:02.465, 12592
2026/10/01 00:02:02.565, 12592
2026/10/01 00:02:02.665, 12592
2026/10/01 00:02:02.765, 12592
2026/10/01 00:02:02.865, 12592
2026/10/01 00:02:02.965, 12592
2026/10/01 00:02:03.066, 12592
2026/10/01 00:02:03.166, 12592
2026/10/01 00:02:03.266, 12592
2026/10/01 00:02:03.366, 12592
2026/10/01 00:02:03.466, 12592
2026/10/01 00:02:03.566, 12592
2026/10/01 00:02:03.667, 20036
2026/10/01 00:02:03.767, 20036
2026/10/01 00:02:03.867, 20036
2026/10/01 00:02:03.967, 20036
2026/10/01 00:02:04.067, 20036
2026/10/01 00:02:04.167, 20036
2026/10/01 00:02:04.268, 20036
2026/10/01 00:02:04.368, 20194
2026/10/01 00:02:04.468, 20194
2026/10/01 00:02:04.568, 20378
2026/10/01 00:02:04.668, 20380
2026/10/01 00:02:04.768, 20380
2026/10/01 00:02:04.868, 20380
2026/10/01 00:02:04.968, 20380
2026/10/01 00:02:05.069, 20380
2026/10/01 00:02:05.169, 20380
2026/10/01 00:02:05.269, 20380
2026/10/01 00:02:05.369, 20380
2026/10/01 00:02:05.469, 20380
2026/10/01 00:02:05.569, 20380
2026/10/01 00:02:05.670, 20380
2026/10/01 00:02:05.770, 20380
2026/10/01 00:02:05.870, 20380
2026/10/01 00:02:05.970, 20380
2026/10/01 00:02:06.070, 20380
2026/10/01 00:02:06.170, 20380
2026/10/01 00:02:06.270, 20380
2026/10/01 00:02:06.370, 20380
2026/10/01 00:02:06.471, 20380
2026/10/01 00:02:06.571, 20380
2026/10/01 00:02:06.671, 20380
2026/10/01 00:02:06.771, 20380
2026/10/01 00:02:06.871, 20380
2026/10/01 00:02:06.971, 20380
2026/10/01 00:02:07.072, 20380
2026/10/01 00:02:07.172, 20380
2026/10/01 00:02:07.272, 20380
2026/10/01 00:02:07.372, 20380
2026/10/01 00:02:07.472, 20380
2026/10/01 00:02:07.572, 20380
2026/10/01 00:02:07.673, 20380
2026/10/01 00:02:07.773, 20380
2026/10/01 00:02:07.873, 20380
2026/10/01 00:02:07.973, 20380
2026/10/01 00:02:08.073, 20380
2026/10/01 00:02:08.173, 20380
2026/10/01 00:02:08.274, 20380
2026/10/01 00:02:08.374, 20380
2026/10/01 00:02:08.474, 20380
2026/10/01 00:02:08.574, 20380
2026/10/01 00:02:08.674, 20380
2026/10/01 00:02:08.774, 20380
2026/10/01 00:02:08.875, 20380
2026/10/01 00:02:08.975, 20380
2026/10/01 00:02:09.075, 20380
2026/10/01 00:02:09.175, 20380
2026/10/01 00:02:09.275, 20380
2026/10/01 00:02:09.375, 20380
2026/10/01 00:02:09.475, 20380
2026/10/01 00:02:09.576, 20380
2026/10/01 00:02:09.676, 20380
2026/10/01 00:02:09.776, 20380
2026/10/01 00:02:09.876, 20380
2026/10/01 00:02:09.976, 20380
2026/10/01 00:02:10.076, 20380
2026/10/01 00:02:10.176, 20380
2026/10/01 00:02:10.277, 20380
2026/10/01 00:02:10.377, 20380
2026/10/01 00:02:10.477, 20380
2026/10/01 00:02:10.577, 194
2026/10/01 00:02:10.677, 194
2026/10/01 00:02:10.777, 194
2026/10/01 00:02:10.878, 194
2026/10/01 00:02:10.978, 0
2026/10/01 00:02:11.095, 0
2026/10/01 00:02:11.195, 0
2026/10/01 00:02:11.296, 0
