2026/10/01 00:22:28.700, 0
2026/10/01 00:22:28.800, 0
2026/10/01 00:22:28.900, 0
2026/10/01 00:22:29.000, 0
2026/10/01 00:22:29.100, 0
2026/10/01 00:22:29.201, 0
2026/10/01 00:22:29.301, 0
2026/10/01 00:22:29.401, 0
2026/10/01 00:22:29.501, 0
2026/10/01 00:22:29.601, 0
2026/10/01 00:22:29.701, 0
2026/10/01 00:22:29.801, 0
2026/10/01 00:22:29.902, 0
2026/10/01 00:22:30.002, 0
2026/10/01 00:22:30.102, 0
2026/10/01 00:22:30.202, 0
2026/10/01 00:22:30.302, 0
2026/10/01 00:22:30.402, 0
2026/10/01 00:22:30.502, 0
2026/10/01 00:22:30.602, 0
2026/10/01 00:22:30.703, 0
2026/10/01 00:22:30.803, 3
2026/10/01 00:22:30.903, 7550
2026/10/01 00:22:31.003, 7550
2026/10/01 00:22:31.103, 7550
2026/10/01 00:22:31.203, 7550
2026/10/01 00:22:31.304, 7550
2026/10/01 00:22:31.404, 7550
2026/10/01 00:22:31.504, 7550
2026/10/01 00:22:31.604, 7550
2026/10/01 00:22:31.704, 7550
2026/10/01 00:22:31.804, 7550
2026/10/01 00:22:31.904, 7550
2026/10/01 00:22:32.005, 7550
2026/10/01 00:22:32.105, 7550
2026/10/01 00:22:32.205, 7550
2026/10/01 00:22:32.305, 7550
2026/10/01 00:22:32.405, 7550
2026/10/01 00:22:32.505, 7550
2026/10/01 00:22:32.605, 7550
2026/10/01 00:22:32.705, 7550
2026/10/01 00:22:32.806, 7550
2026/10/01 00:22:32.906, 7550
2026/10/01 00:22:33.006, 7550
2026/10/01 00:22:33.106, 7550
2026/10/01 00:22:33.206, 7550
2026/10/01 00:22:33.306, 7550
2026/10/01 00:22:33.406, 7550
2026/10/01 00:22:33.507, 7550
2026/10/01 00:22:33.607, 7550
2026/10/01 00:22:33.707, 7550
2026/10/01 00:22:33.807, 7550
2026/10/01 00:22:33.907, 7550
2026/10/01 00:22:34.007, 7550
2026/10/01 00:22:34.107, 7550
2026/10/01 00:22:34.207, 7550
2026/10/01 00:22:34.308, 7550
2026/10/01 00:22:34.408, 7550
2026/10/01 00:22:34.508, 7550
2026/10/01 00:22:34.608, 7550
2026/10/01 00:22:34.708, 7550
2026/10/01 00:22:34.808, 7550
2026/10/01 00:22:34.908, 7550
2026/10/01 00:22:35.009, 7550
2026/10/01 00:22:35.109, 7550
2026/10/01 00:22:35.209, 7550
2026/10/01 00:22:35.309, 7550
2026/10/01 00:22:35.409, 7550
2026/10/01 00:22:35.509, 7550
2026/10/01 00:22:35.609, 7550
2026/10/01 00:22:35.709, 7550
2026/10/01 00:22:35.810, 7550
2026/10/01 00:22:35.910, 7550
2026/10/01 00:22:36.010, 7550
2026/10/01 00:22:36.110, 7550
2026/10/01 00:22:36.210, 7550
2026/10/01 00:22:36.310, 7550
2026/10/01 00:22:36.410, 7550
2026/10/01 00:22:36.510, 7550
2026/10/01 00:22:36.611, 7550
2026/10/01 00:22:36.711, 7550
2026/10/01 00:22:36.811, 7550
2026/10/01 00:22:36.911, 7550
2026/10/01 00:22:37.011, 7550
2026/10/01 00:22:37.111, 7550
2026/10/01 00:22:37.211, 7550
2026/10/01 00:22:37.311, 7550
2026/10/01 00:22:37.411, 7550
2026/10/01 00:22:37.512, 7550
2026/10/01 00:22:37.612, 7550
2026/10/01 00:22:37.712, 7550
2026/10/01 00:22:37.812, 7550
2026/10/01 00:22:37.912, 7550
2026/10/01 00:22:38.012, 7550
2026/10/01 00:22:38.112, 7550
2026/10/01 00:22:38.212, 7550
2026/10/01 00:22:38.313, 7550
2026/10/01 00:22:38.413, 7550
2026/10/01 00:22:38.513, 7550
2026/10/01 00:22:38.613, 7550
2026/10/01 00:22:38.713, 7550
2026/10/01 00:22:38.813, 7550
2026/10/01 00:22:38.913, 7550
2026/10/01 00:22:39.013, 7550
2026/10/01 00:22:39.113, 7550
2026/10/01 00:22:39.214, 7550
2026/10/01 00:22:39.314, 7550
2026/10/01 00:22:39.414, 7550
2026/10/01 00:22:39.514, 7550
2026/10/01 00:22:39.614, 7550
2026/10/01 00:22:39.714, 7550
2026/10/01 00:22:39.814, 7550
2026/10/01 00:22:39.914, 7550
2026/10/01 00:22:40.015, 7550
2026/10/01 00:22:40.115, 7550
2026/10/01 00:22:40.215, 7550
2026/10/01 00:22:40.315, 7550
2026/10/01 00:22:40.415, 7550
2026/10/01 00:22:40.515, 7550
2026/10/01 00:22:40.615, 7550
2026/10/01 00:22:40.715, 7550
2026/10/01 00:22:40.816, 7550
2026/10/01 00:22:40.916, 7550
2026/10/01 00:22:41.016, 7550
2026/10/01 00:22:41.116, 7550
2026/10/01 00:22:41.216, 7550
2026/10/01 00:22:41.316, 7550
2026/10/01 00:22:41.416, 7550
2026/10/01 00:22:41.516, 7550
2026/10/01 00:22:41.617, 7550
2026/10/01 00:22:41.717, 7550
2026/10/01 00:22:41.817, 7550
2026/10/01 00:22:41.917, 7550
2026/10/01 00:22:42.017, 7550
2026/10/01 00:22:42.117, 7550
2026/10/01 00:22:42.217, 7550
2026/10/01 00:22:42.318, 7550
2026/10/01 00:22:42.418, 7550
2026/10/01 00:22:42.518, 7550
2026/10/01 00:22:42.618, 7550
2026/10/01 00:22:42.718, 7550
2026/10/01 00:22:42.818, 7550
2026/10/01 00:22:42.919, 7550
2026/10/01 00:22:43.019, 7550
2026/10/01 00:22:43.119, 7550
2026/10/01 00:22:43.219, 7550
2026/10/01 00:22:43.319, 7550
2026/10/01 00:22:43.419, 7550
2026/10/01 00:22:43.520, 7550
2026/10/01 00:22:43.620, 7550
2026/10/01 00:22:43.720, 7550
2026/10/01 00:22:43.820, 7550
2026/10/01 00:22:43.920, 7550
2026/10/01 00:22:44.020, 7550
2026/10/01 00:22:44.121, 7550
2026/10/01 00:22:44.221, 7550
2026/10/01 00:22:44.321, 7550
2026/10/01 00:22:44.421, 7550
2026/10/01 00:22:44.521, 7550
2026/10/01 00:22:44.621, 7550
2026/10/01 00:22:44.721, 7550
2026/10/01 00:22:44.821, 7550
2026/10/01 00:22:44.922, 7550
2026/10/01 00:22:45.022, 7550
2026/10/01 00:22:45.122, 7550
2026/10/01 00:22:45.222, 7550
2026/10/01 00:22:45.322, 7550
2026/10/01 00:22:45.423, 7550
2026/10/01 00:22:45.523, 7550
2026/10/01 00:22:45.623, 7550
2026/10/01 00:22:45.723, 7550
2026/10/01 00:22:45.823, 7550
2026/10/01 00:22:45.923, 7550
2026/10/01 00:22:46.024, 7550
2026/10/01 00:22:46.124, 7550
2026/10/01 00:22:46.224, 7550
2026/10/01 00:22:46.324, 7550
2026/10/01 00:22:46.424, 7550
2026/10/01 00:22:46.524, 7550
2026/10/01 00:22:46.624, 7550
2026/10/01 00:22:46.724, 7550
2026/10/01 00:22:46.825, 7550
2026/10/01 00:22:46.925, 7550
2026/10/01 00:22:47.025, 7550
2026/10/01 00:22:47.125, 7550
2026/10/01 00:22:47.225, 7550
2026/10/01 00:22:47.325, 7550
2026/10/01 00:22:47.425, 7550
2026/10/01 00:22:47.526, 7550
2026/10/01 00:22:47.626, 7550
2026/10/01 00:22:47.726, 7550
2026/10/01 00:22:47.826, 7550
2026/10/01 00:22:47.926, 7550
2026/10/01 00:22:48.026, 7550
2026/10/01 00:22:48.126, 7550
2026/10/01 00:22:48.226, 7550
2026/10/01 00:22:48.327, 7550
2026/10/01 00:22:48.427, 7550
2026/10/01 00:22:48.527, 7550
2026/10/01 00:22:48.627, 7550
2026/10/01 00:22:48.727, 7550
2026/10/01 00:22:48.827, 7550
2026/10/01 00:22:48.927, 7550
2026/10/01 00:22:49.028, 7550
2026/10/01 00:22:49.128, 7550
2026/10/01 00:22:49.228, 7550
2026/10/01 00:22:49.328, 7550
2026/10/01 00:22:49.428, 7550
2026/10/01 00:22:49.528, 7550
2026/10/01 00:22:49.628, 7550
2026/10/01 00:22:49.728, 7550
2026/10/01 00:22:49.829, 7550
2026/10/01 00:22:49.929, 7550
2026/10/01 00:22:50.029, 7550
2026/10/01 00:22:50.129, 7550
2026/10/01 00:22:50.229, 7550
2026/10/01 00:22:50.329, 7550
2026/10/01 00:22:50.429, 7550
2026/10/01 00:22:50.529, 7550
2026/10/01 00:22:50.629, 7550
2026/10/01 00:22:50.730, 7550
2026/10/01 00:22:50.830, 7550
2026/10/01 00:22:50.930, 7550
2026/10/01 00:22:51.030, 7550
2026/10/01 00:22:51.130, 7550
2026/10/01 00:22:51.230, 7550
2026/10/01 00:22:51.330, 7550
2026/10/01 00:22:51.430, 7550
2026/10/01 00:22:51.530, 7550
2026/10/01 00:22:51.631, 7550
2026/10/01 00:22:51.731, 7550
2026/10/01 00:22:51.831, 7550
2026/10/01 00:22:51.931, 7550
2026/10/01 00:22:52.031, 7550
2026/10/01 00:22:52.132, 7550
2026/10/01 00:22:52.232, 7565
2026/10/01 00:22:52.333, 7794
2026/10/01 00:22:52.433, 7794
2026/10/01 00:22:52.533, 7794
2026/10/01 00:22:52.633, 8982
2026/10/01 00:22:52.733, 9032
2026/10/01 00:22:52.834, 9032
2026/10/01 00:22:52.934, 9032
2026/10/01 00:22:53.034, 9032
2026/10/01 00:22:53.134, 9032
2026/10/01 00:22:53.234, 9032
2026/10/01 00:22:53.334, 9032
2026/10/01 00:22:53.435, 10220
2026/10/01 00:22:53.535, 10220
2026/10/01 00:22:53.635, 10220
2026/10/01 00:22:53.735, 10316
2026/10/01 00:22:53.835, 10470
2026/10/01 00:22:53.935, 10500
2026/10/01 00:22:54.035, 10910
2026/10/01 00:22:54.136, 10950
2026/10/01 00:22:54.236, 11058
2026/10/01 00:22:54.336, 11392
2026/10/01 00:22:54.436, 11566
2026/10/01 00:22:54.536, 12452
2026/10/01 00:22:54.636, 12560
2026/10/01 00:22:54.736, 12720
2026/10/01 00:22:54.836, 13000
2026/10/01 00:22:54.936, 13714
2026/10/01 00:22:55.037, 13822
2026/10/01 00:22:55.137, 14098
2026/10/01 00:22:55.237, 14796
2026/10/01 00:22:55.337, 15356
2026/10/01 00:22:55.437, 15416
2026/10/01 00:22:55.537, 15536
2026/10/01 00:22:55.637, 15536
2026/10/01 00:22:55.737, 15626
2026/10/01 00:22:55.837, 15746
2026/10/01 00:22:55.937, 15746
2026/10/01 00:22:56.038, 15776
2026/10/01 00:22:56.138, 15836
2026/10/01 00:22:56.238, 15956
2026/10/01 00:22:56.338, 15956
2026/10/01 00:22:56.438, 16032
2026/10/01 00:22:56.538, 16092
2026/10/01 00:22:56.638, 16228
2026/10/01 00:22:56.738, 16228
2026/10/01 00:22:56.838, 16274
2026/10/01 00:22:56.938, 16334
2026/10/01 00:22:57.039, 16454
2026/10/01 00:22:57.139, 16500
2026/10/01 00:22:57.239, 16560
2026/10/01 00:22:57.339, 16680
2026/10/01 00:22:57.439, 16680
2026/10/01 00:22:57.539, 16726
2026/10/01 00:22:57.639, 16786
2026/10/01 00:22:57.739, 16906
2026/10/01 00:22:57.839, 16952
2026/10/01 00:22:57.940, 17012
2026/10/01 00:22:58.040, 17132
2026/10/01 00:22:58.140, 17132
2026/10/01 00:22:58.240, 17178
2026/10/01 00:22:58.340, 17238
2026/10/01 00:22:58.440, 17358
2026/10/01 00:22:58.540, 17404
2026/10/01 00:22:58.640, 17464
2026/10/01 00:22:58.741, 17584
2026/10/01 00:22:58.841, 17584
2026/10/01 00:22:58.941, 17630
2026/10/01 00:22:59.041, 17720
2026/10/01 00:22:59.141, 17840
2026/10/01 00:22:59.241, 17840
2026/10/01 00:22:59.341, 17916
2026/10/01 00:22:59.442, 18036
2026/10/01 00:22:59.542, 18036
2026/10/01 00:22:59.642, 18082
2026/10/01 00:22:59.742, 18142
2026/10/01 00:22:59.842, 18262
2026/10/01 00:22:59.942, 18262
2026/10/01 00:23:00.042, 18308
2026/10/01 00:23:00.142, 18368
2026/10/01 00:23:00.243, 18488
2026/10/01 00:23:00.343, 18548
2026/10/01 00:23:00.443, 18684
2026/10/01 00:23:00.543, 18684
2026/10/01 00:23:00.643, 18730
2026/10/01 00:23:00.743, 18790
2026/10/01 00:23:00.843, 18926
2026/10/01 00:23:00.944, 18926
2026/10/01 00:23:01.044, 19032
2026/10/01 00:23:01.144, 19152
2026/10/01 00:23:01.244, 19152
2026/10/01 00:23:01.344, 16886
2026/10/01 00:23:01.444, 16088
2026/10/01 00:23:01.544, 16436
2026/10/01 00:23:01.644, 16556
2026/10/01 00:23:01.745, 16574
2026/10/01 00:23:01.845, 16664
2026/10/01 00:23:01.945, 16784
2026/10/01 00:23:02.045, 16784
2026/10/01 00:23:02.145, 16830
2026/10/01 00:23:02.245, 16890
2026/10/01 00:23:02.345, 17010
2026/10/01 00:23:02.445, 17010
2026/10/01 00:23:02.546, 17116
2026/10/01 00:23:02.646, 17236
2026/10/01 00:23:02.746, 17236
2026/10/01 00:23:02.846, 17284
2026/10/01 00:23:02.946, 17344
2026/10/01 00:23:03.046, 17464
2026/10/01 00:23:03.146, 17464
2026/10/01 00:23:03.246, 17554
2026/10/01 00:23:03.346, 17674
2026/10/01 00:23:03.447, 17674
2026/10/01 00:23:03.547, 17756
2026/10/01 00:23:03.647, 17876
2026/10/01 00:23:03.747, 17898
2026/10/01 00:23:03.847, 18004
2026/10/01 00:23:03.947, 18064
2026/10/01 00:23:04.047, 18184
2026/10/01 00:23:04.148, 18184
2026/10/01 00:23:04.248, 18250
2026/10/01 00:23:04.348, 18310
2026/10/01 00:23:04.448, 18430
2026/10/01 00:23:04.548, 18468
2026/10/01 00:23:04.648, 18574
2026/10/01 00:23:04.748, 18694
2026/10/01 00:23:04.848, 18694
2026/10/01 00:23:04.948, 18760
2026/10/01 00:23:05.049, 18820
2026/10/01 00:23:05.149, 18940
2026/10/01 00:23:05.249, 18978
2026/10/01 00:23:05.349, 19084
2026/10/01 00:23:05.449, 19204
2026/10/01 00:23:05.549, 19204
2026/10/01 00:23:05.649, 19254
2026/10/01 00:23:05.749, 19314
2026/10/01 00:23:05.850, 19434
2026/10/01 00:23:05.950, 19434
2026/10/01 00:23:06.050, 19576
2026/10/01 00:23:06.150, 19696
2026/10/01 00:23:06.250, 19696
2026/10/01 00:23:06.350, 19764
2026/10/01 00:23:06.450, 19824
2026/10/01 00:23:06.551, 19944
2026/10/01 00:23:06.651, 19944
2026/10/01 00:23:06.751, 20010
2026/10/01 00:23:06.851, 20010
2026/10/01 00:23:06.951, 20010
2026/10/01 00:23:07.051, 20010
2026/10/01 00:23:07.151, 20010
2026/10/01 00:23:07.252, 20010
2026/10/01 00:23:07.352, 19512
2026/10/01 00:23:07.452, 19512
2026/10/01 00:23:07.552, 19512
2026/10/01 00:23:07.652, 19664
2026/10/01 00:23:07.752, 19664
2026/10/01 00:23:07.853, 19664
2026/10/01 00:23:07.953, 19720
2026/10/01 00:23:08.053, 19756
2026/10/01 00:23:08.153, 19948
2026/10/01 00:23:08.253, 19948
2026/10/01 00:23:08.353, 19948
2026/10/01 00:23:08.454, 19948
2026/10/01 00:23:08.554, 19948
2026/10/01 00:23:08.654, 19948
2026/10/01 00:23:08.754, 19948
2026/10/01 00:23:08.854, 19948
2026/10/01 00:23:08.954, 19948
2026/10/01 00:23:09.054, 19948
2026/10/01 00:23:09.155, 19948
2026/10/01 00:23:09.255, 19948
2026/10/01 00:23:09.355, 21568
2026/10/01 00:23:09.455, 21568
2026/10/01 00:23:09.555, 21568
2026/10/01 00:23:09.655, 21568
2026/10/01 00:23:09.755, 21568
2026/10/01 00:23:09.855, 21568
2026/10/01 00:23:09.956, 21568
2026/10/01 00:23:10.056, 21710
2026/10/01 00:23:10.156, 21710
2026/10/01 00:23:10.256, 21860
2026/10/01 00:23:10.356, 21896
2026/10/01 00:23:10.456, 21896
2026/10/01 00:23:10.556, 21896
2026/10/01 00:23:10.656, 21896
2026/10/01 00:23:10.757, 21896
2026/10/01 00:23:10.857, 21896
2026/10/01 00:23:10.957, 21896
2026/10/01 00:23:11.057, 21896
2026/10/01 00:23:11.157, 21896
2026/10/01 00:23:11.257, 21896
2026/10/01 00:23:11.357, 21896
2026/10/01 00:23:11.458, 21896
2026/10/01 00:23:11.558, 21896
2026/10/01 00:23:11.658, 21896
2026/10/01 00:23:11.758, 21896
2026/10/01 00:23:11.858, 21896
2026/10/01 00:23:11.958, 21896
2026/10/01 00:23:12.058, 21896
2026/10/01 00:23:12.158, 21896
2026/10/01 00:23:12.259, 21896
2026/10/01 00:23:12.359, 21896
2026/10/01 00:23:12.459, 21896
2026/10/01 00:23:12.559, 21896
2026/10/01 00:23:12.659, 21896
2026/10/01 00:23:12.759, 21896
2026/10/01 00:23:12.860, 21896
2026/10/01 00:23:12.960, 21896
2026/10/01 00:23:13.060, 21896
2026/10/01 00:23:13.160, 21896
2026/10/01 00:23:13.260, 21896
2026/10/01 00:23:13.360, 21896
2026/10/01 00:23:13.461, 21896
2026/10/01 00:23:13.561, 21896
2026/10/01 00:23:13.661, 21896
2026/10/01 00:23:13.761, 21896
2026/10/01 00:23:13.861, 21896
2026/10/01 00:23:13.961, 21896
2026/10/01 00:23:14.062, 21896
2026/10/01 00:23:14.162, 21896
2026/10/01 00:23:14.262, 21896
2026/10/01 00:23:14.362, 21896
2026/10/01 00:23:14.462, 21896
2026/10/01 00:23:14.562, 21896
2026/10/01 00:23:14.663, 21896
2026/10/01 00:23:14.763, 21896
2026/10/01 00:23:14.863, 21896
2026/10/01 00:23:14.963, 21896
2026/10/01 00:23:15.063, 21896
2026/10/01 00:23:15.163, 21896
2026/10/01 00:23:15.263, 21896
2026/10/01 00:23:15.364, 21896
2026/10/01 00:23:15.464, 21896
2026/10/01 00:23:15.564, 21896
2026/10/01 00:23:15.664, 21896
2026/10/01 00:23:15.764, 21896
2026/10/01 00:23:15.864, 21896
2026/10/01 00:23:15.964, 21896
2026/10/01 00:23:16.065, 21896
2026/10/01 00:23:16.165, 21896
2026/10/01 00:23:16.265, 7550
2026/10/01 00:23:16.365, 7550
2026/10/01 00:23:16.465, 7550
2026/10/01 00:23:16.565, 7550
2026/10/01 00:23:16.666, 0
2026/10/01 00:23:16.793, 0
