2026/09/30 12:21:23.260, 71, 1890, 259.37
2026/09/30 12:21:23.264, 67, 1905, 257.87
2026/09/30 12:21:24.268, 70, 1890, 136.24
2026/09/30 12:21:24.268, 66, 1905, 138.23
2026/09/30 12:21:25.269, 69, 1800, 102.46
2026/09/30 12:21:25.269, 65, 1800, 107.10
2026/09/30 12:21:26.269, 68, 1800, 97.16
2026/09/30 12:21:26.269, 64, 1800, 99.53
2026/09/30 12:21:27.270, 67, 1800, 91.72
2026/09/30 12:21:27.270, 63, 1800, 91.49
2026/09/30 12:21:28.270, 67, 1800, 91.29
2026/09/30 12:21:28.270, 63, 1800, 90.80
2026/09/30 12:21:29.271, 66, 1800, 90.70
2026/09/30 12:21:29.271, 62, 1800, 90.32
2026/09/30 12:21:30.271, 65, 1800, 89.97
2026/09/30 12:21:30.271, 62, 1800, 89.87
2026/09/30 12:21:31.271, 65, 1800, 89.57
2026/09/30 12:21:31.272, 61, 1800, 89.54
2026/09/30 12:21:32.272, 65, 1800, 89.31
2026/09/30 12:21:32.272, 61, 1800, 89.21
2026/09/30 12:21:33.272, 64, 1800, 88.92
2026/09/30 12:21:33.273, 60, 1800, 88.64
2026/09/30 12:21:34.273, 64, 1800, 88.72
2026/09/30 12:21:34.273, 60, 1800, 88.17
2026/09/30 12:21:35.273, 63, 1800, 88.29
2026/09/30 12:21:35.273, 60, 1800, 87.83
2026/09/30 12:21:36.274, 63, 1800, 88.00
2026/09/30 12:21:36.274, 59, 1800, 87.16
2026/09/30 12:21:37.274, 65, 1800, 95.21
2026/09/30 12:21:37.274, 61, 1800, 94.30
2026/09/30 12:21:38.275, 68, 1845, 276.43
2026/09/30 12:21:38.275, 64, 1875, 272.12
2026/09/30 12:21:39.275, 69, 1845, 298.43
2026/09/30 12:21:39.275, 65, 1860, 298.43
2026/09/30 12:21:40.275, 69, 1845, 298.61
2026/09/30 12:21:40.276, 65, 1860, 297.49
2026/09/30 12:21:41.276, 69, 1845, 298.62
2026/09/30 12:21:41.276, 65, 1845, 296.33
2026/09/30 12:21:42.276, 70, 1845, 299.11
2026/09/30 12:21:42.276, 65, 1845, 295.80
2026/09/30 12:21:43.277, 70, 1845, 299.07
2026/09/30 12:21:43.277, 66, 1845, 296.10
2026/09/30 12:21:44.277, 70, 1845, 298.90
2026/09/30 12:21:44.277, 66, 1845, 296.91
2026/09/30 12:21:45.277, 71, 1830, 299.12
2026/09/30 12:21:45.278, 66, 1845, 297.93
2026/09/30 12:21:46.278, 71, 1830, 299.00
2026/09/30 12:21:46.278, 67, 1845, 298.64
2026/09/30 12:21:47.278, 71, 1845, 299.06
2026/09/30 12:21:47.278, 67, 1845, 297.96
2026/09/30 12:21:48.279, 71, 1830, 299.25
2026/09/30 12:21:48.279, 67, 1830, 298.50
2026/09/30 12:21:49.279, 71, 1830, 298.79
2026/09/30 12:21:49.279, 67, 1830, 298.46
2026/09/30 12:21:50.280, 72, 1830, 299.09
2026/09/30 12:21:50.280, 68, 1845, 297.27
2026/09/30 12:21:51.280, 72, 1830, 290.90
2026/09/30 12:21:51.280, 67, 1830, 288.77
2026/09/30 12:21:52.280, 72, 1830, 296.71
2026/09/30 12:21:52.281, 68, 1830, 294.72
2026/09/30 12:21:53.281, 72, 1830, 298.25
2026/09/30 12:21:53.281, 68, 1830, 298.54
2026/09/30 12:21:54.281, 72, 1815, 297.41
2026/09/30 12:21:54.281, 68, 1830, 296.74
2026/09/30 12:21:55.282, 72, 1815, 293.37
2026/09/30 12:21:55.282, 68, 1830, 297.20
2026/09/30 12:21:56.282, 73, 1830, 294.77
2026/09/30 12:21:56.283, 69, 1830, 297.57
2026/09/30 12:21:57.283, 73, 1815, 295.18
2026/09/30 12:21:57.283, 69, 1830, 298.17
2026/09/30 12:21:58.283, 73, 1815, 294.37
2026/09/30 12:21:58.283, 69, 1830, 297.75
2026/09/30 12:21:59.284, 73, 1815, 294.38
2026/09/30 12:21:59.284, 69, 1815, 299.29
2026/09/30 12:22:00.284, 73, 1815, 289.17
2026/09/30 12:22:00.284, 69, 1830, 291.81
2026/09/30 12:22:01.284, 73, 1815, 294.98
2026/09/30 12:22:01.285, 69, 1815, 299.36
2026/09/30 12:22:02.285, 73, 1845, 295.29
2026/09/30 12:22:02.285, 69, 1830, 298.31
2026/09/30 12:22:03.285, 74, 1815, 296.19
2026/09/30 12:22:03.285, 70, 1815, 296.77
2026/09/30 12:22:04.286, 74, 1815, 296.48
2026/09/30 12:22:04.286, 70, 1815, 297.01
2026/09/30 12:22:05.286, 74, 1830, 297.87
2026/09/30 12:22:05.286, 70, 1845, 296.58
2026/09/30 12:22:06.286, 74, 1830, 297.95
2026/09/30 12:22:06.286, 70, 1860, 298.56
2026/09/30 12:22:07.287, 74, 1830, 298.19
2026/09/30 12:22:07.287, 70, 1845, 298.51
2026/09/30 12:22:08.287, 74, 1830, 298.20
2026/09/30 12:22:08.287, 70, 1830, 297.13
2026/09/30 12:22:09.287, 75, 1830, 297.36
2026/09/30 12:22:09.288, 71, 1830, 296.87
2026/09/30 12:22:10.288, 75, 1845, 298.54
2026/09/30 12:22:10.288, 71, 1845, 296.57
2026/09/30 12:22:11.288, 75, 1830, 298.68
2026/09/30 12:22:11.288, 71, 1830, 296.57
2026/09/30 12:22:12.288, 75, 1830, 298.27
2026/09/30 12:22:12.288, 71, 1830, 296.32
2026/09/30 12:22:13.289, 75, 1830, 298.85
2026/09/30 12:22:13.289, 71, 1830, 296.85
2026/09/30 12:22:14.289, 75, 1845, 298.44
2026/09/30 12:22:14.289, 71, 1845, 297.74
2026/09/30 12:22:15.289, 75, 1845, 298.84
2026/09/30 12:22:15.290, 71, 1830, 297.21
2026/09/30 12:22:16.290, 75, 1830, 299.15
2026/09/30 12:22:16.290, 71, 1830, 297.30
2026/09/30 12:22:17.291, 75, 1830, 298.41
2026/09/30 12:22:17.291, 71, 1830, 297.20
2026/09/30 12:22:18.291, 75, 1830, 298.48
2026/09/30 12:22:18.291, 71, 1830, 297.59
2026/09/30 12:22:19.292, 76, 1830, 298.77
2026/09/30 12:22:19.292, 71, 1830, 298.72
2026/09/30 12:22:20.292, 76, 1830, 299.11
2026/09/30 12:22:20.292, 71, 1830, 298.02
2026/09/30 12:22:21.292, 76, 1830, 298.87
2026/09/30 12:22:21.292, 71, 1815, 298.13
2026/09/30 12:22:22.293, 76, 1830, 298.97
2026/09/30 12:22:22.293, 72, 1830, 297.71
2026/09/30 12:22:23.293, 76, 1815, 298.71
2026/09/30 12:22:23.293, 72, 1845, 298.62
2026/09/30 12:22:24.294, 76, 1815, 298.65
2026/09/30 12:22:24.294, 72, 1845, 298.67
2026/09/30 12:22:25.294, 76, 1845, 298.64
2026/09/30 12:22:25.294, 72, 1830, 297.75
2026/09/30 12:22:26.294, 76, 1830, 298.73
2026/09/30 12:22:26.295, 72, 1845, 297.38
2026/09/30 12:22:27.295, 76, 1845, 298.82
2026/09/30 12:22:27.295, 72, 1830, 298.70
2026/09/30 12:22:28.295, 77, 1845, 299.46
2026/09/30 12:22:28.295, 72, 1860, 296.30
