2026/09/29 23:40:15.369, 2040 MHz, 9001 MHz, 65.34 W, 37, 0 %, 0x0000000000000001
2026/09/29 23:40:15.474, 2040 MHz, 9001 MHz, 65.34 W, 37, 0 %, 0x0000000000000001
2026/09/29 23:40:15.574, 2040 MHz, 9001 MHz, 65.38 W, 37, 0 %, 0x0000000000000001
2026/09/29 23:40:15.674, 2040 MHz, 9001 MHz, 65.36 W, 37, 0 %, 0x0000000000000001
2026/09/29 23:40:15.774, 2040 MHz, 9001 MHz, 65.34 W, 37, 0 %, 0x0000000000000001
2026/09/29 23:40:15.874, 2040 MHz, 9001 MHz, 65.31 W, 37, 0 %, 0x0000000000000001
2026/09/29 23:40:15.974, 2040 MHz, 9001 MHz, 65.34 W, 37, 0 %, 0x0000000000000001
2026/09/29 23:40:16.074, 2040 MHz, 9001 MHz, 65.35 W, 37, 0 %, 0x0000000000000001
2026/09/29 23:40:16.175, 2040 MHz, 9001 MHz, 65.35 W, 37, 0 %, 0x0000000000000001
2026/09/29 23:40:16.275, 2040 MHz, 9001 MHz, 65.36 W, 37, 0 %, 0x0000000000000001
2026/09/29 23:40:16.375, 2040 MHz, 9001 MHz, 65.35 W, 37, 0 %, 0x0000000000000001
2026/09/29 23:40:16.475, 2040 MHz, 9001 MHz, 65.36 W, 37, 0 %, 0x0000000000000001
2026/09/29 23:40:16.575, 2040 MHz, 9001 MHz, 65.34 W, 37, 0 %, 0x0000000000000001
2026/09/29 23:40:16.675, 2040 MHz, 9001 MHz, 65.36 W, 37, 0 %, 0x0000000000000001
2026/09/29 23:40:16.776, 2040 MHz, 9001 MHz, 65.39 W, 37, 0 %, 0x0000000000000001
2026/09/29 23:40:16.876, 2040 MHz, 9001 MHz, 65.38 W, 37, 0 %, 0x0000000000000001
2026/09/29 23:40:16.976, 2040 MHz, 9001 MHz, 65.38 W, 37, 0 %, 0x0000000000000001
2026/09/29 23:40:17.076, 2040 MHz, 9001 MHz, 65.35 W, 37, 0 %, 0x0000000000000001
2026/09/29 23:40:17.176, 2040 MHz, 9001 MHz, 65.33 W, 37, 0 %, 0x0000000000000001
2026/09/29 23:40:17.276, 2040 MHz, 9001 MHz, 65.31 W, 37, 0 %, 0x0000000000000001
2026/09/29 23:40:17.376, 2040 MHz, 9001 MHz, 65.33 W, 37, 0 %, 0x0000000000000001
2026/09/29 23:40:17.477, 2040 MHz, 9001 MHz, 65.36 W, 37, 0 %, 0x0000000000000001
2026/09/29 23:40:17.577, 2040 MHz, 9001 MHz, 65.35 W, 37, 0 %, 0x0000000000000001
2026/09/29 23:40:17.677, 2040 MHz, 9001 MHz, 65.35 W, 37, 0 %, 0x0000000000000001
2026/09/29 23:40:17.777, 2040 MHz, 9001 MHz, 65.32 W, 37, 0 %, 0x0000000000000001
2026/09/29 23:40:17.877, 2040 MHz, 9001 MHz, 65.29 W, 37, 0 %, 0x0000000000000001
2026/09/29 23:40:17.977, 2040 MHz, 9001 MHz, 65.34 W, 37, 0 %, 0x0000000000000001
2026/09/29 23:40:18.078, 2040 MHz, 9001 MHz, 65.37 W, 37, 0 %, 0x0000000000000001
2026/09/29 23:40:18.178, 2040 MHz, 9001 MHz, 65.35 W, 37, 0 %, 0x0000000000000001
2026/09/29 23:40:18.278, 2040 MHz, 9001 MHz, 65.37 W, 37, 0 %, 0x0000000000000001
2026/09/29 23:40:18.378, 2040 MHz, 9001 MHz, 65.39 W, 37, 0 %, 0x0000000000000001
2026/09/29 23:40:18.479, 2040 MHz, 9001 MHz, 65.36 W, 37, 0 %, 0x0000000000000001
2026/09/29 23:40:18.579, 2040 MHz, 9001 MHz, 65.32 W, 37, 0 %, 0x0000000000000001
2026/09/29 23:40:18.679, 2040 MHz, 9001 MHz, 65.31 W, 37, 0 %, 0x0000000000000001
2026/09/29 23:40:18.779, 2040 MHz, 9001 MHz, 65.33 W, 37, 0 %, 0x0000000000000001
2026/09/29 23:40:18.879, 2040 MHz, 9001 MHz, 65.35 W, 37, 0 %, 0x0000000000000001
2026/09/29 23:40:18.979, 2040 MHz, 9001 MHz, 65.39 W, 37, 0 %, 0x0000000000000001
2026/09/29 23:40:19.079, 2040 MHz, 9001 MHz, 65.37 W, 37, 0 %, 0x0000000000000001
2026/09/29 23:40:19.179, 2040 MHz, 9001 MHz, 65.34 W, 37, 0 %, 0x0000000000000001
2026/09/29 23:40:19.280, 2040 MHz, 9001 MHz, 65.34 W, 37, 0 %, 0x0000000000000001
2026/09/29 23:40:19.380, 2040 MHz, 9001 MHz, 65.33 W, 37, 0 %, 0x0000000000000001
2026/09/29 23:40:19.480, 2040 MHz, 9001 MHz, 65.33 W, 37, 0 %, 0x0000000000000001
2026/09/29 23:40:19.580, 2040 MHz, 9001 MHz, 65.32 W, 37, 0 %, 0x0000000000000001
2026/09/29 23:40:19.680, 2040 MHz, 9001 MHz, 65.33 W, 37, 0 %, 0x0000000000000001
2026/09/29 23:40:19.780, 2040 MHz, 9001 MHz, 65.35 W, 37, 0 %, 0x0000000000000001
2026/09/29 23:40:19.881, 2040 MHz, 9001 MHz, 65.30 W, 37, 0 %, 0x0000000000000001
2026/09/29 23:40:19.981, 2040 MHz, 9001 MHz, 65.33 W, 37, 0 %, 0x0000000000000001
2026/09/29 23:40:20.081, 2040 MHz, 9001 MHz, 65.31 W, 37, 0 %, 0x0000000000000001
2026/09/29 23:40:20.181, 2040 MHz, 9001 MHz, 65.31 W, 37, 0 %, 0x0000000000000001
2026/09/29 23:40:20.281, 2040 MHz, 9001 MHz, 65.31 W, 37, 0 %, 0x0000000000000001
2026/09/29 23:40:20.381, 2040 MHz, 9001 MHz, 65.33 W, 37, 0 %, 0x0000000000000001
2026/09/29 23:40:20.481, 2040 MHz, 9001 MHz, 65.33 W, 37, 0 %, 0x0000000000000001
2026/09/29 23:40:20.582, 2040 MHz, 9001 MHz, 65.34 W, 37, 0 %, 0x0000000000000001
2026/09/29 23:40:20.682, 2040 MHz, 9001 MHz, 65.35 W, 37, 0 %, 0x0000000000000001
2026/09/29 23:40:20.782, 2040 MHz, 9001 MHz, 65.37 W, 37, 0 %, 0x0000000000000001
2026/09/29 23:40:20.882, 2040 MHz, 9001 MHz, 65.38 W, 37, 0 %, 0x0000000000000001
2026/09/29 23:40:20.982, 2040 MHz, 9001 MHz, 65.43 W, 37, 0 %, 0x0000000000000001
2026/09/29 23:40:21.082, 2040 MHz, 9001 MHz, 65.38 W, 37, 0 %, 0x0000000000000001
2026/09/29 23:40:21.182, 2040 MHz, 9001 MHz, 65.38 W, 37, 0 %, 0x0000000000000001
2026/09/29 23:40:21.283, 2040 MHz, 9001 MHz, 65.39 W, 37, 0 %, 0x0000000000000001
2026/09/29 23:40:21.383, 2040 MHz, 9001 MHz, 65.36 W, 37, 0 %, 0x0000000000000001
2026/09/29 23:40:21.483, 2040 MHz, 9001 MHz, 65.36 W, 37, 0 %, 0x0000000000000001
2026/09/29 23:40:21.583, 2040 MHz, 9001 MHz, 65.36 W, 37, 0 %, 0x0000000000000001
2026/09/29 23:40:21.683, 2040 MHz, 9001 MHz, 65.38 W, 37, 0 %, 0x0000000000000001
2026/09/29 23:40:21.783, 2040 MHz, 9001 MHz, 65.36 W, 37, 0 %, 0x0000000000000001
2026/09/29 23:40:21.883, 2040 MHz, 9001 MHz, 65.31 W, 37, 0 %, 0x0000000000000001
2026/09/29 23:40:21.984, 2040 MHz, 9001 MHz, 65.26 W, 37, 0 %, 0x0000000000000001
2026/09/29 23:40:22.084, 2040 MHz, 9001 MHz, 65.29 W, 37, 0 %, 0x0000000000000001
2026/09/29 23:40:22.184, 2040 MHz, 9001 MHz, 65.29 W, 37, 0 %, 0x0000000000000001
2026/09/29 23:40:22.284, 2040 MHz, 9001 MHz, 65.33 W, 37, 0 %, 0x0000000000000001
2026/09/29 23:40:22.384, 2040 MHz, 9001 MHz, 65.34 W, 37, 0 %, 0x0000000000000001
2026/09/29 23:40:22.484, 2040 MHz, 9001 MHz, 65.37 W, 37, 0 %, 0x0000000000000001
2026/09/29 23:40:22.584, 2040 MHz, 9001 MHz, 65.39 W, 37, 0 %, 0x0000000000000001
2026/09/29 23:40:22.684, 2040 MHz, 9001 MHz, 65.39 W, 37, 0 %, 0x0000000000000001
2026/09/29 23:40:22.785, 2040 MHz, 9001 MHz, 65.37 W, 37, 0 %, 0x0000000000000001
2026/09/29 23:40:22.885, 2040 MHz, 9001 MHz, 65.39 W, 37, 0 %, 0x0000000000000001
2026/09/29 23:40:22.985, 2040 MHz, 9001 MHz, 65.47 W, 37, 0 %, 0x0000000000000001
2026/09/29 23:40:23.085, 2040 MHz, 9001 MHz, 65.48 W, 37, 0 %, 0x0000000000000001
2026/09/29 23:40:23.185, 2040 MHz, 9001 MHz, 65.48 W, 37, 0 %, 0x0000000000000001
2026/09/29 23:40:23.285, 2040 MHz, 9001 MHz, 65.51 W, 37, 0 %, 0x0000000000000001
2026/09/29 23:40:23.385, 2040 MHz, 9001 MHz, 65.48 W, 37, 0 %, 0x0000000000000001
2026/09/29 23:40:23.486, 2040 MHz, 9001 MHz, 65.45 W, 37, 0 %, 0x0000000000000001
2026/09/29 23:40:23.586, 2040 MHz, 9001 MHz, 65.47 W, 37, 0 %, 0x0000000000000001
2026/09/29 23:40:23.686, 2040 MHz, 9001 MHz, 65.47 W, 37, 0 %, 0x0000000000000001
2026/09/29 23:40:23.786, 2040 MHz, 9001 MHz, 65.50 W, 37, 0 %, 0x0000000000000001
2026/09/29 23:40:23.886, 2040 MHz, 9001 MHz, 65.50 W, 37, 0 %, 0x0000000000000001
2026/09/29 23:40:23.986, 2040 MHz, 9001 MHz, 65.49 W, 37, 0 %, 0x0000000000000001
2026/09/29 23:40:24.086, 2040 MHz, 9001 MHz, 65.46 W, 37, 0 %, 0x0000000000000001
2026/09/29 23:40:24.187, 2040 MHz, 9001 MHz, 65.46 W, 37, 0 %, 0x0000000000000001
2026/09/29 23:40:24.287, 2040 MHz, 9001 MHz, 65.45 W, 37, 0 %, 0x0000000000000001
2026/09/29 23:40:24.387, 2040 MHz, 9001 MHz, 65.45 W, 37, 0 %, 0x0000000000000001
2026/09/29 23:40:24.487, 2040 MHz, 9001 MHz, 65.41 W, 37, 0 %, 0x0000000000000001
2026/09/29 23:40:24.587, 2040 MHz, 9001 MHz, 65.46 W, 37, 0 %, 0x0000000000000001
2026/09/29 23:40:24.687, 2040 MHz, 9001 MHz, 65.43 W, 37, 0 %, 0x0000000000000001
2026/09/29 23:40:24.787, 2040 MHz, 9001 MHz, 65.39 W, 37, 0 %, 0x0000000000000001
2026/09/29 23:40:24.887, 2040 MHz, 9001 MHz, 65.34 W, 37, 0 %, 0x0000000000000001
2026/09/29 23:40:24.987, 2040 MHz, 9001 MHz, 65.34 W, 37, 0 %, 0x0000000000000001
2026/09/29 23:40:25.088, 2040 MHz, 9001 MHz, 65.33 W, 37, 0 %, 0x0000000000000001
2026/09/29 23:40:25.188, 2040 MHz, 9001 MHz, 65.36 W, 37, 0 %, 0x0000000000000001
2026/09/29 23:40:25.288, 2040 MHz, 9001 MHz, 65.35 W, 37, 0 %, 0x0000000000000001
2026/09/29 23:40:25.388, 2040 MHz, 9001 MHz, 65.36 W, 37, 0 %, 0x0000000000000001
2026/09/29 23:40:25.488, 2040 MHz, 9001 MHz, 65.39 W, 37, 0 %, 0x0000000000000001
2026/09/29 23:40:25.588, 2040 MHz, 9001 MHz, 65.38 W, 37, 0 %, 0x0000000000000001
2026/09/29 23:40:25.688, 2040 MHz, 9001 MHz, 65.29 W, 37, 0 %, 0x0000000000000001
2026/09/29 23:40:25.788, 2040 MHz, 9001 MHz, 65.29 W, 37, 0 %, 0x0000000000000001
2026/09/29 23:40:25.888, 2040 MHz, 9001 MHz, 65.26 W, 37, 0 %, 0x0000000000000001
2026/09/29 23:40:25.989, 2040 MHz, 9001 MHz, 65.30 W, 37, 0 %, 0x0000000000000001
2026/09/29 23:40:26.089, 2040 MHz, 9001 MHz, 65.29 W, 37, 0 %, 0x0000000000000001
2026/09/29 23:40:26.189, 2040 MHz, 9001 MHz, 65.26 W, 37, 0 %, 0x0000000000000001
2026/09/29 23:40:26.289, 2040 MHz, 9001 MHz, 65.28 W, 37, 0 %, 0x0000000000000001
2026/09/29 23:40:26.389, 2040 MHz, 9001 MHz, 65.27 W, 37, 0 %, 0x0000000000000001
2026/09/29 23:40:26.489, 2040 MHz, 9001 MHz, 65.27 W, 37, 0 %, 0x0000000000000001
2026/09/29 23:40:26.589, 2040 MHz, 9001 MHz, 65.27 W, 37, 0 %, 0x0000000000000001
2026/09/29 23:40:26.689, 2040 MHz, 9001 MHz, 65.30 W, 37, 0 %, 0x0000000000000001
2026/09/29 23:40:26.789, 2040 MHz, 9001 MHz, 65.36 W, 37, 0 %, 0x0000000000000001
2026/09/29 23:40:26.890, 2040 MHz, 9001 MHz, 65.38 W, 37, 0 %, 0x0000000000000001
2026/09/29 23:40:26.990, 2040 MHz, 9001 MHz, 65.42 W, 37, 0 %, 0x0000000000000001
2026/09/29 23:40:27.090, 2040 MHz, 9001 MHz, 65.42 W, 37, 0 %, 0x0000000000000001
2026/09/29 23:40:27.190, 2040 MHz, 9001 MHz, 65.43 W, 37, 0 %, 0x0000000000000001
2026/09/29 23:40:27.290, 2040 MHz, 9001 MHz, 65.40 W, 37, 0 %, 0x0000000000000001
2026/09/29 23:40:27.390, 2040 MHz, 9001 MHz, 65.40 W, 37, 0 %, 0x0000000000000001
2026/09/29 23:40:27.490, 2040 MHz, 9001 MHz, 65.44 W, 37, 0 %, 0x0000000000000001
2026/09/29 23:40:27.590, 2040 MHz, 9001 MHz, 65.39 W, 37, 0 %, 0x0000000000000001
2026/09/29 23:40:27.691, 2040 MHz, 9001 MHz, 65.37 W, 37, 0 %, 0x0000000000000001
2026/09/29 23:40:27.791, 2040 MHz, 9001 MHz, 65.35 W, 37, 0 %, 0x0000000000000001
2026/09/29 23:40:27.891, 2040 MHz, 9001 MHz, 65.37 W, 37, 0 %, 0x0000000000000001
2026/09/29 23:40:27.991, 2040 MHz, 9001 MHz, 65.37 W, 37, 0 %, 0x0000000000000001
2026/09/29 23:40:28.091, 2040 MHz, 9001 MHz, 65.37 W, 37, 0 %, 0x0000000000000001
2026/09/29 23:40:28.191, 2040 MHz, 9001 MHz, 65.38 W, 37, 0 %, 0x0000000000000001
2026/09/29 23:40:28.291, 2040 MHz, 9001 MHz, 65.42 W, 37, 0 %, 0x0000000000000001
2026/09/29 23:40:28.391, 2040 MHz, 9001 MHz, 65.43 W, 37, 0 %, 0x0000000000000001
2026/09/29 23:40:28.491, 2040 MHz, 9001 MHz, 65.42 W, 37, 0 %, 0x0000000000000001
2026/09/29 23:40:28.592, 2040 MHz, 9001 MHz, 65.37 W, 37, 0 %, 0x0000000000000001
2026/09/29 23:40:28.692, 2040 MHz, 9001 MHz, 65.38 W, 37, 0 %, 0x0000000000000001
2026/09/29 23:40:28.792, 2040 MHz, 9001 MHz, 65.39 W, 37, 0 %, 0x0000000000000001
2026/09/29 23:40:28.892, 2040 MHz, 9001 MHz, 65.42 W, 37, 0 %, 0x0000000000000001
2026/09/29 23:40:28.992, 2040 MHz, 9001 MHz, 65.35 W, 37, 0 %, 0x0000000000000001
2026/09/29 23:40:29.092, 2040 MHz, 9001 MHz, 65.36 W, 37, 0 %, 0x0000000000000001
2026/09/29 23:40:29.192, 2040 MHz, 9001 MHz, 65.38 W, 37, 0 %, 0x0000000000000001
2026/09/29 23:40:29.293, 2040 MHz, 9001 MHz, 65.35 W, 37, 0 %, 0x0000000000000001
2026/09/29 23:40:29.393, 2040 MHz, 9001 MHz, 65.33 W, 37, 0 %, 0x0000000000000001
2026/09/29 23:40:29.493, 2040 MHz, 9001 MHz, 65.30 W, 37, 0 %, 0x0000000000000001
2026/09/29 23:40:29.593, 2040 MHz, 9001 MHz, 65.29 W, 37, 0 %, 0x0000000000000001
2026/09/29 23:40:29.693, 2040 MHz, 9001 MHz, 65.79 W, 37, 0 %, 0x0000000000000001
2026/09/29 23:40:29.793, 2040 MHz, 9001 MHz, 65.75 W, 37, 0 %, 0x0000000000000001
2026/09/29 23:40:29.893, 2040 MHz, 9001 MHz, 65.75 W, 37, 0 %, 0x0000000000000001
2026/09/29 23:40:29.993, 2040 MHz, 9001 MHz, 65.74 W, 37, 0 %, 0x0000000000000001
2026/09/29 23:40:30.094, 2040 MHz, 9001 MHz, 65.74 W, 37, 0 %, 0x0000000000000000
2026/09/29 23:40:30.194, 2040 MHz, 9001 MHz, 66.24 W, 37, 1 %, 0x0000000000000000
2026/09/29 23:40:30.294, 2040 MHz, 9001 MHz, 66.24 W, 37, 1 %, 0x0000000000000000
2026/09/29 23:40:30.394, 2040 MHz, 9001 MHz, 66.24 W, 37, 0 %, 0x0000000000000000
2026/09/29 23:40:30.494, 2040 MHz, 9001 MHz, 66.15 W, 37, 0 %, 0x0000000000000000
2026/09/29 23:40:30.594, 2040 MHz, 9001 MHz, 65.78 W, 37, 2 %, 0x0000000000000000
2026/09/29 23:40:30.695, 2040 MHz, 9001 MHz, 65.75 W, 37, 2 %, 0x0000000000000000
2026/09/29 23:40:30.795, 2040 MHz, 9001 MHz, 65.85 W, 37, 5 %, 0x0000000000000000
2026/09/29 23:40:30.895, 2040 MHz, 9001 MHz, 65.79 W, 37, 5 %, 0x0000000000000000
2026/09/29 23:40:30.995, 2040 MHz, 9001 MHz, 65.82 W, 37, 4 %, 0x0000000000000000
2026/09/29 23:40:31.095, 2040 MHz, 9001 MHz, 65.79 W, 37, 4 %, 0x0000000000000000
2026/09/29 23:40:31.195, 2040 MHz, 9001 MHz, 65.40 W, 37, 1 %, 0x0000000000000000
2026/09/29 23:40:31.295, 2040 MHz, 9001 MHz, 65.43 W, 37, 1 %, 0x0000000000000000
2026/09/29 23:40:31.396, 2040 MHz, 9001 MHz, 65.43 W, 37, 1 %, 0x0000000000000000
2026/09/29 23:40:31.496, 2040 MHz, 9001 MHz, 65.50 W, 37, 1 %, 0x0000000000000000
2026/09/29 23:40:31.596, 2040 MHz, 9001 MHz, 65.48 W, 37, 1 %, 0x0000000000000000
2026/09/29 23:40:31.696, 2040 MHz, 9001 MHz, 65.45 W, 37, 1 %, 0x0000000000000000
2026/09/29 23:40:31.796, 2040 MHz, 9001 MHz, 65.43 W, 37, 1 %, 0x0000000000000000
2026/09/29 23:40:31.896, 2040 MHz, 9001 MHz, 65.41 W, 37, 1 %, 0x0000000000000000
2026/09/29 23:40:31.997, 2040 MHz, 9001 MHz, 65.41 W, 37, 1 %, 0x0000000000000000
2026/09/29 23:40:32.097, 2040 MHz, 9001 MHz, 65.43 W, 37, 1 %, 0x0000000000000000
2026/09/29 23:40:32.197, 2040 MHz, 9001 MHz, 65.40 W, 37, 1 %, 0x0000000000000000
2026/09/29 23:40:32.297, 2040 MHz, 9001 MHz, 65.38 W, 37, 1 %, 0x0000000000000000
2026/09/29 23:40:32.397, 2040 MHz, 9001 MHz, 65.32 W, 37, 1 %, 0x0000000000000000
2026/09/29 23:40:32.497, 2040 MHz, 9001 MHz, 65.37 W, 37, 1 %, 0x0000000000000000
2026/09/29 23:40:32.597, 2040 MHz, 9001 MHz, 65.32 W, 37, 1 %, 0x0000000000000000
2026/09/29 23:40:32.698, 2040 MHz, 9001 MHz, 65.35 W, 37, 1 %, 0x0000000000000000
2026/09/29 23:40:32.798, 2040 MHz, 9001 MHz, 65.36 W, 37, 1 %, 0x0000000000000000
2026/09/29 23:40:32.898, 2040 MHz, 9001 MHz, 65.37 W, 37, 1 %, 0x0000000000000000
2026/09/29 23:40:32.998, 2040 MHz, 9001 MHz, 65.37 W, 37, 1 %, 0x0000000000000000
2026/09/29 23:40:33.098, 2040 MHz, 9001 MHz, 65.42 W, 37, 1 %, 0x0000000000000000
2026/09/29 23:40:33.199, 2040 MHz, 9001 MHz, 65.42 W, 37, 1 %, 0x0000000000000000
2026/09/29 23:40:33.299, 2040 MHz, 9001 MHz, 65.44 W, 37, 1 %, 0x0000000000000000
2026/09/29 23:40:33.399, 2040 MHz, 9001 MHz, 65.42 W, 37, 1 %, 0x0000000000000000
2026/09/29 23:40:33.499, 2040 MHz, 9001 MHz, 65.44 W, 37, 1 %, 0x0000000000000000
2026/09/29 23:40:33.599, 2040 MHz, 9001 MHz, 65.42 W, 37, 1 %, 0x0000000000000000
2026/09/29 23:40:33.699, 2040 MHz, 9001 MHz, 65.39 W, 37, 1 %, 0x0000000000000000
2026/09/29 23:40:33.799, 2040 MHz, 9001 MHz, 65.41 W, 37, 1 %, 0x0000000000000000
2026/09/29 23:40:33.900, 2040 MHz, 9001 MHz, 65.46 W, 37, 1 %, 0x0000000000000000
2026/09/29 23:40:34.000, 2040 MHz, 9001 MHz, 65.46 W, 37, 1 %, 0x0000000000000000
2026/09/29 23:40:34.100, 2040 MHz, 9001 MHz, 65.44 W, 37, 1 %, 0x0000000000000000
2026/09/29 23:40:34.200, 2040 MHz, 9001 MHz, 65.44 W, 37, 1 %, 0x0000000000000000
2026/09/29 23:40:34.300, 2040 MHz, 9001 MHz, 65.44 W, 37, 1 %, 0x0000000000000000
2026/09/29 23:40:34.400, 2040 MHz, 9001 MHz, 65.40 W, 37, 1 %, 0x0000000000000000
2026/09/29 23:40:34.501, 2040 MHz, 9001 MHz, 65.43 W, 37, 1 %, 0x0000000000000000
2026/09/29 23:40:34.601, 2040 MHz, 9001 MHz, 65.41 W, 37, 1 %, 0x0000000000000000
2026/09/29 23:40:34.701, 2040 MHz, 9001 MHz, 65.41 W, 37, 1 %, 0x0000000000000000
2026/09/29 23:40:34.801, 2040 MHz, 9001 MHz, 65.44 W, 37, 1 %, 0x0000000000000000
2026/09/29 23:40:34.901, 2040 MHz, 9001 MHz, 65.41 W, 37, 1 %, 0x0000000000000000
2026/09/29 23:40:35.001, 2040 MHz, 9001 MHz, 65.36 W, 37, 1 %, 0x0000000000000000
2026/09/29 23:40:35.101, 2040 MHz, 9001 MHz, 65.36 W, 37, 1 %, 0x0000000000000000
2026/09/29 23:40:35.202, 2040 MHz, 9001 MHz, 65.36 W, 37, 1 %, 0x0000000000000000
2026/09/29 23:40:35.302, 2040 MHz, 9001 MHz, 65.31 W, 37, 1 %, 0x0000000000000000
2026/09/29 23:40:35.402, 2040 MHz, 9001 MHz, 65.33 W, 37, 1 %, 0x0000000000000000
2026/09/29 23:40:35.502, 2040 MHz, 9001 MHz, 65.42 W, 37, 1 %, 0x0000000000000000
2026/09/29 23:40:35.602, 2040 MHz, 9001 MHz, 65.43 W, 37, 0 %, 0x0000000000000000
2026/09/29 23:40:35.702, 2040 MHz, 9001 MHz, 66.00 W, 38, 0 %, 0x0000000000000000
2026/09/29 23:40:35.802, 2040 MHz, 9001 MHz, 66.40 W, 37, 50 %, 0x0000000000000000
2026/09/29 23:40:35.903, 2040 MHz, 9001 MHz, 67.37 W, 38, 50 %, 0x0000000000000000
2026/09/29 23:40:36.003, 2040 MHz, 9001 MHz, 79.24 W, 39, 74 %, 0x0000000000000000
2026/09/29 23:40:36.103, 2040 MHz, 9001 MHz, 88.54 W, 39, 74 %, 0x0000000000000000
2026/09/29 23:40:36.203, 2040 MHz, 9001 MHz, 102.61 W, 40, 90 %, 0x0000000000000000
2026/09/29 23:40:36.303, 2040 MHz, 9001 MHz, 110.00 W, 39, 90 %, 0x0000000000000000
2026/09/29 23:40:36.403, 2040 MHz, 9001 MHz, 114.44 W, 38, 6 %, 0x0000000000000000
2026/09/29 23:40:36.503, 2040 MHz, 9001 MHz, 110.11 W, 38, 6 %, 0x0000000000000000
2026/09/29 23:40:36.603, 2040 MHz, 9001 MHz, 110.02 W, 37, 2 %, 0x0000000000000000
2026/09/29 23:40:36.704, 2040 MHz, 9001 MHz, 110.17 W, 37, 2 %, 0x0000000000000000
2026/09/29 23:40:36.804, 2040 MHz, 9001 MHz, 113.43 W, 37, 1 %, 0x0000000000000000
2026/09/29 23:40:36.904, 2040 MHz, 9001 MHz, 109.12 W, 37, 1 %, 0x0000000000000000
2026/09/29 23:40:37.004, 2040 MHz, 9001 MHz, 108.50 W, 37, 1 %, 0x0000000000000000
2026/09/29 23:40:37.104, 2040 MHz, 9001 MHz, 97.79 W, 37, 1 %, 0x0000000000000000
2026/09/29 23:40:37.204, 2040 MHz, 9001 MHz, 87.21 W, 37, 1 %, 0x0000000000000000
2026/09/29 23:40:37.304, 2040 MHz, 9001 MHz, 76.51 W, 37, 1 %, 0x0000000000000000
2026/09/29 23:40:37.405, 2040 MHz, 9001 MHz, 65.78 W, 37, 1 %, 0x0000000000000000
2026/09/29 23:40:37.505, 2040 MHz, 9001 MHz, 66.34 W, 37, 1 %, 0x0000000000000000
2026/09/29 23:40:37.605, 2040 MHz, 9001 MHz, 73.30 W, 38, 94 %, 0x0000000000000000
2026/09/29 23:40:37.705, 2040 MHz, 9001 MHz, 81.77 W, 39, 94 %, 0x0000000000000000
2026/09/29 23:40:37.805, 2040 MHz, 9001 MHz, 92.67 W, 39, 92 %, 0x0000000000000000
2026/09/29 23:40:37.905, 2040 MHz, 9001 MHz, 100.89 W, 40, 92 %, 0x0000000000000000
2026/09/29 23:40:38.005, 2040 MHz, 9001 MHz, 116.92 W, 40, 93 %, 0x0000000000000000
2026/09/29 23:40:38.106, 2040 MHz, 9001 MHz, 122.73 W, 39, 93 %, 0x0000000000000000
2026/09/29 23:40:38.206, 2040 MHz, 9001 MHz, 140.84 W, 40, 93 %, 0x0000000000000000
2026/09/29 23:40:38.306, 2040 MHz, 9001 MHz, 138.39 W, 40, 93 %, 0x0000000000000000
2026/09/29 23:40:38.406, 2040 MHz, 9001 MHz, 155.33 W, 40, 90 %, 0x0000000000000000
2026/09/29 23:40:38.506, 2040 MHz, 9001 MHz, 165.53 W, 40, 90 %, 0x0000000000000000
2026/09/29 23:40:38.606, 2040 MHz, 9001 MHz, 164.86 W, 40, 90 %, 0x0000000000000000
2026/09/29 23:40:38.706, 2040 MHz, 9001 MHz, 169.35 W, 40, 90 %, 0x0000000000000000
2026/09/29 23:40:38.807, 2040 MHz, 9001 MHz, 167.75 W, 40, 89 %, 0x0000000000000000
2026/09/29 23:40:38.907, 2040 MHz, 9001 MHz, 166.17 W, 40, 89 %, 0x0000000000000000
2026/09/29 23:40:39.007, 2040 MHz, 9001 MHz, 166.19 W, 40, 91 %, 0x0000000000000000
2026/09/29 23:40:39.107, 2040 MHz, 9001 MHz, 161.43 W, 40, 91 %, 0x0000000000000000
2026/09/29 23:40:39.207, 2040 MHz, 9001 MHz, 161.27 W, 40, 91 %, 0x0000000000000000
2026/09/29 23:40:39.307, 2040 MHz, 9001 MHz, 150.85 W, 39, 91 %, 0x0000000000000000
2026/09/29 23:40:39.407, 2040 MHz, 9001 MHz, 146.44 W, 38, 5 %, 0x0000000000000000
2026/09/29 23:40:39.508, 2040 MHz, 9001 MHz, 138.58 W, 38, 5 %, 0x0000000000000000
2026/09/29 23:40:39.608, 2040 MHz, 9001 MHz, 128.72 W, 38, 4 %, 0x0000000000000000
2026/09/29 23:40:39.708, 2040 MHz, 9001 MHz, 120.36 W, 38, 4 %, 0x0000000000000000
2026/09/29 23:40:39.808, 2040 MHz, 9001 MHz, 109.73 W, 38, 1 %, 0x0000000000000000
2026/09/29 23:40:39.908, 2040 MHz, 9001 MHz, 102.06 W, 38, 1 %, 0x0000000000000000
2026/09/29 23:40:40.008, 2040 MHz, 9001 MHz, 92.77 W, 38, 1 %, 0x0000000000000000
2026/09/29 23:40:40.109, 2040 MHz, 9001 MHz, 84.49 W, 38, 1 %, 0x0000000000000000
2026/09/29 23:40:40.209, 2040 MHz, 9001 MHz, 77.87 W, 38, 1 %, 0x0000000000000000
2026/09/29 23:40:40.309, 2040 MHz, 9001 MHz, 67.47 W, 37, 1 %, 0x0000000000000000
2026/09/29 23:40:40.409, 2040 MHz, 9001 MHz, 66.69 W, 37, 1 %, 0x0000000000000000
2026/09/29 23:40:40.509, 2040 MHz, 9001 MHz, 76.66 W, 39, 1 %, 0x0000000000000000
2026/09/29 23:40:40.609, 2040 MHz, 9001 MHz, 85.21 W, 39, 90 %, 0x0000000000000000
2026/09/29 23:40:40.709, 2040 MHz, 9001 MHz, 95.68 W, 40, 90 %, 0x0000000000000000
2026/09/29 23:40:40.810, 2040 MHz, 9001 MHz, 100.20 W, 40, 89 %, 0x0000000000000000
2026/09/29 23:40:40.910, 2040 MHz, 9001 MHz, 107.41 W, 40, 89 %, 0x0000000000000000
2026/09/29 23:40:41.010, 2040 MHz, 9001 MHz, 116.98 W, 40, 91 %, 0x0000000000000000
2026/09/29 23:40:41.110, 2040 MHz, 9001 MHz, 123.88 W, 40, 91 %, 0x0000000000000000
2026/09/29 23:40:41.210, 2040 MHz, 9001 MHz, 141.56 W, 40, 91 %, 0x0000000000000000
2026/09/29 23:40:41.310, 2040 MHz, 9001 MHz, 144.73 W, 40, 91 %, 0x0000000000000000
2026/09/29 23:40:41.410, 2040 MHz, 9001 MHz, 153.56 W, 40, 91 %, 0x0000000000000000
2026/09/29 23:40:41.511, 2040 MHz, 9001 MHz, 160.89 W, 40, 91 %, 0x0000000000000000
2026/09/29 23:40:41.611, 2040 MHz, 9001 MHz, 159.93 W, 39, 90 %, 0x0000000000000000
2026/09/29 23:40:41.711, 2040 MHz, 9001 MHz, 150.66 W, 39, 90 %, 0x0000000000000000
2026/09/29 23:40:41.811, 2040 MHz, 9001 MHz, 148.03 W, 39, 37 %, 0x0000000000000000
2026/09/29 23:40:41.911, 2040 MHz, 9001 MHz, 143.60 W, 38, 37 %, 0x0000000000000000
2026/09/29 23:40:42.011, 2040 MHz, 9001 MHz, 136.35 W, 38, 2 %, 0x0000000000000000
2026/09/29 23:40:42.111, 2040 MHz, 9001 MHz, 126.80 W, 38, 2 %, 0x0000000000000000
2026/09/29 23:40:42.212, 2040 MHz, 9001 MHz, 124.89 W, 39, 57 %, 0x0000000000000000
2026/09/29 23:40:42.312, 2040 MHz, 9001 MHz, 119.75 W, 38, 57 %, 0x0000000000000000
2026/09/29 23:40:42.412, 2040 MHz, 9001 MHz, 108.14 W, 40, 50 %, 0x0000000000000000
2026/09/29 23:40:42.512, 2040 MHz, 9001 MHz, 112.18 W, 40, 50 %, 0x0000000000000000
2026/09/29 23:40:42.612, 2040 MHz, 9001 MHz, 109.73 W, 40, 91 %, 0x0000000000000000
2026/09/29 23:40:42.712, 2040 MHz, 9001 MHz, 112.61 W, 40, 91 %, 0x0000000000000000
2026/09/29 23:40:42.812, 2040 MHz, 9001 MHz, 123.05 W, 40, 91 %, 0x0000000000000000
2026/09/29 23:40:42.913, 2040 MHz, 9001 MHz, 131.33 W, 40, 91 %, 0x0000000000000000
2026/09/29 23:40:43.013, 2040 MHz, 9001 MHz, 134.35 W, 40, 91 %, 0x0000000000000000
2026/09/29 23:40:43.113, 2040 MHz, 9001 MHz, 142.00 W, 41, 91 %, 0x0000000000000000
2026/09/29 23:40:43.213, 2040 MHz, 9001 MHz, 150.65 W, 41, 89 %, 0x0000000000000000
2026/09/29 23:40:43.313, 2040 MHz, 9001 MHz, 150.84 W, 41, 89 %, 0x0000000000000000
2026/09/29 23:40:43.413, 2040 MHz, 9001 MHz, 160.49 W, 40, 89 %, 0x0000000000000000
2026/09/29 23:40:43.513, 2040 MHz, 9001 MHz, 167.64 W, 41, 89 %, 0x0000000000000000
2026/09/29 23:40:43.614, 2040 MHz, 9001 MHz, 163.07 W, 41, 89 %, 0x0000000000000000
2026/09/29 23:40:43.714, 2040 MHz, 9001 MHz, 161.84 W, 41, 89 %, 0x0000000000000000
2026/09/29 23:40:43.814, 2040 MHz, 9001 MHz, 164.66 W, 41, 91 %, 0x0000000000000000
2026/09/29 23:40:43.914, 2040 MHz, 9001 MHz, 161.88 W, 41, 91 %, 0x0000000000000000
2026/09/29 23:40:44.014, 2040 MHz, 9001 MHz, 162.19 W, 41, 91 %, 0x0000000000000000
2026/09/29 23:40:44.114, 2040 MHz, 9001 MHz, 162.97 W, 41, 91 %, 0x0000000000000000
2026/09/29 23:40:44.214, 2040 MHz, 9001 MHz, 164.24 W, 41, 91 %, 0x0000000000000000
2026/09/29 23:40:44.315, 2040 MHz, 9001 MHz, 161.01 W, 41, 91 %, 0x0000000000000000
2026/09/29 23:40:44.415, 2040 MHz, 9001 MHz, 161.41 W, 41, 90 %, 0x0000000000000000
2026/09/29 23:40:44.515, 2040 MHz, 9001 MHz, 161.61 W, 41, 90 %, 0x0000000000000000
2026/09/29 23:40:44.615, 2040 MHz, 9001 MHz, 160.07 W, 40, 89 %, 0x0000000000000000
2026/09/29 23:40:44.715, 2040 MHz, 9001 MHz, 167.18 W, 41, 89 %, 0x0000000000000000
2026/09/29 23:40:44.815, 2040 MHz, 9001 MHz, 162.73 W, 41, 89 %, 0x0000000000000000
2026/09/29 23:40:44.915, 2040 MHz, 9001 MHz, 161.02 W, 41, 89 %, 0x0000000000000000
2026/09/29 23:40:45.016, 2040 MHz, 9001 MHz, 161.10 W, 41, 91 %, 0x0000000000000000
2026/09/29 23:40:45.116, 2040 MHz, 9001 MHz, 159.63 W, 41, 91 %, 0x0000000000000000
2026/09/29 23:40:45.216, 2040 MHz, 9001 MHz, 160.62 W, 41, 90 %, 0x0000000000000000
2026/09/29 23:40:45.316, 2040 MHz, 9001 MHz, 161.84 W, 41, 90 %, 0x0000000000000000
2026/09/29 23:40:45.416, 2040 MHz, 9001 MHz, 162.86 W, 41, 90 %, 0x0000000000000000
2026/09/29 23:40:45.516, 2040 MHz, 9001 MHz, 159.68 W, 41, 90 %, 0x0000000000000000
2026/09/29 23:40:45.616, 2040 MHz, 9001 MHz, 158.90 W, 41, 86 %, 0x0000000000000000
2026/09/29 23:40:45.717, 2040 MHz, 9001 MHz, 157.59 W, 41, 86 %, 0x0000000000000000
2026/09/29 23:40:45.817, 2040 MHz, 9001 MHz, 159.47 W, 41, 100 %, 0x0000000000000000
2026/09/29 23:40:45.917, 2040 MHz, 9001 MHz, 155.60 W, 40, 100 %, 0x0000000000000000
2026/09/29 23:40:46.017, 2040 MHz, 9001 MHz, 147.47 W, 39, 0 %, 0x0000000000000000
2026/09/29 23:40:46.117, 2040 MHz, 9001 MHz, 137.76 W, 39, 0 %, 0x0000000000000000
2026/09/29 23:40:46.217, 2040 MHz, 9001 MHz, 130.55 W, 39, 0 %, 0x0000000000000000
2026/09/29 23:40:46.318, 2040 MHz, 9001 MHz, 119.86 W, 39, 0 %, 0x0000000000000000
2026/09/29 23:40:46.418, 2040 MHz, 9001 MHz, 104.81 W, 39, 0 %, 0x0000000000000000
2026/09/29 23:40:46.518, 2040 MHz, 9001 MHz, 101.29 W, 39, 0 %, 0x0000000000000000
2026/09/29 23:40:46.618, 2040 MHz, 9001 MHz, 95.47 W, 39, 0 %, 0x0000000000000000
2026/09/29 23:40:46.718, 2040 MHz, 9001 MHz, 86.11 W, 38, 0 %, 0x0000000000000000
2026/09/29 23:40:46.818, 2040 MHz, 9001 MHz, 76.36 W, 38, 0 %, 0x0000000000000000
2026/09/29 23:40:46.919, 2040 MHz, 9001 MHz, 66.14 W, 38, 0 %, 0x0000000000000000
2026/09/29 23:40:47.019, 2040 MHz, 9001 MHz, 65.92 W, 38, 0 %, 0x0000000000000000
2026/09/29 23:40:47.119, 2040 MHz, 9001 MHz, 65.91 W, 38, 0 %, 0x0000000000000000
2026/09/29 23:40:47.219, 2040 MHz, 9001 MHz, 65.87 W, 38, 0 %, 0x0000000000000000
2026/09/29 23:40:47.319, 2040 MHz, 9001 MHz, 65.89 W, 38, 0 %, 0x0000000000000000
2026/09/29 23:40:47.419, 2040 MHz, 9001 MHz, 65.89 W, 38, 0 %, 0x0000000000000000
2026/09/29 23:40:47.520, 2040 MHz, 9001 MHz, 65.95 W, 38, 0 %, 0x0000000000000000
2026/09/29 23:40:47.620, 2040 MHz, 9001 MHz, 65.89 W, 38, 0 %, 0x0000000000000000
2026/09/29 23:40:47.720, 2040 MHz, 9001 MHz, 65.90 W, 38, 0 %, 0x0000000000000000
2026/09/29 23:40:47.820, 2040 MHz, 9001 MHz, 65.86 W, 38, 0 %, 0x0000000000000000
2026/09/29 23:40:47.920, 2040 MHz, 9001 MHz, 65.85 W, 38, 0 %, 0x0000000000000000
2026/09/29 23:40:48.021, 2040 MHz, 9001 MHz, 65.83 W, 38, 0 %, 0x0000000000000000
2026/09/29 23:40:48.121, 2040 MHz, 9001 MHz, 65.82 W, 38, 0 %, 0x0000000000000000
2026/09/29 23:40:48.221, 2040 MHz, 9001 MHz, 65.83 W, 38, 0 %, 0x0000000000000000
2026/09/29 23:40:48.321, 2040 MHz, 9001 MHz, 65.85 W, 38, 0 %, 0x0000000000000000
2026/09/29 23:40:48.421, 2040 MHz, 9001 MHz, 65.76 W, 38, 0 %, 0x0000000000000000
2026/09/29 23:40:48.521, 2040 MHz, 9001 MHz, 65.76 W, 38, 0 %, 0x0000000000000000
2026/09/29 23:40:48.622, 2040 MHz, 9001 MHz, 65.78 W, 38, 0 %, 0x0000000000000000
2026/09/29 23:40:48.722, 2040 MHz, 9001 MHz, 65.78 W, 38, 0 %, 0x0000000000000000
2026/09/29 23:40:48.822, 2040 MHz, 9001 MHz, 65.73 W, 38, 0 %, 0x0000000000000000
2026/09/29 23:40:48.922, 2040 MHz, 9001 MHz, 65.78 W, 38, 0 %, 0x0000000000000000
2026/09/29 23:40:49.022, 2040 MHz, 9001 MHz, 65.76 W, 38, 0 %, 0x0000000000000000
2026/09/29 23:40:49.122, 2040 MHz, 9001 MHz, 65.81 W, 38, 0 %, 0x0000000000000000
2026/09/29 23:40:49.223, 2040 MHz, 9001 MHz, 65.81 W, 38, 0 %, 0x0000000000000000
2026/09/29 23:40:49.323, 2040 MHz, 9001 MHz, 65.81 W, 38, 0 %, 0x0000000000000000
2026/09/29 23:40:49.423, 2040 MHz, 9001 MHz, 65.81 W, 38, 0 %, 0x0000000000000000
2026/09/29 23:40:49.523, 2040 MHz, 9001 MHz, 65.85 W, 38, 0 %, 0x0000000000000000
2026/09/29 23:40:49.623, 2040 MHz, 9001 MHz, 65.79 W, 38, 0 %, 0x0000000000000000
2026/09/29 23:40:49.723, 2040 MHz, 9001 MHz, 65.81 W, 38, 0 %, 0x0000000000000000
2026/09/29 23:40:49.824, 2040 MHz, 9001 MHz, 65.85 W, 38, 0 %, 0x0000000000000000
2026/09/29 23:40:49.924, 2040 MHz, 9001 MHz, 65.88 W, 38, 0 %, 0x0000000000000000
2026/09/29 23:40:50.024, 2040 MHz, 9001 MHz, 65.83 W, 38, 0 %, 0x0000000000000000
2026/09/29 23:40:50.124, 2040 MHz, 9001 MHz, 65.85 W, 38, 0 %, 0x0000000000000000
2026/09/29 23:40:50.224, 2040 MHz, 9001 MHz, 65.80 W, 38, 0 %, 0x0000000000000000
2026/09/29 23:40:50.324, 2040 MHz, 9001 MHz, 65.80 W, 38, 0 %, 0x0000000000000000
2026/09/29 23:40:50.424, 2040 MHz, 9001 MHz, 65.78 W, 38, 0 %, 0x0000000000000000
2026/09/29 23:40:50.524, 2040 MHz, 9001 MHz, 65.80 W, 38, 0 %, 0x0000000000000000
2026/09/29 23:40:50.625, 2040 MHz, 9001 MHz, 65.75 W, 38, 0 %, 0x0000000000000000
2026/09/29 23:40:50.725, 2040 MHz, 9001 MHz, 65.78 W, 38, 0 %, 0x0000000000000000
2026/09/29 23:40:50.825, 2040 MHz, 9001 MHz, 65.75 W, 38, 0 %, 0x0000000000000000
2026/09/29 23:40:50.925, 2040 MHz, 9001 MHz, 65.71 W, 38, 0 %, 0x0000000000000000
2026/09/29 23:40:51.025, 2040 MHz, 9001 MHz, 65.75 W, 38, 0 %, 0x0000000000000000
2026/09/29 23:40:51.126, 2040 MHz, 9001 MHz, 65.75 W, 38, 0 %, 0x0000000000000000
2026/09/29 23:40:51.226, 2040 MHz, 9001 MHz, 65.75 W, 38, 0 %, 0x0000000000000000
2026/09/29 23:40:51.326, 2040 MHz, 9001 MHz, 65.78 W, 38, 0 %, 0x0000000000000000
2026/09/29 23:40:51.426, 2040 MHz, 9001 MHz, 65.75 W, 38, 0 %, 0x0000000000000000
2026/09/29 23:40:51.526, 2040 MHz, 9001 MHz, 65.78 W, 38, 0 %, 0x0000000000000000
2026/09/29 23:40:51.626, 2040 MHz, 9001 MHz, 65.78 W, 38, 0 %, 0x0000000000000000
2026/09/29 23:40:51.726, 2040 MHz, 9001 MHz, 65.80 W, 38, 0 %, 0x0000000000000000
2026/09/29 23:40:51.827, 2040 MHz, 9001 MHz, 65.73 W, 38, 0 %, 0x0000000000000000
2026/09/29 23:40:51.927, 2040 MHz, 9001 MHz, 65.78 W, 38, 0 %, 0x0000000000000000
2026/09/29 23:40:52.027, 2040 MHz, 9001 MHz, 65.76 W, 38, 1 %, 0x0000000000000000
2026/09/29 23:40:52.127, 2040 MHz, 9001 MHz, 65.78 W, 38, 1 %, 0x0000000000000000
2026/09/29 23:40:52.227, 2040 MHz, 9001 MHz, 65.78 W, 38, 0 %, 0x0000000000000000
2026/09/29 23:40:52.327, 2040 MHz, 9001 MHz, 80.37 W, 43, 0 %, 0x0000000000000000
2026/09/29 23:40:52.428, 2040 MHz, 9001 MHz, 109.21 W, 45, 100 %, 0x0000000000000000
2026/09/29 23:40:52.528, 2040 MHz, 9001 MHz, 132.90 W, 47, 100 %, 0x0000000000000000
2026/09/29 23:40:52.628, 2040 MHz, 9001 MHz, 158.59 W, 44, 99 %, 0x0000000000000000
2026/09/29 23:40:52.728, 2040 MHz, 9001 MHz, 158.79 W, 41, 99 %, 0x0000000000000000
2026/09/29 23:40:52.828, 2040 MHz, 9001 MHz, 150.36 W, 43, 1 %, 0x0000000000000000
2026/09/29 23:40:52.928, 2040 MHz, 9001 MHz, 181.60 W, 45, 1 %, 0x0000000000000000
2026/09/29 23:40:53.028, 2040 MHz, 9001 MHz, 204.77 W, 46, 98 %, 0x0000000000000000
2026/09/29 23:40:53.129, 2040 MHz, 9001 MHz, 213.22 W, 46, 98 %, 0x0000000000000000
2026/09/29 23:40:53.229, 2040 MHz, 9001 MHz, 250.98 W, 43, 99 %, 0x0000000000000000
2026/09/29 23:40:53.329, 2040 MHz, 9001 MHz, 259.31 W, 47, 99 %, 0x0000000000000000
2026/09/29 23:40:53.429, 2040 MHz, 9001 MHz, 262.43 W, 47, 99 %, 0x0000000000000000
2026/09/29 23:40:53.529, 2040 MHz, 9001 MHz, 259.35 W, 47, 99 %, 0x0000000000000000
2026/09/29 23:40:53.629, 2040 MHz, 9001 MHz, 257.93 W, 47, 99 %, 0x0000000000000000
2026/09/29 23:40:53.729, 2040 MHz, 9001 MHz, 257.56 W, 49, 99 %, 0x0000000000000000
2026/09/29 23:40:53.829, 2040 MHz, 9001 MHz, 302.55 W, 50, 100 %, 0x0000000000000000
2026/09/29 23:40:53.929, 2040 MHz, 9001 MHz, 304.79 W, 50, 100 %, 0x0000000000000000
2026/09/29 23:40:54.029, 2040 MHz, 9001 MHz, 307.31 W, 50, 99 %, 0x0000000000000000
2026/09/29 23:40:54.130, 2040 MHz, 9001 MHz, 311.23 W, 50, 99 %, 0x0000000000000000
2026/09/29 23:40:54.230, 2040 MHz, 9001 MHz, 308.75 W, 49, 74 %, 0x0000000000000000
2026/09/29 23:40:54.330, 2040 MHz, 9001 MHz, 309.46 W, 49, 74 %, 0x0000000000000000
2026/09/29 23:40:54.430, 2040 MHz, 9001 MHz, 308.86 W, 49, 99 %, 0x0000000000000000
2026/09/29 23:40:54.530, 2040 MHz, 9001 MHz, 309.22 W, 49, 99 %, 0x0000000000000000
2026/09/29 23:40:54.630, 2040 MHz, 9001 MHz, 308.79 W, 49, 99 %, 0x0000000000000000
2026/09/29 23:40:54.730, 2040 MHz, 9001 MHz, 294.81 W, 48, 99 %, 0x0000000000000000
2026/09/29 23:40:54.830, 2040 MHz, 9001 MHz, 294.27 W, 49, 87 %, 0x0000000000000000
2026/09/29 23:40:54.930, 2040 MHz, 9001 MHz, 292.92 W, 49, 87 %, 0x0000000000000000
2026/09/29 23:40:55.030, 2040 MHz, 9001 MHz, 291.46 W, 50, 99 %, 0x0000000000000000
2026/09/29 23:40:55.131, 2040 MHz, 9001 MHz, 290.93 W, 50, 99 %, 0x0000000000000000
2026/09/29 23:40:55.231, 2040 MHz, 9001 MHz, 289.73 W, 47, 99 %, 0x0000000000000000
2026/09/29 23:40:55.331, 2040 MHz, 9001 MHz, 294.18 W, 51, 99 %, 0x0000000000000000
2026/09/29 23:40:55.431, 2040 MHz, 9001 MHz, 296.79 W, 52, 100 %, 0x0000000000000000
2026/09/29 23:40:55.531, 2040 MHz, 9001 MHz, 297.58 W, 52, 100 %, 0x0000000000000000
2026/09/29 23:40:55.631, 2040 MHz, 9001 MHz, 299.09 W, 52, 100 %, 0x0000000000000000
2026/09/29 23:40:55.731, 2040 MHz, 9001 MHz, 303.13 W, 52, 100 %, 0x0000000000000000
2026/09/29 23:40:55.831, 2040 MHz, 9001 MHz, 321.36 W, 53, 99 %, 0x0000000000000000
2026/09/29 23:40:55.931, 2040 MHz, 9001 MHz, 320.93 W, 51, 99 %, 0x0000000000000000
2026/09/29 23:40:56.032, 2040 MHz, 9001 MHz, 321.47 W, 51, 100 %, 0x0000000000000000
2026/09/29 23:40:56.132, 2040 MHz, 9001 MHz, 323.16 W, 51, 100 %, 0x0000000000000000
2026/09/29 23:40:56.232, 2040 MHz, 9001 MHz, 322.65 W, 51, 99 %, 0x0000000000000000
2026/09/29 23:40:56.332, 2040 MHz, 9001 MHz, 323.16 W, 51, 99 %, 0x0000000000000000
2026/09/29 23:40:56.432, 2040 MHz, 9001 MHz, 322.23 W, 51, 99 %, 0x0000000000000000
2026/09/29 23:40:56.532, 2040 MHz, 9001 MHz, 321.87 W, 51, 99 %, 0x0000000000000000
2026/09/29 23:40:56.632, 2040 MHz, 9001 MHz, 322.88 W, 52, 100 %, 0x0000000000000000
2026/09/29 23:40:56.732, 2040 MHz, 9001 MHz, 324.16 W, 52, 100 %, 0x0000000000000000
2026/09/29 23:40:56.832, 2040 MHz, 9001 MHz, 325.52 W, 52, 99 %, 0x0000000000000000
2026/09/29 23:40:56.933, 2040 MHz, 9001 MHz, 326.55 W, 52, 99 %, 0x0000000000000000
2026/09/29 23:40:57.033, 2040 MHz, 9001 MHz, 329.69 W, 52, 99 %, 0x0000000000000000
2026/09/29 23:40:57.133, 2040 MHz, 9001 MHz, 327.11 W, 53, 99 %, 0x0000000000000000
2026/09/29 23:40:57.233, 2040 MHz, 9001 MHz, 327.16 W, 53, 100 %, 0x0000000000000000
2026/09/29 23:40:57.333, 2040 MHz, 9001 MHz, 327.86 W, 53, 100 %, 0x0000000000000000
2026/09/29 23:40:57.433, 2040 MHz, 9001 MHz, 329.38 W, 54, 100 %, 0x0000000000000000
2026/09/29 23:40:57.533, 2040 MHz, 9001 MHz, 329.53 W, 54, 100 %, 0x0000000000000000
2026/09/29 23:40:57.633, 2040 MHz, 9001 MHz, 330.78 W, 53, 100 %, 0x0000000000000000
2026/09/29 23:40:57.733, 2040 MHz, 9001 MHz, 330.40 W, 54, 100 %, 0x0000000000000000
2026/09/29 23:40:57.833, 2040 MHz, 9001 MHz, 329.25 W, 53, 100 %, 0x0000000000000000
2026/09/29 23:40:57.934, 2040 MHz, 9001 MHz, 329.11 W, 54, 100 %, 0x0000000000000000
2026/09/29 23:40:58.034, 2040 MHz, 9001 MHz, 315.25 W, 52, 91 %, 0x0000000000000000
2026/09/29 23:40:58.134, 2040 MHz, 9001 MHz, 313.71 W, 53, 91 %, 0x0000000000000000
2026/09/29 23:40:58.234, 2040 MHz, 9001 MHz, 318.12 W, 53, 100 %, 0x0000000000000000
2026/09/29 23:40:58.334, 2040 MHz, 9001 MHz, 318.00 W, 54, 100 %, 0x0000000000000000
2026/09/29 23:40:58.434, 2040 MHz, 9001 MHz, 318.32 W, 53, 99 %, 0x0000000000000000
2026/09/29 23:40:58.534, 2040 MHz, 9001 MHz, 317.83 W, 54, 99 %, 0x0000000000000000
2026/09/29 23:40:58.634, 2040 MHz, 9001 MHz, 318.42 W, 54, 99 %, 0x0000000000000000
2026/09/29 23:40:58.734, 2040 MHz, 9001 MHz, 316.86 W, 54, 99 %, 0x0000000000000000
2026/09/29 23:40:58.834, 2040 MHz, 9001 MHz, 318.53 W, 53, 100 %, 0x0000000000000000
2026/09/29 23:40:58.935, 2025 MHz, 9001 MHz, 317.38 W, 53, 100 %, 0x0000000000000004
2026/09/29 23:40:59.035, 2025 MHz, 9001 MHz, 332.71 W, 54, 100 %, 0x0000000000000004
2026/09/29 23:40:59.135, 2040 MHz, 9001 MHz, 334.27 W, 54, 100 %, 0x0000000000000000
2026/09/29 23:40:59.235, 2025 MHz, 9001 MHz, 335.21 W, 54, 99 %, 0x0000000000000004
2026/09/29 23:40:59.335, 1995 MHz, 9001 MHz, 335.81 W, 54, 99 %, 0x0000000000000004
2026/09/29 23:40:59.435, 2025 MHz, 9001 MHz, 337.21 W, 54, 99 %, 0x0000000000000004
2026/09/29 23:40:59.535, 2040 MHz, 9001 MHz, 337.52 W, 54, 99 %, 0x0000000000000004
2026/09/29 23:40:59.635, 2040 MHz, 9001 MHz, 339.79 W, 54, 74 %, 0x0000000000000000
2026/09/29 23:40:59.735, 2040 MHz, 9001 MHz, 336.81 W, 54, 74 %, 0x0000000000000000
2026/09/29 23:40:59.835, 2040 MHz, 9001 MHz, 337.42 W, 55, 100 %, 0x0000000000000000
2026/09/29 23:40:59.936, 2040 MHz, 9001 MHz, 337.41 W, 55, 100 %, 0x0000000000000000
2026/09/29 23:41:00.036, 2040 MHz, 9001 MHz, 336.98 W, 55, 100 %, 0x0000000000000000
2026/09/29 23:41:00.136, 2040 MHz, 9001 MHz, 334.99 W, 56, 100 %, 0x0000000000000000
2026/09/29 23:41:00.236, 2040 MHz, 9001 MHz, 334.21 W, 55, 100 %, 0x0000000000000000
2026/09/29 23:41:00.336, 2040 MHz, 9001 MHz, 332.33 W, 56, 100 %, 0x0000000000000000
2026/09/29 23:41:00.436, 2040 MHz, 9001 MHz, 330.51 W, 56, 100 %, 0x0000000000000000
2026/09/29 23:41:00.536, 2040 MHz, 9001 MHz, 329.54 W, 56, 100 %, 0x0000000000000000
2026/09/29 23:41:00.636, 2040 MHz, 9001 MHz, 328.98 W, 55, 99 %, 0x0000000000000000
2026/09/29 23:41:00.736, 2040 MHz, 9001 MHz, 328.39 W, 56, 99 %, 0x0000000000000000
2026/09/29 23:41:00.837, 2040 MHz, 9001 MHz, 329.65 W, 56, 74 %, 0x0000000000000000
2026/09/29 23:41:00.937, 2040 MHz, 9001 MHz, 331.93 W, 55, 74 %, 0x0000000000000000
2026/09/29 23:41:01.037, 2025 MHz, 9001 MHz, 331.93 W, 56, 100 %, 0x0000000000000004
2026/09/29 23:41:01.137, 2025 MHz, 9001 MHz, 333.97 W, 56, 100 %, 0x0000000000000004
2026/09/29 23:41:01.237, 2010 MHz, 9001 MHz, 336.81 W, 56, 99 %, 0x0000000000000004
2026/09/29 23:41:01.337, 2025 MHz, 9001 MHz, 338.28 W, 56, 99 %, 0x0000000000000004
2026/09/29 23:41:01.437, 2040 MHz, 9001 MHz, 340.08 W, 57, 99 %, 0x0000000000000000
2026/09/29 23:41:01.537, 2025 MHz, 9001 MHz, 343.75 W, 56, 99 %, 0x0000000000000004
2026/09/29 23:41:01.637, 2040 MHz, 9001 MHz, 345.95 W, 57, 99 %, 0x0000000000000004
2026/09/29 23:41:01.737, 1890 MHz, 9001 MHz, 348.27 W, 56, 99 %, 0x0000000000000004
2026/09/29 23:41:01.838, 2040 MHz, 9001 MHz, 348.09 W, 57, 74 %, 0x0000000000000000
2026/09/29 23:41:01.938, 1815 MHz, 9001 MHz, 342.58 W, 56, 74 %, 0x0000000000000004
2026/09/29 23:41:02.038, 1740 MHz, 9001 MHz, 344.60 W, 57, 100 %, 0x0000000000000004
2026/09/29 23:41:02.138, 1770 MHz, 9001 MHz, 345.59 W, 57, 100 %, 0x0000000000000004
2026/09/29 23:41:02.238, 1830 MHz, 9001 MHz, 346.75 W, 57, 99 %, 0x0000000000000004
2026/09/29 23:41:02.338, 1800 MHz, 9001 MHz, 347.07 W, 57, 99 %, 0x0000000000000004
2026/09/29 23:41:02.438, 1770 MHz, 9001 MHz, 347.75 W, 57, 99 %, 0x0000000000000004
2026/09/29 23:41:02.538, 1785 MHz, 9001 MHz, 348.18 W, 57, 99 %, 0x0000000000000004
2026/09/29 23:41:02.638, 1785 MHz, 9001 MHz, 348.46 W, 57, 99 %, 0x0000000000000004
2026/09/29 23:41:02.739, 1575 MHz, 9001 MHz, 348.98 W, 57, 99 %, 0x0000000000000004
2026/09/29 23:41:02.839, 2040 MHz, 9001 MHz, 348.33 W, 57, 75 %, 0x0000000000000000
2026/09/29 23:41:02.939, 2040 MHz, 9001 MHz, 348.52 W, 56, 75 %, 0x0000000000000000
2026/09/29 23:41:03.039, 2040 MHz, 9001 MHz, 348.52 W, 57, 100 %, 0x0000000000000000
2026/09/29 23:41:03.139, 2040 MHz, 9001 MHz, 345.83 W, 57, 100 %, 0x0000000000000000
2026/09/29 23:41:03.239, 2040 MHz, 9001 MHz, 343.10 W, 57, 100 %, 0x0000000000000000
2026/09/29 23:41:03.339, 2040 MHz, 9001 MHz, 340.34 W, 57, 100 %, 0x0000000000000000
2026/09/29 23:41:03.439, 2040 MHz, 9001 MHz, 336.36 W, 57, 100 %, 0x0000000000000000
2026/09/29 23:41:03.539, 2040 MHz, 9001 MHz, 336.36 W, 58, 100 %, 0x0000000000000000
2026/09/29 23:41:03.639, 2040 MHz, 9001 MHz, 335.22 W, 57, 99 %, 0x0000000000000000
2026/09/29 23:41:03.740, 2040 MHz, 9001 MHz, 333.46 W, 58, 99 %, 0x0000000000000000
2026/09/29 23:41:03.840, 2040 MHz, 9001 MHz, 331.11 W, 58, 100 %, 0x0000000000000000
2026/09/29 23:41:03.940, 2040 MHz, 9001 MHz, 331.25 W, 58, 100 %, 0x0000000000000000
2026/09/29 23:41:04.040, 2040 MHz, 9001 MHz, 333.71 W, 58, 100 %, 0x0000000000000000
2026/09/29 23:41:04.140, 2040 MHz, 9001 MHz, 333.70 W, 58, 100 %, 0x0000000000000000
2026/09/29 23:41:04.240, 2040 MHz, 9001 MHz, 333.70 W, 58, 100 %, 0x0000000000000000
2026/09/29 23:41:04.340, 2040 MHz, 9001 MHz, 335.17 W, 58, 100 %, 0x0000000000000000
2026/09/29 23:41:04.440, 2040 MHz, 9001 MHz, 334.35 W, 58, 100 %, 0x0000000000000000
2026/09/29 23:41:04.540, 2040 MHz, 9001 MHz, 334.35 W, 59, 100 %, 0x0000000000000000
2026/09/29 23:41:04.641, 2040 MHz, 9001 MHz, 334.90 W, 59, 100 %, 0x0000000000000000
2026/09/29 23:41:04.741, 2040 MHz, 9001 MHz, 336.94 W, 54, 100 %, 0x0000000000000000
2026/09/29 23:41:04.841, 1995 MHz, 9001 MHz, 338.97 W, 58, 100 %, 0x0000000000000004
2026/09/29 23:41:04.941, 1995 MHz, 9001 MHz, 338.97 W, 58, 100 %, 0x0000000000000004
2026/09/29 23:41:05.041, 2010 MHz, 9001 MHz, 344.36 W, 58, 100 %, 0x0000000000000004
2026/09/29 23:41:05.141, 2010 MHz, 9001 MHz, 346.13 W, 58, 100 %, 0x0000000000000004
2026/09/29 23:41:05.241, 2025 MHz, 9001 MHz, 347.02 W, 59, 100 %, 0x0000000000000004
2026/09/29 23:41:05.341, 1965 MHz, 9001 MHz, 348.02 W, 58, 100 %, 0x0000000000000004
2026/09/29 23:41:05.441, 1980 MHz, 9001 MHz, 351.30 W, 58, 100 %, 0x0000000000000004
2026/09/29 23:41:05.541, 2010 MHz, 9001 MHz, 352.02 W, 59, 100 %, 0x0000000000000004
2026/09/29 23:41:05.642, 1815 MHz, 9001 MHz, 353.03 W, 59, 99 %, 0x0000000000000004
2026/09/29 23:41:05.742, 1875 MHz, 9001 MHz, 352.16 W, 59, 99 %, 0x0000000000000004
2026/09/29 23:41:05.842, 1905 MHz, 9001 MHz, 351.26 W, 58, 100 %, 0x0000000000000004
2026/09/29 23:41:05.942, 1950 MHz, 9001 MHz, 350.24 W, 58, 100 %, 0x0000000000000004
2026/09/29 23:41:06.042, 1995 MHz, 9001 MHz, 350.08 W, 59, 100 %, 0x0000000000000004
2026/09/29 23:41:06.142, 1965 MHz, 9001 MHz, 350.86 W, 59, 100 %, 0x0000000000000004
2026/09/29 23:41:06.242, 1905 MHz, 9001 MHz, 351.71 W, 55, 74 %, 0x0000000000000004
2026/09/29 23:41:06.342, 1875 MHz, 9001 MHz, 351.58 W, 59, 74 %, 0x0000000000000004
2026/09/29 23:41:06.442, 1830 MHz, 9001 MHz, 351.92 W, 59, 100 %, 0x0000000000000004
2026/09/29 23:41:06.542, 1830 MHz, 9001 MHz, 352.73 W, 59, 100 %, 0x0000000000000004
2026/09/29 23:41:06.643, 1860 MHz, 9001 MHz, 352.37 W, 59, 100 %, 0x0000000000000004
2026/09/29 23:41:06.743, 1800 MHz, 9001 MHz, 353.73 W, 59, 100 %, 0x0000000000000004
2026/09/29 23:41:06.843, 1800 MHz, 9001 MHz, 353.26 W, 59, 100 %, 0x0000000000000004
2026/09/29 23:41:06.943, 1785 MHz, 9001 MHz, 353.82 W, 59, 100 %, 0x0000000000000004
2026/09/29 23:41:07.043, 1710 MHz, 9001 MHz, 353.95 W, 59, 99 %, 0x0000000000000004
2026/09/29 23:41:07.143, 1635 MHz, 9001 MHz, 351.94 W, 59, 99 %, 0x0000000000000004
2026/09/29 23:41:07.243, 1590 MHz, 9001 MHz, 350.34 W, 59, 100 %, 0x0000000000000004
2026/09/29 23:41:07.343, 1635 MHz, 9001 MHz, 348.18 W, 59, 100 %, 0x0000000000000004
2026/09/29 23:41:07.443, 1785 MHz, 9001 MHz, 348.27 W, 59, 100 %, 0x0000000000000004
2026/09/29 23:41:07.544, 1770 MHz, 9001 MHz, 346.36 W, 60, 100 %, 0x0000000000000004
2026/09/29 23:41:07.644, 1755 MHz, 9001 MHz, 325.13 W, 60, 78 %, 0x0000000000000004
2026/09/29 23:41:07.744, 2040 MHz, 9001 MHz, 323.17 W, 58, 78 %, 0x0000000000000000
2026/09/29 23:41:07.844, 2040 MHz, 9001 MHz, 322.39 W, 59, 100 %, 0x0000000000000000
2026/09/29 23:41:07.944, 2040 MHz, 9001 MHz, 321.10 W, 59, 100 %, 0x0000000000000000
2026/09/29 23:41:08.044, 2040 MHz, 9001 MHz, 319.82 W, 60, 100 %, 0x0000000000000000
2026/09/29 23:41:08.144, 2040 MHz, 9001 MHz, 319.75 W, 60, 100 %, 0x0000000000000000
2026/09/29 23:41:08.244, 2040 MHz, 9001 MHz, 319.75 W, 60, 100 %, 0x0000000000000000
2026/09/29 23:41:08.344, 2040 MHz, 9001 MHz, 321.07 W, 60, 100 %, 0x0000000000000000
2026/09/29 23:41:08.444, 2040 MHz, 9001 MHz, 321.57 W, 60, 100 %, 0x0000000000000000
2026/09/29 23:41:08.544, 2040 MHz, 9001 MHz, 320.00 W, 60, 100 %, 0x0000000000000000
2026/09/29 23:41:08.645, 2040 MHz, 9001 MHz, 319.14 W, 60, 100 %, 0x0000000000000000
2026/09/29 23:41:08.745, 2040 MHz, 9001 MHz, 335.77 W, 60, 100 %, 0x0000000000000000
2026/09/29 23:41:08.845, 2040 MHz, 9001 MHz, 335.99 W, 60, 100 %, 0x0000000000000000
2026/09/29 23:41:08.945, 2040 MHz, 9001 MHz, 336.64 W, 60, 100 %, 0x0000000000000000
2026/09/29 23:41:09.045, 2040 MHz, 9001 MHz, 337.37 W, 61, 100 %, 0x0000000000000000
2026/09/29 23:41:09.145, 2040 MHz, 9001 MHz, 337.43 W, 61, 100 %, 0x0000000000000000
2026/09/29 23:41:09.245, 2040 MHz, 9001 MHz, 333.68 W, 60, 99 %, 0x0000000000000000
2026/09/29 23:41:09.345, 2040 MHz, 9001 MHz, 333.76 W, 59, 99 %, 0x0000000000000000
2026/09/29 23:41:09.445, 2040 MHz, 9001 MHz, 332.88 W, 60, 100 %, 0x0000000000000000
2026/09/29 23:41:09.546, 2040 MHz, 9001 MHz, 332.76 W, 60, 100 %, 0x0000000000000000
2026/09/29 23:41:09.646, 2040 MHz, 9001 MHz, 332.27 W, 60, 100 %, 0x0000000000000000
2026/09/29 23:41:09.746, 2040 MHz, 9001 MHz, 334.87 W, 61, 100 %, 0x0000000000000000
2026/09/29 23:41:09.846, 2040 MHz, 9001 MHz, 335.21 W, 60, 100 %, 0x0000000000000000
2026/09/29 23:41:09.946, 2040 MHz, 9001 MHz, 334.80 W, 61, 100 %, 0x0000000000000000
2026/09/29 23:41:10.046, 2040 MHz, 9001 MHz, 334.53 W, 61, 100 %, 0x0000000000000000
2026/09/29 23:41:10.146, 2040 MHz, 9001 MHz, 334.31 W, 61, 100 %, 0x0000000000000000
2026/09/29 23:41:10.246, 2040 MHz, 9001 MHz, 334.78 W, 61, 100 %, 0x0000000000000000
2026/09/29 23:41:10.346, 2025 MHz, 9001 MHz, 338.91 W, 56, 100 %, 0x0000000000000004
2026/09/29 23:41:10.447, 1995 MHz, 9001 MHz, 340.29 W, 61, 100 %, 0x0000000000000004
2026/09/29 23:41:10.547, 1890 MHz, 9001 MHz, 340.92 W, 61, 100 %, 0x0000000000000004
2026/09/29 23:41:10.647, 1920 MHz, 9001 MHz, 342.21 W, 60, 100 %, 0x0000000000000004
2026/09/29 23:41:10.747, 1980 MHz, 9001 MHz, 344.61 W, 62, 100 %, 0x0000000000000004
2026/09/29 23:41:10.847, 1950 MHz, 9001 MHz, 346.80 W, 61, 100 %, 0x0000000000000004
2026/09/29 23:41:10.947, 1980 MHz, 9001 MHz, 348.96 W, 61, 100 %, 0x0000000000000004
2026/09/29 23:41:11.047, 1980 MHz, 9001 MHz, 350.77 W, 61, 100 %, 0x0000000000000004
2026/09/29 23:41:11.147, 1935 MHz, 9001 MHz, 352.99 W, 61, 100 %, 0x0000000000000004
2026/09/29 23:41:11.247, 1725 MHz, 9001 MHz, 351.88 W, 61, 100 %, 0x0000000000000004
2026/09/29 23:41:11.347, 1785 MHz, 9001 MHz, 351.17 W, 61, 100 %, 0x0000000000000004
2026/09/29 23:41:11.448, 1905 MHz, 9001 MHz, 351.46 W, 61, 100 %, 0x0000000000000004
2026/09/29 23:41:11.548, 1815 MHz, 9001 MHz, 350.56 W, 61, 100 %, 0x0000000000000004
2026/09/29 23:41:11.648, 1950 MHz, 9001 MHz, 351.08 W, 61, 100 %, 0x0000000000000004
2026/09/29 23:41:11.748, 1890 MHz, 9001 MHz, 350.72 W, 61, 100 %, 0x0000000000000004
2026/09/29 23:41:11.848, 1920 MHz, 9001 MHz, 350.29 W, 62, 100 %, 0x0000000000000004
2026/09/29 23:41:11.948, 1965 MHz, 9001 MHz, 348.19 W, 62, 100 %, 0x0000000000000004
2026/09/29 23:41:12.048, 1950 MHz, 9001 MHz, 349.17 W, 62, 100 %, 0x0000000000000004
2026/09/29 23:41:12.148, 1935 MHz, 9001 MHz, 349.99 W, 62, 100 %, 0x0000000000000004
2026/09/29 23:41:12.248, 1875 MHz, 9001 MHz, 350.76 W, 61, 100 %, 0x0000000000000004
2026/09/29 23:41:12.348, 1740 MHz, 9001 MHz, 329.88 W, 61, 100 %, 0x0000000000000004
2026/09/29 23:41:12.449, 1875 MHz, 9001 MHz, 333.32 W, 61, 97 %, 0x0000000000000004
2026/09/29 23:41:12.549, 1830 MHz, 9001 MHz, 334.00 W, 62, 97 %, 0x0000000000000004
2026/09/29 23:41:12.649, 1815 MHz, 9001 MHz, 335.46 W, 62, 100 %, 0x0000000000000004
2026/09/29 23:41:12.749, 1800 MHz, 9001 MHz, 334.47 W, 62, 100 %, 0x0000000000000004
2026/09/29 23:41:12.849, 1845 MHz, 9001 MHz, 335.49 W, 62, 100 %, 0x0000000000000004
2026/09/29 23:41:12.949, 1860 MHz, 9001 MHz, 336.36 W, 62, 100 %, 0x0000000000000004
2026/09/29 23:41:13.049, 1725 MHz, 9001 MHz, 337.36 W, 62, 100 %, 0x0000000000000004
2026/09/29 23:41:13.149, 1740 MHz, 9001 MHz, 335.86 W, 62, 100 %, 0x0000000000000004
2026/09/29 23:41:13.249, 1635 MHz, 9001 MHz, 334.05 W, 62, 99 %, 0x0000000000000004
2026/09/29 23:41:13.349, 1605 MHz, 9001 MHz, 332.63 W, 62, 99 %, 0x0000000000000004
2026/09/29 23:41:13.450, 1590 MHz, 9001 MHz, 352.83 W, 62, 100 %, 0x0000000000000004
2026/09/29 23:41:13.550, 1695 MHz, 9001 MHz, 350.41 W, 62, 100 %, 0x0000000000000004
2026/09/29 23:41:13.650, 1800 MHz, 9001 MHz, 350.42 W, 61, 99 %, 0x0000000000000004
2026/09/29 23:41:13.750, 1860 MHz, 9001 MHz, 349.90 W, 62, 99 %, 0x0000000000000004
2026/09/29 23:41:13.850, 1815 MHz, 9001 MHz, 351.14 W, 62, 100 %, 0x0000000000000004
2026/09/29 23:41:13.950, 1845 MHz, 9001 MHz, 351.23 W, 62, 100 %, 0x0000000000000004
2026/09/29 23:41:14.050, 1770 MHz, 9001 MHz, 351.32 W, 61, 99 %, 0x0000000000000004
2026/09/29 23:41:14.150, 1695 MHz, 9001 MHz, 350.23 W, 63, 99 %, 0x0000000000000004
2026/09/29 23:41:14.250, 1635 MHz, 9001 MHz, 348.89 W, 63, 100 %, 0x0000000000000004
2026/09/29 23:41:14.351, 1635 MHz, 9001 MHz, 349.08 W, 62, 100 %, 0x0000000000000004
2026/09/29 23:41:14.451, 1620 MHz, 9001 MHz, 349.29 W, 63, 75 %, 0x0000000000000004
2026/09/29 23:41:14.551, 2040 MHz, 9001 MHz, 344.55 W, 61, 75 %, 0x0000000000000000
2026/09/29 23:41:14.651, 2040 MHz, 9001 MHz, 344.47 W, 62, 100 %, 0x0000000000000000
2026/09/29 23:41:14.751, 2040 MHz, 9001 MHz, 342.41 W, 63, 100 %, 0x0000000000000000
2026/09/29 23:41:14.851, 2040 MHz, 9001 MHz, 340.08 W, 62, 100 %, 0x0000000000000000
2026/09/29 23:41:14.951, 2040 MHz, 9001 MHz, 338.63 W, 62, 100 %, 0x0000000000000000
2026/09/29 23:41:15.051, 2040 MHz, 9001 MHz, 334.85 W, 62, 100 %, 0x0000000000000000
2026/09/29 23:41:15.151, 2040 MHz, 9001 MHz, 331.91 W, 62, 100 %, 0x0000000000000000
2026/09/29 23:41:15.251, 2040 MHz, 9001 MHz, 331.78 W, 62, 100 %, 0x0000000000000000
2026/09/29 23:41:15.352, 2040 MHz, 9001 MHz, 332.04 W, 63, 100 %, 0x0000000000000000
2026/09/29 23:41:15.452, 2040 MHz, 9001 MHz, 333.74 W, 63, 100 %, 0x0000000000000000
2026/09/29 23:41:15.552, 2040 MHz, 9001 MHz, 334.83 W, 62, 100 %, 0x0000000000000000
2026/09/29 23:41:15.652, 2040 MHz, 9001 MHz, 337.05 W, 63, 100 %, 0x0000000000000000
2026/09/29 23:41:15.752, 2040 MHz, 9001 MHz, 336.33 W, 62, 100 %, 0x0000000000000000
2026/09/29 23:41:15.852, 2040 MHz, 9001 MHz, 338.16 W, 63, 100 %, 0x0000000000000000
2026/09/29 23:41:15.952, 2040 MHz, 9001 MHz, 338.71 W, 63, 100 %, 0x0000000000000000
2026/09/29 23:41:16.052, 2040 MHz, 9001 MHz, 336.89 W, 63, 100 %, 0x0000000000000000
2026/09/29 23:41:16.152, 2040 MHz, 9001 MHz, 338.25 W, 62, 100 %, 0x0000000000000000
2026/09/29 23:41:16.253, 2040 MHz, 9001 MHz, 337.53 W, 62, 100 %, 0x0000000000000000
2026/09/29 23:41:16.353, 2040 MHz, 9001 MHz, 336.82 W, 63, 100 %, 0x0000000000000000
2026/09/29 23:41:16.453, 2040 MHz, 9001 MHz, 334.89 W, 63, 100 %, 0x0000000000000000
2026/09/29 23:41:16.553, 2040 MHz, 9001 MHz, 336.83 W, 64, 100 %, 0x0000000000000000
2026/09/29 23:41:16.653, 2040 MHz, 9001 MHz, 336.43 W, 64, 100 %, 0x0000000000000000
2026/09/29 23:41:16.753, 2040 MHz, 9001 MHz, 335.06 W, 64, 100 %, 0x0000000000000000
2026/09/29 23:41:16.853, 2040 MHz, 9001 MHz, 331.76 W, 64, 100 %, 0x0000000000000000
2026/09/29 23:41:16.953, 2040 MHz, 9001 MHz, 329.97 W, 63, 100 %, 0x0000000000000000
2026/09/29 23:41:17.053, 2040 MHz, 9001 MHz, 331.92 W, 64, 100 %, 0x0000000000000000
2026/09/29 23:41:17.153, 2040 MHz, 9001 MHz, 333.26 W, 63, 100 %, 0x0000000000000000
2026/09/29 23:41:17.254, 2040 MHz, 9001 MHz, 331.90 W, 64, 100 %, 0x0000000000000000
2026/09/29 23:41:17.354, 2040 MHz, 9001 MHz, 333.32 W, 63, 100 %, 0x0000000000000000
2026/09/29 23:41:17.454, 2040 MHz, 9001 MHz, 331.40 W, 63, 100 %, 0x0000000000000000
2026/09/29 23:41:17.554, 2040 MHz, 9001 MHz, 330.56 W, 64, 100 %, 0x0000000000000000
2026/09/29 23:41:17.654, 2040 MHz, 9001 MHz, 329.42 W, 63, 100 %, 0x0000000000000000
2026/09/29 23:41:17.754, 2040 MHz, 9001 MHz, 328.83 W, 64, 100 %, 0x0000000000000004
2026/09/29 23:41:17.854, 2040 MHz, 9001 MHz, 333.48 W, 64, 100 %, 0x0000000000000000
2026/09/29 23:41:17.954, 2040 MHz, 9001 MHz, 338.38 W, 64, 100 %, 0x0000000000000000
2026/09/29 23:41:18.054, 2040 MHz, 9001 MHz, 334.85 W, 63, 100 %, 0x0000000000000000
2026/09/29 23:41:18.155, 2040 MHz, 9001 MHz, 333.85 W, 62, 100 %, 0x0000000000000000
2026/09/29 23:41:18.255, 2040 MHz, 9001 MHz, 333.82 W, 64, 100 %, 0x0000000000000004
2026/09/29 23:41:18.355, 2040 MHz, 9001 MHz, 337.12 W, 64, 100 %, 0x0000000000000000
2026/09/29 23:41:18.455, 2040 MHz, 9001 MHz, 336.65 W, 63, 100 %, 0x0000000000000000
2026/09/29 23:41:18.555, 2040 MHz, 9001 MHz, 337.18 W, 64, 100 %, 0x0000000000000000
2026/09/29 23:41:18.655, 2040 MHz, 9001 MHz, 337.48 W, 63, 100 %, 0x0000000000000000
2026/09/29 23:41:18.755, 2040 MHz, 9001 MHz, 335.72 W, 63, 100 %, 0x0000000000000000
2026/09/29 23:41:18.855, 2040 MHz, 9001 MHz, 335.72 W, 64, 100 %, 0x0000000000000000
2026/09/29 23:41:18.955, 2040 MHz, 9001 MHz, 333.62 W, 63, 100 %, 0x0000000000000000
2026/09/29 23:41:19.055, 2040 MHz, 9001 MHz, 333.70 W, 64, 100 %, 0x0000000000000004
2026/09/29 23:41:19.156, 2040 MHz, 9001 MHz, 334.06 W, 65, 100 %, 0x0000000000000004
2026/09/29 23:41:19.256, 2040 MHz, 9001 MHz, 331.15 W, 63, 100 %, 0x0000000000000000
2026/09/29 23:41:19.356, 2040 MHz, 9001 MHz, 329.03 W, 64, 100 %, 0x0000000000000000
2026/09/29 23:41:19.456, 2040 MHz, 9001 MHz, 330.52 W, 64, 100 %, 0x0000000000000000
2026/09/29 23:41:19.556, 2040 MHz, 9001 MHz, 332.50 W, 65, 100 %, 0x0000000000000000
2026/09/29 23:41:19.656, 2040 MHz, 9001 MHz, 334.67 W, 65, 100 %, 0x0000000000000000
2026/09/29 23:41:19.756, 2040 MHz, 9001 MHz, 335.22 W, 65, 100 %, 0x0000000000000000
2026/09/29 23:41:19.856, 2040 MHz, 9001 MHz, 335.46 W, 64, 100 %, 0x0000000000000000
2026/09/29 23:41:19.956, 2040 MHz, 9001 MHz, 334.56 W, 64, 100 %, 0x0000000000000000
2026/09/29 23:41:20.057, 2040 MHz, 9001 MHz, 333.38 W, 65, 100 %, 0x0000000000000000
2026/09/29 23:41:20.157, 2040 MHz, 9001 MHz, 334.29 W, 64, 100 %, 0x0000000000000000
2026/09/29 23:41:20.257, 2040 MHz, 9001 MHz, 337.73 W, 65, 100 %, 0x0000000000000004
2026/09/29 23:41:20.357, 2040 MHz, 9001 MHz, 340.00 W, 60, 100 %, 0x0000000000000000
2026/09/29 23:41:20.457, 2040 MHz, 9001 MHz, 339.04 W, 65, 100 %, 0x0000000000000004
2026/09/29 23:41:20.557, 2040 MHz, 9001 MHz, 338.35 W, 65, 100 %, 0x0000000000000004
2026/09/29 23:41:20.657, 2040 MHz, 9001 MHz, 335.55 W, 65, 100 %, 0x0000000000000004
2026/09/29 23:41:20.757, 2040 MHz, 9001 MHz, 336.22 W, 65, 100 %, 0x0000000000000004
2026/09/29 23:41:20.857, 2025 MHz, 9001 MHz, 336.01 W, 66, 100 %, 0x0000000000000004
2026/09/29 23:41:20.957, 2040 MHz, 9001 MHz, 337.63 W, 66, 100 %, 0x0000000000000004
2026/09/29 23:41:21.058, 2040 MHz, 9001 MHz, 339.05 W, 66, 100 %, 0x0000000000000004
2026/09/29 23:41:21.158, 2040 MHz, 9001 MHz, 338.49 W, 66, 100 %, 0x0000000000000004
2026/09/29 23:41:21.258, 2010 MHz, 9001 MHz, 339.32 W, 66, 100 %, 0x0000000000000000
2026/09/29 23:41:21.358, 2025 MHz, 9001 MHz, 340.05 W, 64, 100 %, 0x0000000000000004
2026/09/29 23:41:21.458, 2010 MHz, 9001 MHz, 340.64 W, 65, 100 %, 0x0000000000000004
2026/09/29 23:41:21.558, 2025 MHz, 9001 MHz, 341.22 W, 65, 100 %, 0x0000000000000004
2026/09/29 23:41:21.658, 2010 MHz, 9001 MHz, 341.58 W, 65, 100 %, 0x0000000000000004
2026/09/29 23:41:21.758, 2010 MHz, 9001 MHz, 341.74 W, 65, 100 %, 0x0000000000000004
2026/09/29 23:41:21.858, 2010 MHz, 9001 MHz, 342.32 W, 65, 100 %, 0x0000000000000004
2026/09/29 23:41:21.959, 1995 MHz, 9001 MHz, 342.02 W, 65, 100 %, 0x0000000000000004
2026/09/29 23:41:22.059, 2010 MHz, 9001 MHz, 342.77 W, 65, 100 %, 0x0000000000000004
2026/09/29 23:41:22.159, 1905 MHz, 9001 MHz, 341.68 W, 65, 100 %, 0x0000000000000004
2026/09/29 23:41:22.259, 1845 MHz, 9001 MHz, 341.49 W, 65, 100 %, 0x0000000000000004
2026/09/29 23:41:22.359, 1875 MHz, 9001 MHz, 339.78 W, 65, 100 %, 0x0000000000000004
2026/09/29 23:41:22.459, 1875 MHz, 9001 MHz, 339.28 W, 65, 100 %, 0x0000000000000004
2026/09/29 23:41:22.559, 1875 MHz, 9001 MHz, 338.24 W, 65, 100 %, 0x0000000000000004
2026/09/29 23:41:22.659, 1875 MHz, 9001 MHz, 338.52 W, 66, 100 %, 0x0000000000000004
2026/09/29 23:41:22.759, 1860 MHz, 9001 MHz, 337.28 W, 66, 100 %, 0x0000000000000004
2026/09/29 23:41:22.860, 1845 MHz, 9001 MHz, 336.88 W, 66, 100 %, 0x0000000000000004
2026/09/29 23:41:22.960, 1860 MHz, 9001 MHz, 335.64 W, 66, 100 %, 0x0000000000000004
2026/09/29 23:41:23.060, 1890 MHz, 9001 MHz, 336.81 W, 66, 99 %, 0x0000000000000004
2026/09/29 23:41:23.160, 1875 MHz, 9001 MHz, 336.88 W, 64, 99 %, 0x0000000000000004
2026/09/29 23:41:23.260, 1875 MHz, 9001 MHz, 340.32 W, 65, 100 %, 0x0000000000000004
2026/09/29 23:41:23.360, 1845 MHz, 9001 MHz, 342.36 W, 65, 100 %, 0x0000000000000004
2026/09/29 23:41:23.460, 1905 MHz, 9001 MHz, 343.79 W, 65, 100 %, 0x0000000000000004
2026/09/29 23:41:23.560, 1830 MHz, 9001 MHz, 344.83 W, 65, 100 %, 0x0000000000000004
2026/09/29 23:41:23.660, 1845 MHz, 9001 MHz, 346.12 W, 65, 100 %, 0x0000000000000004
2026/09/29 23:41:23.761, 1845 MHz, 9001 MHz, 347.46 W, 65, 100 %, 0x0000000000000004
2026/09/29 23:41:23.861, 1890 MHz, 9001 MHz, 350.47 W, 65, 100 %, 0x0000000000000004
2026/09/29 23:41:23.961, 2040 MHz, 9001 MHz, 351.97 W, 66, 100 %, 0x0000000000000004
2026/09/29 23:41:24.061, 1995 MHz, 9001 MHz, 354.22 W, 66, 100 %, 0x0000000000000004
2026/09/29 23:41:24.161, 1980 MHz, 9001 MHz, 354.03 W, 66, 100 %, 0x0000000000000004
2026/09/29 23:41:24.261, 2010 MHz, 9001 MHz, 354.14 W, 66, 100 %, 0x0000000000000004
2026/09/29 23:41:24.361, 1920 MHz, 9001 MHz, 352.30 W, 66, 100 %, 0x0000000000000004
2026/09/29 23:41:24.461, 1995 MHz, 9001 MHz, 353.07 W, 66, 100 %, 0x0000000000000004
2026/09/29 23:41:24.561, 1995 MHz, 9001 MHz, 352.75 W, 66, 100 %, 0x0000000000000004
2026/09/29 23:41:24.662, 1935 MHz, 9001 MHz, 353.24 W, 66, 100 %, 0x0000000000000004
2026/09/29 23:41:24.762, 1965 MHz, 9001 MHz, 354.18 W, 66, 100 %, 0x0000000000000004
2026/09/29 23:41:24.862, 2040 MHz, 9001 MHz, 347.28 W, 67, 74 %, 0x0000000000000000
2026/09/29 23:41:24.962, 1965 MHz, 9001 MHz, 349.78 W, 66, 74 %, 0x0000000000000004
2026/09/29 23:41:25.062, 1935 MHz, 9001 MHz, 350.51 W, 67, 100 %, 0x0000000000000004
2026/09/29 23:41:25.162, 1845 MHz, 9001 MHz, 350.60 W, 66, 100 %, 0x0000000000000004
2026/09/29 23:41:25.262, 1875 MHz, 9001 MHz, 353.09 W, 66, 100 %, 0x0000000000000004
2026/09/29 23:41:25.362, 1845 MHz, 9001 MHz, 352.16 W, 66, 100 %, 0x0000000000000004
2026/09/29 23:41:25.462, 1875 MHz, 9001 MHz, 352.77 W, 66, 100 %, 0x0000000000000004
2026/09/29 23:41:25.563, 1830 MHz, 9001 MHz, 350.03 W, 66, 100 %, 0x0000000000000004
2026/09/29 23:41:25.663, 1830 MHz, 9001 MHz, 349.28 W, 66, 100 %, 0x0000000000000004
2026/09/29 23:41:25.763, 1680 MHz, 9001 MHz, 347.89 W, 66, 100 %, 0x0000000000000004
2026/09/29 23:41:25.863, 1770 MHz, 9001 MHz, 346.40 W, 66, 100 %, 0x0000000000000004
2026/09/29 23:41:25.963, 1800 MHz, 9001 MHz, 351.70 W, 66, 100 %, 0x0000000000000004
2026/09/29 23:41:26.063, 1800 MHz, 9001 MHz, 350.16 W, 67, 100 %, 0x0000000000000004
2026/09/29 23:41:26.163, 1800 MHz, 9001 MHz, 348.52 W, 66, 100 %, 0x0000000000000004
2026/09/29 23:41:26.263, 1725 MHz, 9001 MHz, 346.00 W, 66, 100 %, 0x0000000000000004
2026/09/29 23:41:26.363, 1710 MHz, 9001 MHz, 342.64 W, 65, 100 %, 0x0000000000000004
2026/09/29 23:41:26.463, 1725 MHz, 9001 MHz, 341.71 W, 66, 100 %, 0x0000000000000004
2026/09/29 23:41:26.564, 1770 MHz, 9001 MHz, 340.74 W, 66, 100 %, 0x0000000000000004
2026/09/29 23:41:26.664, 1905 MHz, 9001 MHz, 342.41 W, 66, 99 %, 0x0000000000000004
2026/09/29 23:41:26.764, 1740 MHz, 9001 MHz, 342.84 W, 67, 99 %, 0x0000000000000004
2026/09/29 23:41:26.864, 1755 MHz, 9001 MHz, 343.86 W, 66, 100 %, 0x0000000000000004
2026/09/29 23:41:26.964, 1770 MHz, 9001 MHz, 343.85 W, 66, 100 %, 0x0000000000000004
2026/09/29 23:41:27.064, 1725 MHz, 9001 MHz, 342.83 W, 66, 100 %, 0x0000000000000004
2026/09/29 23:41:27.164, 1755 MHz, 9001 MHz, 340.76 W, 66, 100 %, 0x0000000000000004
2026/09/29 23:41:27.264, 1770 MHz, 9001 MHz, 340.18 W, 66, 100 %, 0x0000000000000004
2026/09/29 23:41:27.364, 1740 MHz, 9001 MHz, 340.52 W, 67, 100 %, 0x0000000000000004
2026/09/29 23:41:27.464, 1755 MHz, 9001 MHz, 340.27 W, 66, 100 %, 0x0000000000000004
2026/09/29 23:41:27.565, 1830 MHz, 9001 MHz, 341.83 W, 66, 100 %, 0x0000000000000004
2026/09/29 23:41:27.665, 1830 MHz, 9001 MHz, 343.04 W, 67, 100 %, 0x0000000000000004
2026/09/29 23:41:27.765, 1770 MHz, 9001 MHz, 342.73 W, 67, 100 %, 0x0000000000000004
2026/09/29 23:41:27.865, 1800 MHz, 9001 MHz, 343.18 W, 66, 100 %, 0x0000000000000004
2026/09/29 23:41:27.965, 1740 MHz, 9001 MHz, 341.37 W, 66, 100 %, 0x0000000000000004
2026/09/29 23:41:28.065, 1710 MHz, 9001 MHz, 340.80 W, 66, 100 %, 0x0000000000000004
2026/09/29 23:41:28.165, 1725 MHz, 9001 MHz, 340.41 W, 66, 100 %, 0x0000000000000004
2026/09/29 23:41:28.265, 1710 MHz, 9001 MHz, 341.00 W, 66, 100 %, 0x0000000000000004
2026/09/29 23:41:28.365, 1755 MHz, 9001 MHz, 341.53 W, 66, 100 %, 0x0000000000000004
2026/09/29 23:41:28.465, 1875 MHz, 9001 MHz, 342.41 W, 67, 99 %, 0x0000000000000004
2026/09/29 23:41:28.566, 1860 MHz, 9001 MHz, 344.39 W, 68, 99 %, 0x0000000000000004
2026/09/29 23:41:28.666, 1785 MHz, 9001 MHz, 343.45 W, 67, 100 %, 0x0000000000000004
2026/09/29 23:41:28.766, 1740 MHz, 9001 MHz, 341.89 W, 67, 100 %, 0x0000000000000004
2026/09/29 23:41:28.866, 1740 MHz, 9001 MHz, 340.05 W, 67, 100 %, 0x0000000000000004
2026/09/29 23:41:28.966, 1755 MHz, 9001 MHz, 339.96 W, 67, 100 %, 0x0000000000000004
2026/09/29 23:41:29.066, 1650 MHz, 9001 MHz, 339.51 W, 67, 100 %, 0x0000000000000004
2026/09/29 23:41:29.166, 1755 MHz, 9001 MHz, 340.28 W, 67, 100 %, 0x0000000000000004
2026/09/29 23:41:29.266, 1755 MHz, 9001 MHz, 342.03 W, 67, 100 %, 0x0000000000000004
2026/09/29 23:41:29.366, 2040 MHz, 9001 MHz, 320.53 W, 67, 100 %, 0x0000000000000004
2026/09/29 23:41:29.467, 2040 MHz, 9001 MHz, 291.35 W, 62, 0 %, 0x0000000000000000
2026/09/29 23:41:29.567, 2040 MHz, 9001 MHz, 291.35 W, 60, 0 %, 0x0000000000000000
2026/09/29 23:41:29.667, 2040 MHz, 9001 MHz, 245.87 W, 59, 0 %, 0x0000000000000000
2026/09/29 23:41:29.767, 2040 MHz, 9001 MHz, 221.35 W, 58, 0 %, 0x0000000000000000
2026/09/29 23:41:29.867, 2040 MHz, 9001 MHz, 197.49 W, 58, 0 %, 0x0000000000000000
2026/09/29 23:41:29.967, 2040 MHz, 9001 MHz, 173.65 W, 57, 0 %, 0x0000000000000000
2026/09/29 23:41:30.068, 2040 MHz, 9001 MHz, 149.31 W, 57, 0 %, 0x0000000000000000
2026/09/29 23:41:30.168, 2040 MHz, 9001 MHz, 125.78 W, 57, 0 %, 0x0000000000000000
2026/09/29 23:41:30.268, 2040 MHz, 9001 MHz, 101.35 W, 56, 0 %, 0x0000000000000000
