2026/09/30 08:27:46.255, 75, 2025, 61.64
2026/09/30 08:27:47.258, 75, 2040, 34.91
2026/09/30 08:27:48.258, 74, 2040, 34.97
2026/09/30 08:27:49.258, 74, 2040, 34.91
2026/09/30 08:27:50.259, 74, 2040, 34.74
2026/09/30 08:27:51.259, 74, 2040, 34.63
2026/09/30 08:27:52.259, 74, 2040, 34.72
2026/09/30 08:27:53.259, 74, 2040, 34.79
2026/09/30 08:27:54.259, 74, 2040, 34.78
2026/09/30 08:27:55.259, 74, 2040, 34.56
2026/09/30 08:27:56.259, 74, 2040, 34.69
2026/09/30 08:27:57.259, 78, 990, 60.34
2026/09/30 08:27:58.260, 78, 975, 72.53
2026/09/30 08:27:59.260, 79, 960, 72.10
2026/09/30 08:28:00.260, 79, 930, 71.87
2026/09/30 08:28:01.261, 80, 930, 72.14
2026/09/30 08:28:02.261, 80, 915, 72.00
2026/09/30 08:28:03.261, 80, 915, 72.00
2026/09/30 08:28:04.262, 81, 930, 72.50
2026/09/30 08:28:05.262, 80, 1245, 71.70
2026/09/30 08:28:06.262, 80, 1305, 71.89
2026/09/30 08:28:07.262, 80, 1320, 72.10
2026/09/30 08:28:08.262, 80, 1335, 71.96
2026/09/30 08:28:09.262, 80, 1350, 72.10
2026/09/30 08:28:10.262, 81, 1335, 71.95
2026/09/30 08:28:11.263, 81, 1335, 71.99
2026/09/30 08:28:12.263, 81, 1350, 72.09
2026/09/30 08:28:13.263, 81, 1350, 71.97
2026/09/30 08:28:14.263, 82, 1335, 72.11
2026/09/30 08:28:15.263, 82, 1335, 72.04
2026/09/30 08:28:16.263, 82, 1305, 72.12
2026/09/30 08:28:17.263, 82, 1290, 72.08
2026/09/30 08:28:18.264, 83, 1305, 71.97
2026/09/30 08:28:19.264, 83, 1305, 71.98
2026/09/30 08:28:20.264, 83, 1290, 72.07
2026/09/30 08:28:21.264, 83, 1275, 72.08
2026/09/30 08:28:22.264, 83, 1290, 72.01
2026/09/30 08:28:23.264, 84, 1290, 72.04
2026/09/30 08:28:24.265, 84, 1260, 72.19
2026/09/30 08:28:25.265, 84, 1290, 72.01
2026/09/30 08:28:26.265, 84, 870, 73.05
2026/09/30 08:28:27.265, 85, 885, 72.82
2026/09/30 08:28:28.265, 85, 915, 71.95
2026/09/30 08:28:29.265, 84, 900, 71.77
2026/09/30 08:28:30.265, 84, 930, 71.96
2026/09/30 08:28:31.266, 83, 945, 72.15
2026/09/30 08:28:32.266, 83, 945, 72.54
2026/09/30 08:28:33.266, 82, 945, 72.43
2026/09/30 08:28:34.266, 81, 915, 72.04
2026/09/30 08:28:35.266, 79, 1350, 72.10
2026/09/30 08:28:36.266, 78, 1365, 71.99
2026/09/30 08:28:37.267, 78, 1365, 72.02
2026/09/30 08:28:38.267, 77, 1350, 72.00
2026/09/30 08:28:39.267, 77, 1440, 72.81
2026/09/30 08:28:40.267, 76, 1380, 72.11
2026/09/30 08:28:41.267, 76, 1395, 72.09
2026/09/30 08:28:42.267, 75, 1410, 72.10
2026/09/30 08:28:43.267, 75, 1395, 71.92
2026/09/30 08:28:44.268, 75, 1455, 71.39
2026/09/30 08:28:45.268, 74, 1440, 72.03
2026/09/30 08:28:46.268, 74, 1425, 72.14
2026/09/30 08:28:47.268, 74, 1425, 71.99
2026/09/30 08:28:48.268, 73, 1320, 71.83
2026/09/30 08:28:49.268, 73, 1380, 71.55
2026/09/30 08:28:50.269, 73, 1410, 71.81
2026/09/30 08:28:51.269, 72, 1410, 71.91
2026/09/30 08:28:52.269, 73, 885, 71.85
2026/09/30 08:28:53.269, 72, 1425, 71.62
2026/09/30 08:28:54.269, 72, 1455, 72.03
2026/09/30 08:28:55.269, 71, 1440, 72.08
2026/09/30 08:28:56.270, 73, 915, 71.70
2026/09/30 08:28:57.270, 73, 915, 71.40
2026/09/30 08:28:58.270, 73, 975, 71.82
2026/09/30 08:28:59.270, 73, 960, 72.14
2026/09/30 08:29:00.270, 73, 960, 72.03
2026/09/30 08:29:01.270, 73, 960, 71.73
2026/09/30 08:29:02.270, 73, 975, 72.01
2026/09/30 08:29:03.272, 72, 945, 71.93
2026/09/30 08:29:04.272, 71, 1440, 71.72
2026/09/30 08:29:05.272, 70, 1440, 72.08
2026/09/30 08:29:06.272, 70, 1440, 72.11
2026/09/30 08:29:07.272, 70, 1455, 71.96
2026/09/30 08:29:08.272, 70, 1470, 72.03
2026/09/30 08:29:09.273, 70, 1455, 72.04
2026/09/30 08:29:10.273, 70, 1470, 72.06
2026/09/30 08:29:11.273, 71, 945, 73.28
2026/09/30 08:29:12.273, 70, 1425, 71.86
2026/09/30 08:29:13.273, 69, 1425, 71.98
2026/09/30 08:29:14.273, 69, 1455, 71.81
2026/09/30 08:29:15.274, 69, 1440, 71.93
2026/09/30 08:29:16.274, 69, 1425, 72.00
2026/09/30 08:29:17.274, 69, 1440, 71.88
2026/09/30 08:29:18.274, 69, 1455, 71.90
2026/09/30 08:29:19.274, 69, 1455, 72.02
2026/09/30 08:29:20.274, 69, 1455, 72.05
2026/09/30 08:29:21.275, 69, 1470, 71.89
2026/09/30 08:29:22.275, 69, 1470, 72.03
2026/09/30 08:29:23.275, 69, 1500, 72.00
2026/09/30 08:29:24.275, 69, 1485, 72.01
2026/09/30 08:29:25.275, 70, 945, 72.79
2026/09/30 08:29:26.275, 71, 990, 71.93
2026/09/30 08:29:27.276, 71, 975, 72.11
2026/09/30 08:29:28.276, 71, 975, 72.24
2026/09/30 08:29:29.276, 71, 975, 72.15
2026/09/30 08:29:30.276, 71, 1005, 72.03
2026/09/30 08:29:31.276, 71, 960, 71.94
2026/09/30 08:29:32.276, 72, 1005, 71.86
2026/09/30 08:29:33.276, 70, 1455, 72.09
2026/09/30 08:29:34.277, 70, 1455, 71.99
2026/09/30 08:29:35.277, 70, 1470, 72.04
2026/09/30 08:29:36.277, 70, 1470, 71.99
2026/09/30 08:29:37.277, 71, 900, 71.48
2026/09/30 08:29:38.277, 70, 1365, 71.60
2026/09/30 08:29:39.277, 70, 1380, 71.75
2026/09/30 08:29:40.277, 70, 1425, 71.90
2026/09/30 08:29:41.278, 70, 1425, 71.92
2026/09/30 08:29:42.278, 70, 1440, 71.98
2026/09/30 08:29:43.278, 70, 1485, 71.10
2026/09/30 08:29:44.278, 70, 1500, 72.07
2026/09/30 08:29:45.278, 70, 1485, 72.07
2026/09/30 08:29:46.278, 70, 1485, 72.05
2026/09/30 08:29:47.278, 70, 1470, 72.12
2026/09/30 08:29:48.279, 71, 1455, 71.94
2026/09/30 08:29:49.279, 71, 1440, 72.01
2026/09/30 08:29:50.279, 72, 810, 72.16
2026/09/30 08:29:51.279, 71, 1350, 71.46
2026/09/30 08:29:52.280, 71, 1395, 71.76
2026/09/30 08:29:53.280, 71, 1425, 71.99
2026/09/30 08:29:54.281, 72, 945, 73.32
2026/09/30 08:29:55.281, 73, 960, 71.90
2026/09/30 08:29:56.281, 73, 945, 71.97
2026/09/30 08:29:57.281, 74, 915, 71.96
2026/09/30 08:29:58.281, 74, 945, 72.09
2026/09/30 08:29:59.281, 74, 960, 71.88
2026/09/30 08:30:00.282, 74, 945, 72.24
2026/09/30 08:30:01.282, 74, 960, 72.42
2026/09/30 08:30:02.282, 73, 1425, 72.43
2026/09/30 08:30:03.282, 73, 1485, 71.66
2026/09/30 08:30:04.282, 73, 1470, 72.21
2026/09/30 08:30:05.282, 73, 1455, 72.14
2026/09/30 08:30:06.283, 74, 1470, 72.06
2026/09/30 08:30:07.283, 74, 1455, 72.13
2026/09/30 08:30:08.284, 74, 1455, 72.05
2026/09/30 08:30:09.284, 74, 1440, 72.01
2026/09/30 08:30:10.284, 74, 1425, 72.03
2026/09/30 08:30:11.284, 74, 1395, 72.02
2026/09/30 08:30:12.284, 75, 1440, 71.95
2026/09/30 08:30:13.285, 75, 1425, 72.03
2026/09/30 08:30:14.285, 75, 1425, 71.82
2026/09/30 08:30:15.285, 75, 1410, 72.00
2026/09/30 08:30:16.285, 75, 1380, 71.33
2026/09/30 08:30:17.285, 76, 1380, 72.09
2026/09/30 08:30:18.285, 76, 1395, 72.11
2026/09/30 08:30:19.286, 76, 1410, 72.13
2026/09/30 08:30:20.286, 76, 1425, 72.07
2026/09/30 08:30:21.286, 77, 1425, 72.06
2026/09/30 08:30:22.286, 77, 1440, 72.21
2026/09/30 08:30:23.286, 79, 960, 72.73
2026/09/30 08:30:24.286, 79, 945, 72.17
2026/09/30 08:30:25.286, 80, 945, 72.02
2026/09/30 08:30:26.287, 80, 930, 71.83
2026/09/30 08:30:27.287, 80, 930, 72.14
2026/09/30 08:30:28.287, 80, 900, 71.88
2026/09/30 08:30:29.287, 81, 930, 71.76
2026/09/30 08:30:30.287, 81, 915, 71.99
2026/09/30 08:30:31.288, 82, 915, 72.19
2026/09/30 08:30:32.288, 80, 1320, 72.06
2026/09/30 08:30:33.288, 80, 1290, 71.96
2026/09/30 08:30:34.288, 81, 1290, 72.17
2026/09/30 08:30:35.288, 81, 1320, 72.03
2026/09/30 08:30:36.288, 81, 1335, 71.88
2026/09/30 08:30:37.288, 81, 1335, 71.91
2026/09/30 08:30:38.289, 83, 930, 71.49
2026/09/30 08:30:39.289, 82, 1320, 72.09
2026/09/30 08:30:40.289, 82, 1320, 72.04
2026/09/30 08:30:41.289, 82, 1320, 72.02
2026/09/30 08:30:42.289, 82, 1320, 72.00
2026/09/30 08:30:43.289, 82, 1335, 72.07
2026/09/30 08:30:44.289, 82, 1335, 72.00
2026/09/30 08:30:45.290, 83, 795, 71.69
2026/09/30 08:30:46.290, 82, 1335, 71.69
2026/09/30 08:30:47.290, 81, 1320, 71.94
2026/09/30 08:30:48.290, 81, 1290, 71.95
2026/09/30 08:30:49.290, 81, 1335, 71.92
2026/09/30 08:30:50.290, 81, 1050, 71.30
2026/09/30 08:30:51.291, 81, 1275, 71.83
2026/09/30 08:30:52.291, 81, 1275, 72.06
2026/09/30 08:30:53.291, 82, 915, 71.62
2026/09/30 08:30:54.291, 82, 930, 71.89
2026/09/30 08:30:55.291, 82, 915, 72.04
2026/09/30 08:30:56.291, 82, 885, 72.16
2026/09/30 08:30:57.293, 83, 915, 72.21
2026/09/30 08:30:58.293, 83, 915, 72.40
2026/09/30 08:30:59.293, 83, 900, 71.70
2026/09/30 08:31:00.294, 83, 915, 72.19
2026/09/30 08:31:01.294, 81, 1335, 72.31
2026/09/30 08:31:02.294, 81, 1335, 72.11
2026/09/30 08:31:03.294, 81, 1305, 71.99
2026/09/30 08:31:04.294, 81, 1335, 72.01
2026/09/30 08:31:05.294, 82, 990, 71.32
2026/09/30 08:31:06.295, 81, 1260, 71.86
2026/09/30 08:31:07.295, 81, 1275, 71.90
2026/09/30 08:31:08.295, 81, 1275, 72.00
2026/09/30 08:31:09.295, 81, 1320, 71.92
2026/09/30 08:31:10.295, 81, 1305, 72.03
2026/09/30 08:31:11.295, 81, 1335, 71.96
2026/09/30 08:31:12.295, 81, 1290, 72.03
2026/09/30 08:31:13.296, 81, 1320, 72.04
2026/09/30 08:31:14.296, 81, 1305, 72.11
2026/09/30 08:31:15.296, 81, 1305, 71.93
2026/09/30 08:31:16.296, 81, 1320, 72.01
2026/09/30 08:31:17.296, 81, 1320, 72.01
2026/09/30 08:31:18.296, 82, 1305, 71.87
2026/09/30 08:31:19.296, 82, 1320, 71.80
2026/09/30 08:31:20.297, 82, 1350, 72.15
2026/09/30 08:31:21.297, 82, 1350, 72.20
2026/09/30 08:31:22.297, 84, 930, 71.66
2026/09/30 08:31:23.297, 84, 885, 72.17
2026/09/30 08:31:24.297, 85, 915, 72.19
2026/09/30 08:31:25.297, 85, 915, 72.38
2026/09/30 08:31:26.297, 85, 870, 72.10
2026/09/30 08:31:27.299, 85, 885, 72.12
2026/09/30 08:31:28.299, 84, 870, 71.95
2026/09/30 08:31:29.299, 83, 930, 71.91
2026/09/30 08:31:30.299, 83, 810, 71.73
2026/09/30 08:31:31.300, 80, 1230, 71.95
2026/09/30 08:31:32.300, 80, 1275, 71.50
2026/09/30 08:31:33.300, 79, 1335, 71.87
2026/09/30 08:31:34.300, 78, 1350, 71.94
2026/09/30 08:31:35.300, 78, 1365, 71.90
2026/09/30 08:31:36.300, 77, 1380, 71.88
2026/09/30 08:31:37.300, 77, 1380, 72.06
2026/09/30 08:31:38.301, 76, 1380, 72.06
2026/09/30 08:31:39.301, 76, 1395, 71.93
2026/09/30 08:31:40.301, 76, 1425, 71.25
2026/09/30 08:31:41.301, 75, 1425, 71.99
2026/09/30 08:31:42.301, 75, 1425, 72.00
2026/09/30 08:31:43.301, 74, 1425, 71.93
2026/09/30 08:31:44.302, 74, 1425, 72.06
2026/09/30 08:31:45.302, 74, 1440, 71.98
2026/09/30 08:31:46.302, 74, 1485, 71.70
2026/09/30 08:31:47.302, 73, 1470, 72.09
2026/09/30 08:31:48.302, 73, 1455, 72.18
2026/09/30 08:31:49.302, 73, 1470, 72.05
2026/09/30 08:31:50.302, 72, 1485, 72.14
2026/09/30 08:31:51.303, 72, 1455, 72.27
2026/09/30 08:31:52.303, 74, 960, 72.34
2026/09/30 08:31:53.303, 74, 960, 71.99
2026/09/30 08:31:54.303, 74, 960, 72.22
2026/09/30 08:31:55.303, 73, 1005, 72.30
2026/09/30 08:31:56.303, 73, 975, 71.91
2026/09/30 08:31:57.303, 73, 975, 72.23
2026/09/30 08:31:58.304, 73, 960, 72.16
2026/09/30 08:31:59.304, 73, 990, 72.08
2026/09/30 08:32:00.304, 71, 1470, 72.36
2026/09/30 08:32:01.304, 71, 1455, 72.22
2026/09/30 08:32:02.304, 71, 1485, 71.97
2026/09/30 08:32:03.304, 71, 1500, 72.04
2026/09/30 08:32:04.305, 70, 1515, 72.07
2026/09/30 08:32:05.305, 70, 1500, 72.18
2026/09/30 08:32:06.305, 70, 1500, 72.22
2026/09/30 08:32:07.305, 70, 1485, 72.12
2026/09/30 08:32:08.305, 70, 1485, 72.10
2026/09/30 08:32:09.305, 70, 1515, 72.06
2026/09/30 08:32:10.305, 70, 1530, 72.61
2026/09/30 08:32:11.306, 70, 1530, 72.16
2026/09/30 08:32:12.306, 70, 1500, 72.18
2026/09/30 08:32:13.306, 70, 1500, 72.16
2026/09/30 08:32:14.306, 70, 1500, 72.16
2026/09/30 08:32:15.306, 70, 1500, 72.10
2026/09/30 08:32:16.306, 69, 1500, 72.10
2026/09/30 08:32:17.307, 69, 1500, 72.07
2026/09/30 08:32:18.307, 69, 1515, 72.04
2026/09/30 08:32:19.307, 69, 1530, 71.41
2026/09/30 08:32:20.307, 69, 1485, 72.11
2026/09/30 08:32:21.307, 71, 1005, 72.90
2026/09/30 08:32:22.307, 71, 990, 72.29
2026/09/30 08:32:23.308, 71, 990, 72.38
2026/09/30 08:32:24.308, 71, 975, 71.92
2026/09/30 08:32:25.308, 71, 975, 71.93
2026/09/30 08:32:26.308, 71, 975, 72.27
2026/09/30 08:32:27.308, 71, 975, 71.82
2026/09/30 08:32:28.308, 72, 990, 72.25
2026/09/30 08:32:29.308, 70, 1455, 72.01
2026/09/30 08:32:30.309, 70, 1455, 72.08
2026/09/30 08:32:31.309, 71, 855, 72.06
2026/09/30 08:32:32.309, 70, 1455, 71.61
2026/09/30 08:32:33.309, 70, 1455, 71.87
2026/09/30 08:32:34.309, 70, 1470, 72.04
2026/09/30 08:32:35.309, 70, 1440, 72.00
2026/09/30 08:32:36.309, 70, 1440, 71.85
2026/09/30 08:32:37.310, 70, 1455, 72.01
2026/09/30 08:32:38.310, 70, 1455, 72.03
2026/09/30 08:32:39.310, 70, 1440, 71.85
2026/09/30 08:32:40.311, 70, 1440, 71.83
2026/09/30 08:32:41.311, 70, 1455, 72.46
2026/09/30 08:32:42.311, 70, 1440, 72.18
2026/09/30 08:32:43.312, 70, 1440, 71.94
2026/09/30 08:32:44.312, 70, 1440, 72.01
2026/09/30 08:32:45.312, 70, 1440, 71.99
2026/09/30 08:32:46.312, 71, 1440, 72.02
2026/09/30 08:32:47.312, 71, 1455, 71.43
2026/09/30 08:32:48.312, 71, 1470, 71.99
2026/09/30 08:32:49.313, 71, 1470, 72.07
2026/09/30 08:32:50.314, 72, 960, 71.92
2026/09/30 08:32:51.314, 73, 960, 72.35
2026/09/30 08:32:52.314, 73, 960, 72.18
2026/09/30 08:32:53.314, 74, 975, 72.12
2026/09/30 08:32:54.314, 74, 960, 71.57
2026/09/30 08:32:55.314, 74, 960, 71.91
2026/09/30 08:32:56.315, 74, 975, 72.19
2026/09/30 08:32:57.315, 74, 930, 72.27
2026/09/30 08:32:58.315, 73, 1440, 72.08
2026/09/30 08:32:59.315, 73, 1440, 72.06
2026/09/30 08:33:00.315, 74, 960, 72.76
2026/09/30 08:33:01.315, 73, 1425, 71.69
2026/09/30 08:33:02.315, 73, 1455, 71.90
2026/09/30 08:33:03.316, 73, 1425, 72.03
2026/09/30 08:33:04.316, 74, 1395, 72.04
2026/09/30 08:33:05.316, 74, 1425, 72.00
2026/09/30 08:33:06.316, 74, 1410, 71.93
2026/09/30 08:33:07.316, 74, 1395, 71.93
2026/09/30 08:33:08.316, 74, 1425, 71.91
2026/09/30 08:33:09.317, 74, 1425, 72.18
2026/09/30 08:33:10.317, 75, 1440, 72.20
2026/09/30 08:33:11.317, 75, 1395, 72.06
2026/09/30 08:33:12.317, 75, 1185, 72.86
2026/09/30 08:33:13.317, 75, 1335, 71.58
2026/09/30 08:33:14.317, 75, 1335, 71.81
2026/09/30 08:33:15.318, 76, 1350, 71.85
2026/09/30 08:33:16.318, 76, 1380, 71.85
2026/09/30 08:33:17.318, 76, 1365, 72.05
2026/09/30 08:33:18.318, 78, 900, 71.45
2026/09/30 08:33:19.318, 78, 870, 71.84
2026/09/30 08:33:20.318, 79, 885, 71.48
2026/09/30 08:33:21.318, 77, 1500, 71.63
2026/09/30 08:33:22.319, 78, 1530, 72.00
2026/09/30 08:33:23.320, 78, 1530, 72.11
2026/09/30 08:33:24.320, 78, 1530, 72.02
2026/09/30 08:33:25.320, 78, 1515, 72.01
2026/09/30 08:33:26.320, 79, 1515, 72.14
2026/09/30 08:33:27.320, 79, 1515, 72.20
2026/09/30 08:33:28.322, 79, 1500, 72.12
2026/09/30 08:33:29.322, 80, 1515, 72.16
2026/09/30 08:33:30.322, 80, 1485, 72.15
2026/09/30 08:33:31.323, 80, 1485, 72.03
2026/09/30 08:33:32.323, 80, 1515, 71.93
2026/09/30 08:33:33.323, 81, 1500, 71.98
2026/09/30 08:33:34.323, 81, 1500, 72.10
2026/09/30 08:33:35.323, 81, 1500, 71.97
2026/09/30 08:33:36.323, 81, 1485, 72.16
2026/09/30 08:33:37.323, 82, 1485, 72.00
