2026/09/30 08:44:45.730, 81, 2025, 65.40
2026/09/30 08:44:46.733, 80, 2040, 37.25
2026/09/30 08:44:47.733, 80, 2040, 37.18
2026/09/30 08:44:48.733, 80, 2040, 37.13
2026/09/30 08:44:49.733, 79, 2040, 36.85
2026/09/30 08:44:50.733, 79, 2040, 36.90
2026/09/30 08:44:51.733, 79, 2040, 36.73
2026/09/30 08:44:52.733, 79, 2040, 36.67
2026/09/30 08:44:53.734, 78, 2040, 36.63
2026/09/30 08:44:54.734, 78, 2040, 36.43
2026/09/30 08:44:55.734, 81, 900, 44.13
2026/09/30 08:44:56.734, 81, 825, 72.86
2026/09/30 08:44:57.734, 81, 840, 71.77
2026/09/30 08:44:58.734, 82, 840, 71.83
2026/09/30 08:44:59.734, 82, 855, 71.66
2026/09/30 08:45:00.734, 82, 885, 72.10
2026/09/30 08:45:01.735, 82, 870, 71.66
2026/09/30 08:45:02.735, 83, 855, 72.02
2026/09/30 08:45:03.735, 83, 870, 72.01
2026/09/30 08:45:04.735, 83, 870, 72.17
2026/09/30 08:45:05.735, 83, 915, 72.12
2026/09/30 08:45:06.735, 83, 900, 72.11
2026/09/30 08:45:07.735, 83, 930, 72.38
2026/09/30 08:45:08.736, 83, 900, 72.37
2026/09/30 08:45:09.736, 83, 915, 72.10
2026/09/30 08:45:10.736, 83, 930, 72.00
2026/09/30 08:45:11.736, 83, 945, 71.82
2026/09/30 08:45:12.736, 83, 945, 72.03
2026/09/30 08:45:13.736, 83, 900, 72.11
2026/09/30 08:45:14.736, 82, 840, 72.14
2026/09/30 08:45:15.737, 82, 1080, 71.20
2026/09/30 08:45:16.737, 82, 1020, 71.74
2026/09/30 08:45:17.737, 82, 1020, 72.08
2026/09/30 08:45:18.738, 82, 1050, 71.98
2026/09/30 08:45:19.738, 82, 1050, 71.26
2026/09/30 08:45:20.738, 82, 1080, 72.69
2026/09/30 08:45:21.739, 82, 1095, 72.25
2026/09/30 08:45:22.739, 82, 1050, 72.04
2026/09/30 08:45:23.739, 82, 1065, 71.97
2026/09/30 08:45:24.739, 82, 1050, 71.88
2026/09/30 08:45:25.739, 82, 1065, 71.82
2026/09/30 08:45:26.739, 82, 1050, 71.63
2026/09/30 08:45:27.740, 82, 1035, 72.07
2026/09/30 08:45:28.740, 82, 1035, 72.15
2026/09/30 08:45:29.740, 82, 1050, 71.14
2026/09/30 08:45:30.740, 82, 1065, 70.60
2026/09/30 08:45:31.740, 82, 1065, 70.64
2026/09/30 08:45:32.741, 82, 1065, 70.79
2026/09/30 08:45:33.741, 82, 1050, 71.22
2026/09/30 08:45:34.741, 82, 1065, 72.00
2026/09/30 08:45:35.741, 83, 1050, 72.61
2026/09/30 08:45:36.741, 83, 1095, 71.70
2026/09/30 08:45:37.741, 83, 840, 71.68
2026/09/30 08:45:38.742, 83, 870, 72.07
2026/09/30 08:45:39.742, 84, 900, 72.09
2026/09/30 08:45:40.742, 83, 885, 72.16
2026/09/30 08:45:41.742, 83, 885, 72.11
2026/09/30 08:45:42.742, 83, 870, 72.21
2026/09/30 08:45:43.742, 83, 870, 72.25
2026/09/30 08:45:44.742, 83, 885, 71.83
2026/09/30 08:45:45.743, 83, 870, 71.74
2026/09/30 08:45:46.743, 83, 930, 71.52
2026/09/30 08:45:47.743, 83, 870, 72.13
2026/09/30 08:45:48.743, 83, 855, 72.21
2026/09/30 08:45:49.743, 83, 855, 72.29
2026/09/30 08:45:50.743, 83, 870, 71.98
2026/09/30 08:45:51.743, 83, 900, 72.16
2026/09/30 08:45:52.744, 83, 930, 72.19
2026/09/30 08:45:53.744, 83, 930, 72.29
2026/09/30 08:45:54.744, 83, 885, 72.26
2026/09/30 08:45:55.744, 83, 900, 72.09
2026/09/30 08:45:56.744, 83, 900, 72.10
2026/09/30 08:45:57.744, 83, 885, 71.65
2026/09/30 08:45:58.744, 83, 1080, 71.85
2026/09/30 08:45:59.745, 82, 1035, 71.36
2026/09/30 08:46:00.745, 82, 1050, 71.32
2026/09/30 08:46:01.745, 82, 1050, 72.15
2026/09/30 08:46:02.745, 82, 1080, 72.01
2026/09/30 08:46:03.745, 82, 1065, 71.74
2026/09/30 08:46:04.745, 83, 915, 71.53
2026/09/30 08:46:05.746, 82, 1065, 71.94
2026/09/30 08:46:06.746, 82, 1050, 71.98
2026/09/30 08:46:07.746, 82, 1050, 71.91
2026/09/30 08:46:08.746, 82, 1110, 72.31
2026/09/30 08:46:09.748, 82, 1140, 71.67
2026/09/30 08:46:10.748, 82, 1065, 72.35
2026/09/30 08:46:11.748, 82, 1005, 72.01
2026/09/30 08:46:12.748, 81, 1050, 71.82
2026/09/30 08:46:13.748, 81, 1035, 71.52
2026/09/30 08:46:14.748, 81, 1110, 72.40
2026/09/30 08:46:15.749, 81, 1110, 71.77
2026/09/30 08:46:16.749, 81, 1095, 71.75
2026/09/30 08:46:17.749, 81, 1110, 72.08
2026/09/30 08:46:18.750, 81, 1080, 71.94
2026/09/30 08:46:19.750, 81, 1260, 71.30
2026/09/30 08:46:20.750, 81, 1065, 71.47
2026/09/30 08:46:21.750, 81, 1080, 71.85
2026/09/30 08:46:22.751, 81, 1080, 71.15
2026/09/30 08:46:23.751, 81, 1035, 71.49
2026/09/30 08:46:24.751, 81, 885, 71.91
2026/09/30 08:46:25.751, 82, 930, 72.64
2026/09/30 08:46:26.751, 82, 915, 72.04
2026/09/30 08:46:27.751, 82, 900, 72.08
2026/09/30 08:46:28.752, 82, 915, 72.23
2026/09/30 08:46:29.752, 82, 885, 72.10
2026/09/30 08:46:30.752, 82, 900, 72.19
2026/09/30 08:46:31.752, 82, 900, 72.39
2026/09/30 08:46:32.752, 82, 885, 72.31
2026/09/30 08:46:33.752, 82, 885, 72.05
2026/09/30 08:46:34.752, 83, 885, 72.35
2026/09/30 08:46:35.753, 82, 900, 72.16
2026/09/30 08:46:36.753, 82, 900, 72.08
2026/09/30 08:46:37.753, 82, 915, 72.26
2026/09/30 08:46:38.753, 82, 930, 72.07
2026/09/30 08:46:39.755, 83, 915, 72.03
2026/09/30 08:46:40.755, 83, 900, 72.12
2026/09/30 08:46:41.755, 82, 1035, 72.26
2026/09/30 08:46:42.755, 82, 1050, 71.74
2026/09/30 08:46:43.755, 82, 1095, 72.07
2026/09/30 08:46:44.755, 82, 1020, 71.88
2026/09/30 08:46:45.756, 82, 1005, 72.10
2026/09/30 08:46:46.756, 82, 1080, 71.74
2026/09/30 08:46:47.756, 82, 1095, 72.12
2026/09/30 08:46:48.756, 82, 1050, 72.07
2026/09/30 08:46:49.756, 82, 1050, 72.16
2026/09/30 08:46:50.756, 82, 1035, 71.61
2026/09/30 08:46:51.757, 82, 1065, 72.72
2026/09/30 08:46:52.757, 82, 1080, 72.08
2026/09/30 08:46:53.757, 82, 1035, 72.14
2026/09/30 08:46:54.757, 82, 1065, 72.50
2026/09/30 08:46:55.757, 82, 1095, 72.17
2026/09/30 08:46:56.757, 82, 1095, 71.77
2026/09/30 08:46:57.757, 82, 1020, 71.91
2026/09/30 08:46:58.758, 82, 1050, 71.93
2026/09/30 08:46:59.758, 82, 1050, 71.88
2026/09/30 08:47:00.758, 82, 1110, 71.94
2026/09/30 08:47:01.758, 82, 1125, 72.10
2026/09/30 08:47:02.758, 82, 1155, 72.28
2026/09/30 08:47:03.758, 82, 1095, 72.15
2026/09/30 08:47:04.759, 82, 765, 71.93
