2026/10/03 03:46:21.764, 48, 1980, 425.71
2026/10/03 03:46:22.766, 46, 1980, 131.86
2026/10/03 03:46:23.766, 45, 1980, 131.38
2026/10/03 03:46:24.766, 45, 1980, 130.71
2026/10/03 03:46:25.766, 44, 1980, 129.73
2026/10/03 03:46:26.767, 44, 1980, 129.14
2026/10/03 03:46:27.767, 44, 1980, 129.10
2026/10/03 03:46:28.767, 44, 1980, 128.73
2026/10/03 03:46:29.767, 43, 1980, 128.51
2026/10/03 03:46:30.767, 59, 1470, 347.34
2026/10/03 03:46:31.767, 62, 1485, 654.90
2026/10/03 03:46:32.768, 61, 1485, 655.17
2026/10/03 03:46:33.768, 60, 1485, 661.82
2026/10/03 03:46:34.768, 60, 1500, 661.28
2026/10/03 03:46:35.768, 60, 1485, 661.27
2026/10/03 03:46:36.768, 59, 1590, 655.88
2026/10/03 03:46:37.768, 57, 1635, 654.92
2026/10/03 03:46:38.769, 58, 1605, 657.91
2026/10/03 03:46:39.769, 58, 1635, 659.53
2026/10/03 03:46:40.769, 59, 1635, 658.86
2026/10/03 03:46:41.769, 59, 1620, 661.23
