2026/09/29 22:19:02.216, 2040 MHz, 6251 MHz, 36.86 W, 80, 0 %
2026/09/29 22:19:03.219, 2040 MHz, 6251 MHz, 38.42 W, 79, 0 %
2026/09/29 22:19:04.219, 2040 MHz, 6251 MHz, 35.64 W, 79, 0 %
2026/09/29 22:19:05.219, 2040 MHz, 6251 MHz, 35.55 W, 79, 0 %
2026/09/29 22:19:06.220, 2040 MHz, 6251 MHz, 35.86 W, 79, 0 %
2026/09/29 22:19:07.220, 2040 MHz, 6251 MHz, 38.15 W, 79, 4 %
2026/09/29 22:19:08.220, 1680 MHz, 6251 MHz, 54.70 W, 80, 95 %
2026/09/29 22:19:09.220, 1605 MHz, 6251 MHz, 72.60 W, 81, 93 %
2026/09/29 22:19:10.220, 1665 MHz, 6251 MHz, 71.70 W, 81, 95 %
2026/09/29 22:19:11.220, 1680 MHz, 6251 MHz, 72.19 W, 81, 95 %
2026/09/29 22:19:12.220, 1650 MHz, 6251 MHz, 73.14 W, 81, 95 %
2026/09/29 22:19:13.220, 1125 MHz, 6251 MHz, 72.35 W, 82, 96 %
2026/09/29 22:19:14.221, 1590 MHz, 6251 MHz, 71.58 W, 82, 96 %
2026/09/29 22:19:15.221, 1035 MHz, 6251 MHz, 75.16 W, 82, 96 %
2026/09/29 22:19:16.221, 930 MHz, 6251 MHz, 73.72 W, 83, 100 %
2026/09/29 22:19:17.221, 945 MHz, 6251 MHz, 71.23 W, 83, 100 %
2026/09/29 22:19:18.221, 975 MHz, 6251 MHz, 72.24 W, 83, 100 %
2026/09/29 22:19:19.221, 960 MHz, 6251 MHz, 71.99 W, 83, 97 %
2026/09/29 22:19:20.221, 990 MHz, 6251 MHz, 71.21 W, 83, 95 %
2026/09/29 22:19:21.221, 900 MHz, 6251 MHz, 71.99 W, 82, 97 %
2026/09/29 22:19:22.221, 1740 MHz, 6251 MHz, 72.11 W, 82, 98 %
2026/09/29 22:19:23.221, 1110 MHz, 6251 MHz, 70.81 W, 83, 100 %
2026/09/29 22:19:24.222, 1110 MHz, 6251 MHz, 72.37 W, 83, 100 %
2026/09/29 22:19:25.222, 975 MHz, 6251 MHz, 71.81 W, 83, 98 %
2026/09/29 22:19:26.222, 1110 MHz, 6251 MHz, 71.19 W, 82, 100 %
2026/09/29 22:19:27.222, 990 MHz, 6251 MHz, 71.77 W, 82, 100 %
2026/09/29 22:19:28.222, 990 MHz, 6251 MHz, 71.72 W, 82, 100 %
2026/09/29 22:19:29.222, 1005 MHz, 6251 MHz, 71.12 W, 82, 100 %
2026/09/29 22:19:30.222, 1410 MHz, 6251 MHz, 70.39 W, 82, 100 %
2026/09/29 22:19:31.222, 990 MHz, 6251 MHz, 71.55 W, 82, 100 %
2026/09/29 22:19:32.222, 1050 MHz, 6251 MHz, 72.27 W, 82, 100 %
2026/09/29 22:19:33.223, 1635 MHz, 6251 MHz, 71.46 W, 81, 98 %
2026/09/29 22:19:34.223, 1035 MHz, 6251 MHz, 73.00 W, 82, 100 %
2026/09/29 22:19:35.223, 1035 MHz, 6251 MHz, 71.39 W, 82, 100 %
2026/09/29 22:19:36.223, 1635 MHz, 6251 MHz, 72.03 W, 81, 98 %
2026/09/29 22:19:37.223, 1110 MHz, 6251 MHz, 73.10 W, 82, 100 %
2026/09/29 22:19:38.223, 1065 MHz, 6251 MHz, 72.49 W, 82, 100 %
2026/09/29 22:19:39.223, 1605 MHz, 6251 MHz, 72.54 W, 81, 98 %
2026/09/29 22:19:40.223, 1680 MHz, 6251 MHz, 74.03 W, 81, 97 %
2026/09/29 22:19:41.223, 1635 MHz, 6251 MHz, 72.23 W, 81, 95 %
2026/09/29 22:19:42.224, 1665 MHz, 6251 MHz, 72.23 W, 81, 96 %
2026/09/29 22:19:43.224, 1650 MHz, 6251 MHz, 72.35 W, 81, 95 %
2026/09/29 22:19:44.224, 1650 MHz, 6251 MHz, 71.80 W, 81, 95 %
2026/09/29 22:19:45.224, 1680 MHz, 6251 MHz, 71.75 W, 81, 94 %
2026/09/29 22:19:46.224, 1620 MHz, 6251 MHz, 73.17 W, 81, 96 %
2026/09/29 22:19:47.224, 1620 MHz, 6251 MHz, 71.73 W, 81, 96 %
2026/09/29 22:19:48.224, 1665 MHz, 6251 MHz, 71.81 W, 81, 96 %
2026/09/29 22:19:49.224, 1665 MHz, 6251 MHz, 72.44 W, 81, 94 %
2026/09/29 22:19:50.224, 1620 MHz, 6251 MHz, 71.62 W, 81, 96 %
2026/09/29 22:19:51.225, 1605 MHz, 6251 MHz, 72.91 W, 81, 95 %
2026/09/29 22:19:52.225, 1635 MHz, 6251 MHz, 72.58 W, 82, 94 %
2026/09/29 22:19:53.225, 1620 MHz, 6251 MHz, 71.75 W, 82, 94 %
2026/09/29 22:19:54.225, 1635 MHz, 6251 MHz, 72.47 W, 82, 95 %
2026/09/29 22:19:55.225, 1635 MHz, 6251 MHz, 71.87 W, 82, 97 %
2026/09/29 22:19:56.225, 1665 MHz, 6251 MHz, 72.13 W, 82, 96 %
2026/09/29 22:19:57.225, 1605 MHz, 6251 MHz, 72.76 W, 82, 94 %
2026/09/29 22:19:58.225, 1605 MHz, 6251 MHz, 71.92 W, 82, 95 %
2026/09/29 22:19:59.226, 1560 MHz, 6251 MHz, 71.50 W, 82, 95 %
2026/09/29 22:20:00.226, 1620 MHz, 6251 MHz, 71.85 W, 82, 95 %
2026/09/29 22:20:01.226, 1620 MHz, 6251 MHz, 72.13 W, 82, 96 %
2026/09/29 22:20:02.226, 1620 MHz, 6251 MHz, 71.22 W, 82, 97 %
2026/09/29 22:20:03.226, 1590 MHz, 6251 MHz, 72.34 W, 82, 96 %
2026/09/29 22:20:04.226, 1620 MHz, 6251 MHz, 70.85 W, 82, 97 %
2026/09/29 22:20:05.226, 1605 MHz, 6251 MHz, 72.12 W, 82, 95 %
2026/09/29 22:20:06.226, 1575 MHz, 6251 MHz, 71.30 W, 82, 95 %
2026/09/29 22:20:07.226, 1605 MHz, 6251 MHz, 71.88 W, 82, 97 %
2026/09/29 22:20:08.227, 1635 MHz, 6251 MHz, 72.08 W, 82, 96 %
2026/09/29 22:20:09.227, 1560 MHz, 6251 MHz, 71.64 W, 82, 96 %
2026/09/29 22:20:10.227, 1605 MHz, 6251 MHz, 72.03 W, 82, 97 %
2026/09/29 22:20:11.227, 1575 MHz, 6251 MHz, 71.40 W, 82, 97 %
2026/09/29 22:20:12.227, 1635 MHz, 6251 MHz, 72.69 W, 82, 95 %
2026/09/29 22:20:13.227, 1575 MHz, 6251 MHz, 71.38 W, 82, 96 %
2026/09/29 22:20:14.227, 1605 MHz, 6251 MHz, 72.02 W, 82, 97 %
2026/09/29 22:20:15.227, 1620 MHz, 6251 MHz, 72.25 W, 82, 96 %
2026/09/29 22:20:16.227, 1635 MHz, 6251 MHz, 70.62 W, 82, 96 %
2026/09/29 22:20:17.228, 1620 MHz, 6251 MHz, 72.04 W, 82, 95 %
2026/09/29 22:20:18.228, 1605 MHz, 6251 MHz, 71.95 W, 82, 95 %
2026/09/29 22:20:19.228, 1605 MHz, 6251 MHz, 71.92 W, 82, 97 %
2026/09/29 22:20:20.228, 1605 MHz, 6251 MHz, 72.19 W, 82, 96 %
2026/09/29 22:20:21.228, 1635 MHz, 6251 MHz, 71.35 W, 82, 95 %
2026/09/29 22:20:22.228, 1620 MHz, 6251 MHz, 72.88 W, 82, 97 %
2026/09/29 22:20:23.228, 1605 MHz, 6251 MHz, 71.62 W, 82, 96 %
2026/09/29 22:20:24.228, 1605 MHz, 6251 MHz, 72.13 W, 82, 96 %
2026/09/29 22:20:25.228, 1635 MHz, 6251 MHz, 71.48 W, 82, 95 %
2026/09/29 22:20:26.229, 1620 MHz, 6251 MHz, 72.98 W, 82, 97 %
2026/09/29 22:20:27.229, 1635 MHz, 6251 MHz, 71.62 W, 82, 96 %
2026/09/29 22:20:28.229, 1650 MHz, 6251 MHz, 72.74 W, 82, 95 %
2026/09/29 22:20:29.229, 1635 MHz, 6251 MHz, 72.54 W, 82, 95 %
2026/09/29 22:20:30.229, 1635 MHz, 6251 MHz, 71.40 W, 82, 96 %
2026/09/29 22:20:31.229, 1590 MHz, 6251 MHz, 71.40 W, 82, 96 %
2026/09/29 22:20:32.229, 1650 MHz, 6251 MHz, 72.53 W, 83, 95 %
2026/09/29 22:20:33.229, 1605 MHz, 6251 MHz, 72.70 W, 82, 95 %
2026/09/29 22:20:34.229, 1545 MHz, 6251 MHz, 71.49 W, 82, 95 %
2026/09/29 22:20:35.230, 1620 MHz, 6251 MHz, 72.68 W, 82, 96 %
2026/09/29 22:20:36.230, 1590 MHz, 6251 MHz, 71.89 W, 82, 96 %
2026/09/29 22:20:37.230, 1635 MHz, 6251 MHz, 71.90 W, 83, 96 %
2026/09/29 22:20:38.230, 1560 MHz, 6251 MHz, 72.91 W, 82, 96 %
2026/09/29 22:20:39.230, 1635 MHz, 6251 MHz, 72.60 W, 83, 94 %
2026/09/29 22:20:40.230, 1635 MHz, 6251 MHz, 72.14 W, 82, 95 %
2026/09/29 22:20:41.230, 1605 MHz, 6251 MHz, 71.67 W, 82, 94 %
2026/09/29 22:20:42.230, 1620 MHz, 6251 MHz, 72.75 W, 82, 94 %
2026/09/29 22:20:43.230, 1605 MHz, 6251 MHz, 72.08 W, 82, 95 %
2026/09/29 22:20:44.231, 1665 MHz, 6251 MHz, 71.60 W, 82, 95 %
2026/09/29 22:20:45.231, 1620 MHz, 6251 MHz, 72.79 W, 82, 97 %
2026/09/29 22:20:46.231, 1605 MHz, 6251 MHz, 72.09 W, 83, 96 %
2026/09/29 22:20:47.231, 1635 MHz, 6251 MHz, 71.17 W, 82, 95 %
2026/09/29 22:20:48.231, 1620 MHz, 6251 MHz, 72.22 W, 82, 94 %
2026/09/29 22:20:49.231, 1665 MHz, 6251 MHz, 71.87 W, 82, 94 %
2026/09/29 22:20:50.231, 1620 MHz, 6251 MHz, 72.29 W, 82, 97 %
2026/09/29 22:20:51.231, 1665 MHz, 6251 MHz, 72.43 W, 82, 94 %
2026/09/29 22:20:52.232, 1620 MHz, 6251 MHz, 72.47 W, 82, 94 %
2026/09/29 22:20:53.232, 1575 MHz, 6251 MHz, 71.20 W, 82, 95 %
2026/09/29 22:20:54.232, 1650 MHz, 6251 MHz, 72.36 W, 82, 96 %
2026/09/29 22:20:55.232, 1605 MHz, 6251 MHz, 71.51 W, 81, 96 %
2026/09/29 22:20:56.232, 1665 MHz, 6251 MHz, 72.47 W, 81, 94 %
2026/09/29 22:20:57.232, 1635 MHz, 6251 MHz, 72.44 W, 81, 94 %
2026/09/29 22:20:58.232, 1665 MHz, 6251 MHz, 72.04 W, 81, 94 %
2026/09/29 22:20:59.232, 1650 MHz, 6251 MHz, 72.11 W, 81, 94 %
2026/09/29 22:21:00.232, 1620 MHz, 6251 MHz, 71.59 W, 81, 94 %
2026/09/29 22:21:01.233, 1650 MHz, 6251 MHz, 72.61 W, 81, 95 %
2026/09/29 22:21:02.233, 1650 MHz, 6251 MHz, 71.86 W, 81, 95 %
2026/09/29 22:21:03.233, 1695 MHz, 6251 MHz, 71.83 W, 81, 96 %
2026/09/29 22:21:04.233, 1665 MHz, 6251 MHz, 73.02 W, 81, 94 %
2026/09/29 22:21:05.233, 1650 MHz, 6251 MHz, 71.63 W, 81, 95 %
2026/09/29 22:21:06.233, 1665 MHz, 6251 MHz, 71.47 W, 80, 94 %
2026/09/29 22:21:07.233, 1605 MHz, 6251 MHz, 72.65 W, 80, 97 %
2026/09/29 22:21:08.233, 1695 MHz, 6251 MHz, 73.37 W, 80, 93 %
2026/09/29 22:21:09.233, 1665 MHz, 6251 MHz, 72.11 W, 80, 98 %
2026/09/29 22:21:10.234, 1665 MHz, 6251 MHz, 72.03 W, 80, 96 %
2026/09/29 22:21:11.234, 1680 MHz, 6251 MHz, 71.59 W, 80, 98 %
2026/09/29 22:21:12.234, 1695 MHz, 6251 MHz, 72.12 W, 80, 98 %
2026/09/29 22:21:13.234, 1680 MHz, 6251 MHz, 71.77 W, 80, 98 %
2026/09/29 22:21:14.234, 1710 MHz, 6251 MHz, 71.89 W, 80, 98 %
2026/09/29 22:21:15.234, 1725 MHz, 6251 MHz, 71.84 W, 80, 98 %
2026/09/29 22:21:16.234, 1695 MHz, 6251 MHz, 72.23 W, 80, 96 %
2026/09/29 22:21:17.234, 1695 MHz, 6251 MHz, 72.09 W, 80, 98 %
2026/09/29 22:21:18.235, 1710 MHz, 6251 MHz, 71.95 W, 80, 98 %
2026/09/29 22:21:19.235, 1440 MHz, 6251 MHz, 72.10 W, 80, 98 %
2026/09/29 22:21:20.235, 1800 MHz, 6251 MHz, 71.04 W, 81, 98 %
2026/09/29 22:21:21.235, 1770 MHz, 6251 MHz, 72.19 W, 81, 96 %
2026/09/29 22:21:22.235, 1770 MHz, 6251 MHz, 72.21 W, 81, 98 %
2026/09/29 22:21:23.235, 1740 MHz, 6251 MHz, 72.28 W, 81, 98 %
2026/09/29 22:21:24.235, 1680 MHz, 6251 MHz, 72.22 W, 81, 98 %
2026/09/29 22:21:25.235, 1680 MHz, 6251 MHz, 72.28 W, 81, 98 %
2026/09/29 22:21:26.235, 1695 MHz, 6251 MHz, 72.07 W, 81, 98 %
2026/09/29 22:21:27.235, 1680 MHz, 6251 MHz, 72.13 W, 81, 98 %
2026/09/29 22:21:28.236, 1695 MHz, 6251 MHz, 72.24 W, 81, 96 %
2026/09/29 22:21:29.236, 1710 MHz, 6251 MHz, 72.50 W, 81, 98 %
2026/09/29 22:21:30.236, 1665 MHz, 6251 MHz, 72.20 W, 81, 98 %
2026/09/29 22:21:31.236, 1800 MHz, 6251 MHz, 73.13 W, 81, 96 %
2026/09/29 22:21:32.236, 1770 MHz, 6251 MHz, 72.53 W, 81, 98 %
2026/09/29 22:21:33.236, 1740 MHz, 6251 MHz, 72.62 W, 81, 97 %
2026/09/29 22:21:34.236, 1785 MHz, 6251 MHz, 72.51 W, 81, 98 %
2026/09/29 22:21:35.236, 1755 MHz, 6251 MHz, 72.14 W, 81, 98 %
2026/09/29 22:21:36.236, 1770 MHz, 6251 MHz, 72.22 W, 82, 98 %
2026/09/29 22:21:37.237, 1770 MHz, 6251 MHz, 72.52 W, 82, 98 %
2026/09/29 22:21:38.237, 1755 MHz, 6251 MHz, 72.18 W, 82, 98 %
2026/09/29 22:21:39.237, 1785 MHz, 6251 MHz, 72.35 W, 82, 96 %
2026/09/29 22:21:40.237, 1755 MHz, 6251 MHz, 72.00 W, 82, 98 %
2026/09/29 22:21:41.237, 1680 MHz, 6251 MHz, 72.19 W, 82, 97 %
2026/09/29 22:21:42.237, 1650 MHz, 6251 MHz, 70.32 W, 81, 99 %
2026/09/29 22:21:43.237, 1665 MHz, 6251 MHz, 71.40 W, 82, 98 %
2026/09/29 22:21:44.237, 1695 MHz, 6251 MHz, 71.66 W, 82, 96 %
2026/09/29 22:21:45.237, 1665 MHz, 6251 MHz, 71.65 W, 82, 98 %
2026/09/29 22:21:46.238, 1680 MHz, 6251 MHz, 72.30 W, 82, 98 %
2026/09/29 22:21:47.238, 1695 MHz, 6251 MHz, 72.05 W, 82, 98 %
2026/09/29 22:21:48.238, 1680 MHz, 6251 MHz, 72.37 W, 82, 98 %
2026/09/29 22:21:49.238, 1695 MHz, 6251 MHz, 72.51 W, 82, 98 %
2026/09/29 22:21:50.238, 1680 MHz, 6251 MHz, 72.07 W, 82, 97 %
2026/09/29 22:21:51.238, 1695 MHz, 6251 MHz, 72.15 W, 82, 98 %
2026/09/29 22:21:52.238, 1725 MHz, 6251 MHz, 71.86 W, 82, 96 %
2026/09/29 22:21:53.238, 1680 MHz, 6251 MHz, 72.00 W, 81, 98 %
2026/09/29 22:21:54.239, 1575 MHz, 6251 MHz, 72.24 W, 81, 97 %
2026/09/29 22:21:55.239, 1515 MHz, 6251 MHz, 72.25 W, 81, 98 %
2026/09/29 22:21:56.239, 1560 MHz, 6251 MHz, 71.64 W, 81, 98 %
2026/09/29 22:21:57.239, 1545 MHz, 6251 MHz, 71.85 W, 81, 98 %
2026/09/29 22:21:58.239, 1575 MHz, 6251 MHz, 72.12 W, 81, 98 %
2026/09/29 22:21:59.239, 1545 MHz, 6251 MHz, 72.43 W, 81, 98 %
2026/09/29 22:22:00.239, 1545 MHz, 6251 MHz, 71.87 W, 81, 98 %
2026/09/29 22:22:01.239, 1545 MHz, 6251 MHz, 71.88 W, 81, 98 %
2026/09/29 22:22:02.240, 1545 MHz, 6251 MHz, 71.79 W, 80, 98 %
2026/09/29 22:22:03.240, 1545 MHz, 6251 MHz, 72.19 W, 80, 98 %
2026/09/29 22:22:04.240, 1545 MHz, 6251 MHz, 72.11 W, 80, 98 %
2026/09/29 22:22:05.240, 1515 MHz, 6251 MHz, 71.71 W, 80, 98 %
2026/09/29 22:22:06.240, 1530 MHz, 6251 MHz, 71.51 W, 80, 99 %
2026/09/29 22:22:07.240, 1500 MHz, 6251 MHz, 72.36 W, 80, 98 %
2026/09/29 22:22:08.240, 1560 MHz, 6251 MHz, 71.87 W, 79, 98 %
2026/09/29 22:22:09.240, 1125 MHz, 6251 MHz, 71.50 W, 80, 100 %
2026/09/29 22:22:10.240, 1515 MHz, 6251 MHz, 71.61 W, 79, 98 %
2026/09/29 22:22:11.241, 1515 MHz, 6251 MHz, 72.12 W, 79, 98 %
2026/09/29 22:22:12.241, 1515 MHz, 6251 MHz, 72.03 W, 79, 98 %
2026/09/29 22:22:13.241, 1545 MHz, 6251 MHz, 71.82 W, 79, 98 %
2026/09/29 22:22:14.241, 1560 MHz, 6251 MHz, 71.57 W, 79, 99 %
2026/09/29 22:22:15.241, 1545 MHz, 6251 MHz, 71.85 W, 79, 98 %
2026/09/29 22:22:16.241, 1530 MHz, 6251 MHz, 71.99 W, 79, 98 %
2026/09/29 22:22:17.241, 1515 MHz, 6251 MHz, 72.01 W, 79, 98 %
2026/09/29 22:22:18.241, 1530 MHz, 6251 MHz, 71.80 W, 79, 99 %
2026/09/29 22:22:19.242, 1530 MHz, 6251 MHz, 71.93 W, 79, 98 %
2026/09/29 22:22:20.242, 1530 MHz, 6251 MHz, 71.61 W, 79, 98 %
2026/09/29 22:22:21.242, 1515 MHz, 6251 MHz, 71.74 W, 79, 98 %
2026/09/29 22:22:22.242, 1545 MHz, 6251 MHz, 71.82 W, 79, 99 %
2026/09/29 22:22:23.242, 1530 MHz, 6251 MHz, 72.52 W, 79, 98 %
2026/09/29 22:22:24.242, 1095 MHz, 6251 MHz, 72.16 W, 80, 100 %
2026/09/29 22:22:25.242, 1560 MHz, 6251 MHz, 72.80 W, 79, 98 %
2026/09/29 22:22:26.242, 1530 MHz, 6251 MHz, 71.96 W, 79, 98 %
2026/09/29 22:22:27.242, 1545 MHz, 6251 MHz, 72.02 W, 79, 98 %
2026/09/29 22:22:28.243, 1515 MHz, 6251 MHz, 71.79 W, 79, 98 %
2026/09/29 22:22:29.243, 1515 MHz, 6251 MHz, 72.05 W, 79, 98 %
2026/09/29 22:22:30.243, 1515 MHz, 6251 MHz, 72.11 W, 79, 99 %
2026/09/29 22:22:31.243, 1515 MHz, 6251 MHz, 71.74 W, 79, 98 %
2026/09/29 22:22:32.243, 1530 MHz, 6251 MHz, 72.16 W, 79, 99 %
2026/09/29 22:22:33.243, 1515 MHz, 6251 MHz, 72.18 W, 79, 98 %
2026/09/29 22:22:34.243, 1515 MHz, 6251 MHz, 71.88 W, 79, 99 %
2026/09/29 22:22:35.243, 1515 MHz, 6251 MHz, 71.68 W, 79, 99 %
2026/09/29 22:22:36.243, 1530 MHz, 6251 MHz, 71.44 W, 80, 98 %
2026/09/29 22:22:37.243, 1560 MHz, 6251 MHz, 71.76 W, 80, 99 %
2026/09/29 22:22:38.244, 1530 MHz, 6251 MHz, 71.73 W, 80, 98 %
2026/09/29 22:22:39.244, 1050 MHz, 6251 MHz, 72.94 W, 81, 100 %
2026/09/29 22:22:40.244, 1575 MHz, 6251 MHz, 72.10 W, 80, 98 %
2026/09/29 22:22:41.244, 1545 MHz, 6251 MHz, 72.10 W, 80, 98 %
2026/09/29 22:22:42.244, 1545 MHz, 6251 MHz, 71.86 W, 80, 98 %
2026/09/29 22:22:43.244, 1500 MHz, 6251 MHz, 72.10 W, 80, 98 %
2026/09/29 22:22:44.244, 1500 MHz, 6251 MHz, 71.95 W, 80, 98 %
2026/09/29 22:22:45.244, 1500 MHz, 6251 MHz, 71.88 W, 80, 98 %
2026/09/29 22:22:46.244, 1515 MHz, 6251 MHz, 71.82 W, 80, 98 %
2026/09/29 22:22:47.245, 1515 MHz, 6251 MHz, 72.24 W, 81, 98 %
2026/09/29 22:22:48.245, 1515 MHz, 6251 MHz, 71.84 W, 81, 98 %
2026/09/29 22:22:49.245, 1500 MHz, 6251 MHz, 71.74 W, 81, 98 %
2026/09/29 22:22:50.245, 1470 MHz, 6251 MHz, 72.05 W, 81, 98 %
2026/09/29 22:22:51.245, 1515 MHz, 6251 MHz, 71.98 W, 81, 98 %
2026/09/29 22:22:52.245, 1500 MHz, 6251 MHz, 71.99 W, 81, 98 %
2026/09/29 22:22:53.245, 1485 MHz, 6251 MHz, 71.66 W, 81, 99 %
2026/09/29 22:22:54.245, 1005 MHz, 6251 MHz, 71.16 W, 82, 100 %
2026/09/29 22:22:55.246, 1545 MHz, 6251 MHz, 72.06 W, 81, 96 %
2026/09/29 22:22:56.246, 1545 MHz, 6251 MHz, 72.17 W, 81, 97 %
2026/09/29 22:22:57.246, 1560 MHz, 6251 MHz, 72.15 W, 81, 98 %
2026/09/29 22:22:58.246, 1545 MHz, 6251 MHz, 72.00 W, 81, 98 %
2026/09/29 22:22:59.246, 1560 MHz, 6251 MHz, 71.85 W, 81, 98 %
2026/09/29 22:23:00.246, 1545 MHz, 6251 MHz, 72.00 W, 81, 98 %
2026/09/29 22:23:01.246, 1590 MHz, 6251 MHz, 71.83 W, 81, 96 %
2026/09/29 22:23:02.246, 1605 MHz, 6251 MHz, 71.83 W, 82, 96 %
2026/09/29 22:23:03.246, 1635 MHz, 6251 MHz, 72.79 W, 82, 96 %
2026/09/29 22:23:04.247, 1605 MHz, 6251 MHz, 73.07 W, 82, 98 %
2026/09/29 22:23:05.247, 1635 MHz, 6251 MHz, 72.42 W, 82, 97 %
2026/09/29 22:23:06.247, 1620 MHz, 6251 MHz, 72.35 W, 82, 98 %
2026/09/29 22:23:07.247, 1605 MHz, 6251 MHz, 71.98 W, 82, 98 %
2026/09/29 22:23:08.247, 1575 MHz, 6251 MHz, 72.11 W, 82, 97 %
2026/09/29 22:23:09.247, 1635 MHz, 6251 MHz, 72.25 W, 82, 96 %
2026/09/29 22:23:10.247, 1635 MHz, 6251 MHz, 72.04 W, 82, 96 %
2026/09/29 22:23:11.247, 945 MHz, 6251 MHz, 72.55 W, 83, 96 %
2026/09/29 22:23:12.247, 1575 MHz, 6251 MHz, 71.67 W, 82, 96 %
2026/09/29 22:23:13.248, 1545 MHz, 6251 MHz, 72.12 W, 82, 97 %
2026/09/29 22:23:14.248, 1605 MHz, 6251 MHz, 71.85 W, 82, 98 %
2026/09/29 22:23:15.248, 1605 MHz, 6251 MHz, 72.18 W, 82, 98 %
2026/09/29 22:23:16.248, 1590 MHz, 6251 MHz, 72.26 W, 82, 98 %
2026/09/29 22:23:17.248, 1545 MHz, 6251 MHz, 71.91 W, 81, 98 %
2026/09/29 22:23:18.248, 1590 MHz, 6251 MHz, 71.85 W, 82, 96 %
2026/09/29 22:23:19.248, 1590 MHz, 6251 MHz, 72.15 W, 82, 96 %
2026/09/29 22:23:20.248, 1275 MHz, 6251 MHz, 71.57 W, 82, 100 %
2026/09/29 22:23:21.248, 1530 MHz, 6251 MHz, 72.20 W, 81, 96 %
2026/09/29 22:23:22.249, 1515 MHz, 6251 MHz, 71.94 W, 81, 98 %
2026/09/29 22:23:23.249, 1560 MHz, 6251 MHz, 72.09 W, 81, 98 %
2026/09/29 22:23:24.249, 1575 MHz, 6251 MHz, 71.90 W, 81, 98 %
2026/09/29 22:23:25.249, 1575 MHz, 6251 MHz, 72.00 W, 81, 98 %
2026/09/29 22:23:26.249, 1605 MHz, 6251 MHz, 71.88 W, 81, 96 %
2026/09/29 22:23:27.249, 1605 MHz, 6251 MHz, 71.47 W, 81, 96 %
2026/09/29 22:23:28.249, 1590 MHz, 6251 MHz, 72.49 W, 81, 96 %
