2026/10/03 19:13:34.637, 34, 1980, 120.84, Not Active, Not Active, Not Active, Not Active
2026/10/03 19:13:35.641, 33, 420, 111.98, Not Active, Not Active, Not Active, Not Active
2026/10/03 19:13:36.641, 32, 345, 70.54, Not Active, Not Active, Not Active, Not Active
2026/10/03 19:13:37.641, 32, 345, 70.46, Not Active, Not Active, Not Active, Not Active
2026/10/03 19:13:38.641, 32, 345, 70.43, Not Active, Not Active, Not Active, Not Active
2026/10/03 19:13:39.641, 32, 345, 70.40, Not Active, Not Active, Not Active, Not Active
2026/10/03 19:13:40.641, 32, 345, 70.42, Not Active, Not Active, Not Active, Not Active
2026/10/03 19:13:41.642, 32, 345, 70.38, Not Active, Not Active, Not Active, Not Active
2026/10/03 19:13:42.642, 32, 345, 70.56, Not Active, Not Active, Not Active, Not Active
2026/10/03 19:13:43.642, 32, 345, 70.81, Not Active, Not Active, Not Active, Not Active
2026/10/03 19:13:44.642, 31, 345, 70.79, Not Active, Not Active, Not Active, Not Active
2026/10/03 19:13:45.642, 31, 345, 70.81, Not Active, Not Active, Not Active, Not Active
2026/10/03 19:13:46.642, 31, 345, 70.74, Not Active, Not Active, Not Active, Not Active
2026/10/03 19:13:47.643, 31, 345, 70.75, Not Active, Not Active, Not Active, Not Active
2026/10/03 19:13:48.643, 31, 345, 70.76, Not Active, Not Active, Not Active, Not Active
2026/10/03 19:13:49.643, 31, 345, 70.73, Not Active, Not Active, Not Active, Not Active
2026/10/03 19:13:50.643, 31, 345, 70.71, Not Active, Not Active, Not Active, Not Active
2026/10/03 19:13:51.643, 31, 345, 70.63, Not Active, Not Active, Not Active, Not Active
2026/10/03 19:13:52.643, 31, 345, 70.66, Not Active, Not Active, Not Active, Not Active
2026/10/03 19:13:53.644, 31, 345, 70.61, Not Active, Not Active, Not Active, Not Active
2026/10/03 19:13:54.644, 31, 345, 70.62, Not Active, Not Active, Not Active, Not Active
2026/10/03 19:13:55.644, 31, 345, 70.74, Not Active, Not Active, Not Active, Not Active
2026/10/03 19:13:56.644, 31, 345, 70.58, Not Active, Not Active, Not Active, Not Active
2026/10/03 19:13:57.644, 31, 345, 70.56, Not Active, Not Active, Not Active, Not Active
2026/10/03 19:13:58.644, 31, 345, 70.65, Not Active, Not Active, Not Active, Not Active
2026/10/03 19:13:59.645, 31, 345, 70.60, Not Active, Not Active, Not Active, Not Active
2026/10/03 19:14:00.645, 31, 345, 70.58, Not Active, Not Active, Not Active, Not Active
2026/10/03 19:14:01.645, 31, 345, 70.61, Not Active, Not Active, Not Active, Not Active
2026/10/03 19:14:02.645, 31, 825, 72.64, Not Active, Not Active, Not Active, Not Active
2026/10/03 19:14:03.645, 31, 825, 73.69, Not Active, Not Active, Not Active, Not Active
2026/10/03 19:14:04.646, 31, 345, 71.00, Not Active, Not Active, Not Active, Not Active
2026/10/03 19:14:05.646, 30, 345, 70.44, Not Active, Not Active, Not Active, Not Active
2026/10/03 19:14:06.646, 30, 345, 70.49, Not Active, Not Active, Not Active, Not Active
2026/10/03 19:14:07.646, 30, 345, 70.47, Not Active, Not Active, Not Active, Not Active
2026/10/03 19:14:08.646, 30, 345, 70.42, Not Active, Not Active, Not Active, Not Active
2026/10/03 19:14:09.647, 30, 345, 70.40, Not Active, Not Active, Not Active, Not Active
2026/10/03 19:14:10.647, 30, 345, 70.42, Not Active, Not Active, Not Active, Not Active
2026/10/03 19:14:11.647, 30, 345, 70.42, Not Active, Not Active, Not Active, Not Active
2026/10/03 19:14:12.647, 30, 345, 70.46, Not Active, Not Active, Not Active, Not Active
2026/10/03 19:14:13.647, 30, 345, 70.50, Not Active, Not Active, Not Active, Not Active
2026/10/03 19:14:14.647, 30, 345, 70.42, Not Active, Not Active, Not Active, Not Active
2026/10/03 19:14:15.648, 30, 345, 70.42, Not Active, Not Active, Not Active, Not Active
2026/10/03 19:14:16.648, 31, 1980, 100.54, Not Active, Not Active, Not Active, Not Active
2026/10/03 19:14:17.648, 32, 1980, 117.39, Not Active, Not Active, Not Active, Not Active
2026/10/03 19:14:18.648, 32, 1980, 117.47, Not Active, Not Active, Not Active, Not Active
2026/10/03 19:14:19.648, 32, 1980, 117.84, Not Active, Not Active, Not Active, Not Active
2026/10/03 19:14:20.648, 32, 1980, 118.23, Not Active, Not Active, Not Active, Not Active
2026/10/03 19:14:21.649, 32, 1980, 118.18, Not Active, Not Active, Not Active, Not Active
2026/10/03 19:14:22.649, 32, 1980, 118.20, Not Active, Not Active, Not Active, Not Active
2026/10/03 19:14:23.649, 32, 1980, 118.24, Not Active, Not Active, Not Active, Not Active
2026/10/03 19:14:24.649, 32, 1980, 118.18, Not Active, Not Active, Not Active, Not Active
2026/10/03 19:14:25.649, 32, 1980, 118.40, Not Active, Not Active, Not Active, Not Active
2026/10/03 19:14:26.650, 32, 1980, 118.38, Not Active, Not Active, Not Active, Not Active
2026/10/03 19:14:27.650, 32, 1980, 118.39, Not Active, Not Active, Not Active, Not Active
2026/10/03 19:14:28.650, 32, 1980, 118.40, Not Active, Not Active, Not Active, Not Active
2026/10/03 19:14:29.650, 32, 1980, 118.37, Not Active, Not Active, Not Active, Not Active
2026/10/03 19:14:30.650, 32, 1980, 118.40, Not Active, Not Active, Not Active, Not Active
2026/10/03 19:14:31.650, 32, 1980, 118.45, Not Active, Not Active, Not Active, Not Active
2026/10/03 19:14:32.650, 32, 1980, 118.00, Not Active, Not Active, Not Active, Not Active
2026/10/03 19:14:33.651, 32, 1980, 117.68, Not Active, Not Active, Not Active, Not Active
2026/10/03 19:14:34.651, 32, 1980, 117.64, Not Active, Not Active, Not Active, Not Active
2026/10/03 19:14:35.651, 32, 1980, 117.71, Not Active, Not Active, Not Active, Not Active
2026/10/03 19:14:36.651, 32, 1980, 117.74, Not Active, Not Active, Not Active, Not Active
2026/10/03 19:14:37.651, 32, 1980, 117.71, Not Active, Not Active, Not Active, Not Active
2026/10/03 19:14:38.652, 32, 1980, 117.79, Not Active, Not Active, Not Active, Not Active
2026/10/03 19:14:39.652, 32, 1980, 117.76, Not Active, Not Active, Not Active, Not Active
2026/10/03 19:14:40.652, 32, 1980, 117.66, Not Active, Not Active, Not Active, Not Active
2026/10/03 19:14:41.652, 32, 1980, 117.71, Not Active, Not Active, Not Active, Not Active
2026/10/03 19:14:42.652, 32, 1980, 117.71, Not Active, Not Active, Not Active, Not Active
2026/10/03 19:14:43.653, 32, 1980, 117.76, Not Active, Not Active, Not Active, Not Active
2026/10/03 19:14:44.653, 32, 1980, 118.09, Not Active, Not Active, Not Active, Not Active
2026/10/03 19:14:45.653, 34, 1980, 177.84, Not Active, Not Active, Not Active, Not Active
2026/10/03 19:14:46.653, 33, 1980, 117.79, Not Active, Not Active, Not Active, Not Active
2026/10/03 19:14:47.653, 33, 1980, 130.84, Not Active, Not Active, Not Active, Not Active
2026/10/03 19:14:48.653, 33, 1980, 117.11, Not Active, Not Active, Not Active, Not Active
2026/10/03 19:14:49.653, 33, 1980, 117.14, Not Active, Not Active, Not Active, Not Active
2026/10/03 19:14:50.654, 33, 1980, 187.79, Not Active, Not Active, Not Active, Not Active
2026/10/03 19:14:51.654, 33, 1980, 117.28, Not Active, Not Active, Not Active, Not Active
2026/10/03 19:14:52.654, 33, 1980, 117.07, Not Active, Not Active, Not Active, Not Active
2026/10/03 19:14:53.654, 35, 1980, 147.71, Not Active, Not Active, Not Active, Not Active
2026/10/03 19:14:54.654, 33, 1980, 157.08, Not Active, Not Active, Not Active, Not Active
2026/10/03 19:14:55.655, 33, 1980, 117.20, Not Active, Not Active, Not Active, Not Active
2026/10/03 19:14:56.655, 33, 1980, 117.13, Not Active, Not Active, Not Active, Not Active
2026/10/03 19:14:57.655, 33, 1980, 117.19, Not Active, Not Active, Not Active, Not Active
2026/10/03 19:14:58.655, 33, 1980, 178.78, Not Active, Not Active, Not Active, Not Active
2026/10/03 19:14:59.655, 33, 1980, 117.39, Not Active, Not Active, Not Active, Not Active
2026/10/03 19:15:00.655, 33, 1980, 117.16, Not Active, Not Active, Not Active, Not Active
2026/10/03 19:15:01.656, 33, 1980, 117.16, Not Active, Not Active, Not Active, Not Active
2026/10/03 19:15:02.656, 33, 1980, 117.10, Not Active, Not Active, Not Active, Not Active
2026/10/03 19:15:03.656, 33, 1980, 129.57, Not Active, Not Active, Not Active, Not Active
2026/10/03 19:15:04.656, 33, 1980, 150.82, Not Active, Not Active, Not Active, Not Active
2026/10/03 19:15:05.656, 33, 1980, 118.04, Not Active, Not Active, Not Active, Not Active
2026/10/03 19:15:06.657, 33, 1980, 125.52, Not Active, Not Active, Not Active, Not Active
2026/10/03 19:15:07.657, 33, 1980, 140.01, Not Active, Not Active, Not Active, Not Active
2026/10/03 19:15:08.657, 33, 1980, 135.13, Not Active, Not Active, Not Active, Not Active
2026/10/03 19:15:09.657, 33, 1980, 130.56, Not Active, Not Active, Not Active, Not Active
2026/10/03 19:15:10.657, 33, 1980, 123.19, Not Active, Not Active, Not Active, Not Active
2026/10/03 19:15:11.657, 33, 1980, 123.29, Not Active, Not Active, Not Active, Not Active
2026/10/03 19:15:12.657, 33, 1980, 121.99, Not Active, Not Active, Not Active, Not Active
2026/10/03 19:15:13.658, 33, 1980, 121.27, Not Active, Not Active, Not Active, Not Active
2026/10/03 19:15:14.658, 33, 1980, 119.88, Not Active, Not Active, Not Active, Not Active
2026/10/03 19:15:15.658, 33, 1980, 122.78, Not Active, Not Active, Not Active, Not Active
2026/10/03 19:15:16.658, 33, 1980, 119.87, Not Active, Not Active, Not Active, Not Active
2026/10/03 19:15:17.658, 33, 1980, 140.54, Not Active, Not Active, Not Active, Not Active
2026/10/03 19:15:18.658, 33, 1980, 139.05, Not Active, Not Active, Not Active, Not Active
2026/10/03 19:15:19.659, 33, 1980, 138.50, Not Active, Not Active, Not Active, Not Active
2026/10/03 19:15:20.659, 34, 1980, 140.19, Not Active, Not Active, Not Active, Not Active
2026/10/03 19:15:21.659, 34, 1980, 139.34, Not Active, Not Active, Not Active, Not Active
2026/10/03 19:15:22.659, 34, 1980, 134.12, Not Active, Not Active, Not Active, Not Active
2026/10/03 19:15:23.659, 33, 1980, 129.20, Not Active, Not Active, Not Active, Not Active
2026/10/03 19:15:24.660, 33, 1980, 125.24, Not Active, Not Active, Not Active, Not Active
2026/10/03 19:15:25.660, 33, 1980, 122.33, Not Active, Not Active, Not Active, Not Active
2026/10/03 19:15:26.660, 34, 1980, 141.74, Not Active, Not Active, Not Active, Not Active
2026/10/03 19:15:27.660, 33, 1980, 133.36, Not Active, Not Active, Not Active, Not Active
2026/10/03 19:15:28.660, 33, 1980, 128.62, Not Active, Not Active, Not Active, Not Active
2026/10/03 19:15:29.660, 33, 1980, 122.43, Not Active, Not Active, Not Active, Not Active
2026/10/03 19:15:30.661, 33, 1980, 118.72, Not Active, Not Active, Not Active, Not Active
2026/10/03 19:15:31.661, 33, 1980, 118.63, Not Active, Not Active, Not Active, Not Active
2026/10/03 19:15:32.661, 33, 1980, 118.58, Not Active, Not Active, Not Active, Not Active
2026/10/03 19:15:33.661, 33, 1980, 118.62, Not Active, Not Active, Not Active, Not Active
2026/10/03 19:15:34.661, 33, 1980, 118.63, Not Active, Not Active, Not Active, Not Active
2026/10/03 19:15:35.661, 33, 1980, 118.61, Not Active, Not Active, Not Active, Not Active
2026/10/03 19:15:36.662, 33, 1980, 118.57, Not Active, Not Active, Not Active, Not Active
2026/10/03 19:15:37.662, 33, 1980, 118.52, Not Active, Not Active, Not Active, Not Active
2026/10/03 19:15:38.662, 33, 1980, 118.58, Not Active, Not Active, Not Active, Not Active
2026/10/03 19:15:39.662, 33, 1980, 118.59, Not Active, Not Active, Not Active, Not Active
2026/10/03 19:15:40.662, 33, 1980, 118.40, Not Active, Not Active, Not Active, Not Active
2026/10/03 19:15:41.662, 33, 1980, 118.03, Not Active, Not Active, Not Active, Not Active
2026/10/03 19:15:42.663, 33, 1980, 117.93, Not Active, Not Active, Not Active, Not Active
2026/10/03 19:15:43.663, 33, 1980, 117.90, Not Active, Not Active, Not Active, Not Active
2026/10/03 19:15:44.663, 33, 1980, 117.92, Not Active, Not Active, Not Active, Not Active
2026/10/03 19:15:45.663, 33, 1980, 117.91, Not Active, Not Active, Not Active, Not Active
2026/10/03 19:15:46.663, 33, 1980, 117.95, Not Active, Not Active, Not Active, Not Active
2026/10/03 19:15:47.663, 33, 1980, 117.96, Not Active, Not Active, Not Active, Not Active
2026/10/03 19:15:48.663, 33, 1980, 117.92, Not Active, Not Active, Not Active, Not Active
2026/10/03 19:15:49.664, 33, 1980, 117.92, Not Active, Not Active, Not Active, Not Active
2026/10/03 19:15:50.664, 33, 1980, 129.30, Not Active, Not Active, Not Active, Not Active
2026/10/03 19:15:51.664, 36, 1980, 318.42, Not Active, Not Active, Not Active, Not Active
2026/10/03 19:15:52.664, 37, 1980, 319.13, Not Active, Not Active, Not Active, Not Active
2026/10/03 19:15:53.664, 37, 1980, 239.23, Not Active, Not Active, Not Active, Not Active
2026/10/03 19:15:54.664, 39, 1980, 390.12, Not Active, Not Active, Not Active, Not Active
2026/10/03 19:15:55.665, 39, 1980, 377.35, Not Active, Not Active, Not Active, Not Active
2026/10/03 19:15:56.665, 40, 1980, 375.78, Not Active, Not Active, Not Active, Not Active
2026/10/03 19:15:57.665, 36, 1980, 264.79, Not Active, Not Active, Not Active, Not Active
2026/10/03 19:15:58.665, 38, 1980, 220.15, Not Active, Not Active, Not Active, Not Active
2026/10/03 19:15:59.665, 36, 1980, 272.19, Not Active, Not Active, Not Active, Not Active
2026/10/03 19:16:00.665, 35, 1980, 119.67, Not Active, Not Active, Not Active, Not Active
2026/10/03 19:16:01.666, 35, 1980, 138.96, Not Active, Not Active, Not Active, Not Active
2026/10/03 19:16:02.666, 39, 1980, 351.13, Not Active, Not Active, Not Active, Not Active
2026/10/03 19:16:03.666, 37, 1980, 307.50, Not Active, Not Active, Not Active, Not Active
2026/10/03 19:16:04.666, 40, 1980, 335.23, Not Active, Not Active, Not Active, Not Active
2026/10/03 19:16:05.666, 40, 1980, 363.23, Not Active, Not Active, Not Active, Not Active
2026/10/03 19:16:06.667, 39, 1980, 336.39, Not Active, Not Active, Not Active, Not Active
2026/10/03 19:16:07.667, 36, 1980, 131.07, Not Active, Not Active, Not Active, Not Active
2026/10/03 19:16:08.667, 40, 1980, 327.07, Not Active, Not Active, Not Active, Not Active
2026/10/03 19:16:09.667, 41, 1980, 412.42, Not Active, Not Active, Not Active, Not Active
2026/10/03 19:16:10.667, 40, 1980, 380.82, Not Active, Not Active, Not Active, Not Active
2026/10/03 19:16:11.667, 38, 1980, 290.00, Not Active, Not Active, Not Active, Not Active
2026/10/03 19:16:12.668, 40, 1980, 316.04, Not Active, Not Active, Not Active, Not Active
2026/10/03 19:16:13.668, 36, 1980, 151.47, Not Active, Not Active, Not Active, Not Active
2026/10/03 19:16:14.668, 39, 1980, 323.77, Not Active, Not Active, Not Active, Not Active
2026/10/03 19:16:15.668, 36, 1980, 173.76, Not Active, Not Active, Not Active, Not Active
2026/10/03 19:16:16.668, 36, 1980, 119.29, Not Active, Not Active, Not Active, Not Active
2026/10/03 19:16:17.668, 35, 1980, 134.91, Not Active, Not Active, Not Active, Not Active
2026/10/03 19:16:18.669, 39, 1980, 319.19, Not Active, Not Active, Not Active, Not Active
2026/10/03 19:16:19.669, 39, 1980, 246.25, Not Active, Not Active, Not Active, Not Active
2026/10/03 19:16:20.669, 40, 1980, 360.04, Not Active, Not Active, Not Active, Not Active
2026/10/03 19:16:21.669, 39, 1980, 295.72, Not Active, Not Active, Not Active, Not Active
2026/10/03 19:16:22.669, 41, 1980, 367.87, Not Active, Not Active, Not Active, Not Active
2026/10/03 19:16:23.669, 41, 1980, 388.77, Not Active, Not Active, Not Active, Not Active
2026/10/03 19:16:24.670, 38, 1980, 283.78, Not Active, Not Active, Not Active, Not Active
2026/10/03 19:16:25.670, 37, 1980, 120.62, Not Active, Not Active, Not Active, Not Active
2026/10/03 19:16:26.670, 40, 1980, 318.41, Not Active, Not Active, Not Active, Not Active
2026/10/03 19:16:27.670, 41, 1980, 387.62, Not Active, Not Active, Not Active, Not Active
2026/10/03 19:16:28.670, 42, 1980, 378.50, Not Active, Not Active, Not Active, Not Active
2026/10/03 19:16:29.671, 42, 1980, 367.88, Not Active, Not Active, Not Active, Not Active
2026/10/03 19:16:30.671, 42, 1980, 386.61, Not Active, Not Active, Not Active, Not Active
2026/10/03 19:16:31.671, 42, 1980, 384.18, Not Active, Not Active, Not Active, Not Active
2026/10/03 19:16:32.671, 42, 1980, 372.72, Not Active, Not Active, Not Active, Not Active
2026/10/03 19:16:33.671, 42, 1980, 365.62, Not Active, Not Active, Not Active, Not Active
2026/10/03 19:16:34.671, 42, 1980, 333.39, Not Active, Not Active, Not Active, Not Active
2026/10/03 19:16:35.671, 38, 1980, 135.53, Not Active, Not Active, Not Active, Not Active
2026/10/03 19:16:36.672, 40, 1980, 187.09, Not Active, Not Active, Not Active, Not Active
2026/10/03 19:16:37.672, 41, 1980, 334.63, Not Active, Not Active, Not Active, Not Active
2026/10/03 19:16:38.672, 43, 1980, 374.98, Not Active, Not Active, Not Active, Not Active
2026/10/03 19:16:39.672, 42, 1980, 370.74, Not Active, Not Active, Not Active, Not Active
2026/10/03 19:16:40.672, 43, 1980, 389.50, Not Active, Not Active, Not Active, Not Active
2026/10/03 19:16:41.672, 42, 1980, 390.20, Not Active, Not Active, Not Active, Not Active
2026/10/03 19:16:42.672, 44, 1980, 376.50, Not Active, Not Active, Not Active, Not Active
2026/10/03 19:16:43.673, 44, 1980, 418.66, Not Active, Not Active, Not Active, Not Active
2026/10/03 19:16:44.673, 44, 1980, 412.56, Not Active, Not Active, Not Active, Not Active
2026/10/03 19:16:45.673, 44, 1980, 404.48, Not Active, Not Active, Not Active, Not Active
2026/10/03 19:16:46.673, 40, 1980, 288.29, Not Active, Not Active, Not Active, Not Active
2026/10/03 19:16:47.673, 38, 1980, 121.44, Not Active, Not Active, Not Active, Not Active
2026/10/03 19:16:48.673, 37, 1980, 120.84, Not Active, Not Active, Not Active, Not Active
2026/10/03 19:16:49.673, 40, 1980, 187.75, Not Active, Not Active, Not Active, Not Active
2026/10/03 19:16:50.674, 42, 1980, 409.94, Not Active, Not Active, Not Active, Not Active
2026/10/03 19:16:51.674, 43, 1980, 425.73, Not Active, Not Active, Not Active, Not Active
2026/10/03 19:16:52.674, 44, 1980, 431.33, Not Active, Not Active, Not Active, Not Active
2026/10/03 19:16:53.674, 46, 1980, 401.30, Not Active, Not Active, Not Active, Not Active
2026/10/03 19:16:54.674, 44, 1980, 413.01, Not Active, Not Active, Not Active, Not Active
2026/10/03 19:16:55.674, 41, 1980, 338.42, Not Active, Not Active, Not Active, Not Active
2026/10/03 19:16:56.674, 38, 1980, 122.46, Not Active, Not Active, Not Active, Not Active
2026/10/03 19:16:57.675, 38, 1980, 121.04, Not Active, Not Active, Not Active, Not Active
2026/10/03 19:16:58.675, 37, 1980, 120.61, Not Active, Not Active, Not Active, Not Active
2026/10/03 19:16:59.675, 37, 1980, 120.46, Not Active, Not Active, Not Active, Not Active
2026/10/03 19:17:00.675, 37, 1980, 120.31, Not Active, Not Active, Not Active, Not Active
2026/10/03 19:17:01.675, 37, 1980, 120.21, Not Active, Not Active, Not Active, Not Active
2026/10/03 19:17:02.675, 36, 1980, 120.11, Not Active, Not Active, Not Active, Not Active
2026/10/03 19:17:03.675, 36, 1980, 120.06, Not Active, Not Active, Not Active, Not Active
2026/10/03 19:17:04.676, 36, 1980, 119.93, Not Active, Not Active, Not Active, Not Active
2026/10/03 19:17:05.676, 36, 1980, 119.72, Not Active, Not Active, Not Active, Not Active
2026/10/03 19:17:06.676, 36, 1980, 119.15, Not Active, Not Active, Not Active, Not Active
2026/10/03 19:17:07.676, 36, 1980, 119.10, Not Active, Not Active, Not Active, Not Active
2026/10/03 19:17:08.676, 36, 1980, 119.11, Not Active, Not Active, Not Active, Not Active
2026/10/03 19:17:09.676, 35, 1980, 119.03, Not Active, Not Active, Not Active, Not Active
2026/10/03 19:17:10.676, 35, 1980, 118.97, Not Active, Not Active, Not Active, Not Active
2026/10/03 19:17:11.677, 47, 1755, 314.70, Not Active, Not Active, Active, Not Active
2026/10/03 19:17:12.677, 53, 1770, 694.33, Not Active, Not Active, Active, Not Active
2026/10/03 19:17:13.677, 49, 1965, 647.63, Not Active, Not Active, Active, Not Active
2026/10/03 19:17:14.677, 49, 1980, 570.66, Not Active, Not Active, Not Active, Not Active
2026/10/03 19:17:15.677, 49, 1980, 565.56, Not Active, Not Active, Not Active, Not Active
2026/10/03 19:17:16.677, 50, 1980, 562.42, Not Active, Not Active, Not Active, Not Active
2026/10/03 19:17:17.677, 50, 1980, 568.63, Not Active, Not Active, Not Active, Not Active
2026/10/03 19:17:18.677, 50, 1980, 565.94, Not Active, Not Active, Not Active, Not Active
2026/10/03 19:17:19.678, 56, 1485, 689.71, Not Active, Not Active, Active, Not Active
2026/10/03 19:17:20.678, 57, 1560, 692.41, Not Active, Not Active, Active, Not Active
2026/10/03 19:17:21.678, 53, 1980, 576.07, Not Active, Not Active, Not Active, Not Active
2026/10/03 19:17:22.678, 53, 1980, 582.19, Not Active, Not Active, Not Active, Not Active
2026/10/03 19:17:23.678, 53, 1980, 588.12, Not Active, Not Active, Not Active, Not Active
2026/10/03 19:17:24.678, 53, 1980, 575.70, Not Active, Not Active, Not Active, Not Active
2026/10/03 19:17:25.678, 53, 1980, 576.97, Not Active, Not Active, Not Active, Not Active
2026/10/03 19:17:26.678, 53, 1965, 578.93, Not Active, Not Active, Active, Not Active
2026/10/03 19:17:27.679, 54, 1965, 679.53, Not Active, Not Active, Active, Not Active
2026/10/03 19:17:28.679, 53, 1980, 540.78, Not Active, Not Active, Not Active, Not Active
2026/10/03 19:17:29.679, 52, 1980, 542.84, Not Active, Not Active, Not Active, Not Active
2026/10/03 19:17:30.679, 52, 1980, 544.21, Not Active, Not Active, Not Active, Not Active
2026/10/03 19:17:31.679, 52, 1980, 542.39, Not Active, Not Active, Not Active, Not Active
2026/10/03 19:17:32.679, 43, 1980, 249.86, Not Active, Not Active, Not Active, Not Active
2026/10/03 19:17:33.679, 41, 1980, 126.81, Not Active, Not Active, Not Active, Not Active
2026/10/03 19:17:34.680, 39, 375, 114.34, Not Active, Not Active, Not Active, Not Active
2026/10/03 19:17:35.680, 38, 345, 71.37, Not Active, Not Active, Not Active, Not Active
2026/10/03 19:17:36.680, 37, 345, 71.46, Not Active, Not Active, Not Active, Not Active
