2026/09/30 15:10:16.927, 1410 MHz, 1215 MHz, 100.05 W, 44, 0 %
2026/09/30 15:10:17.934, 210 MHz, 1215 MHz, 73.75 W, 43, 0 %
2026/09/30 15:10:18.935, 210 MHz, 1215 MHz, 73.60 W, 42, 0 %
2026/09/30 15:10:19.936, 210 MHz, 1215 MHz, 73.32 W, 42, 0 %
2026/09/30 15:10:20.937, 210 MHz, 1215 MHz, 73.25 W, 42, 0 %
2026/09/30 15:10:21.938, 210 MHz, 1215 MHz, 73.25 W, 42, 0 %
2026/09/30 15:10:22.938, 1095 MHz, 1215 MHz, 73.04 W, 42, 0 %
2026/09/30 15:10:23.938, 1410 MHz, 1215 MHz, 100.49 W, 43, 87 %
2026/09/30 15:10:24.939, 1410 MHz, 1215 MHz, 119.82 W, 45, 61 %
2026/09/30 15:10:25.939, 1410 MHz, 1215 MHz, 159.35 W, 45, 59 %
2026/09/30 15:10:26.939, 1410 MHz, 1215 MHz, 144.73 W, 45, 63 %
2026/09/30 15:10:27.939, 1410 MHz, 1215 MHz, 191.54 W, 46, 61 %
2026/09/30 15:10:28.939, 1410 MHz, 1215 MHz, 104.28 W, 46, 61 %
2026/09/30 15:10:29.940, 1410 MHz, 1215 MHz, 173.53 W, 45, 60 %
2026/09/30 15:10:30.940, 1410 MHz, 1215 MHz, 132.64 W, 46, 59 %
2026/09/30 15:10:31.940, 1410 MHz, 1215 MHz, 153.15 W, 46, 63 %
2026/09/30 15:10:32.940, 1410 MHz, 1215 MHz, 99.27 W, 43, 0 %
2026/09/30 15:10:33.940, 1410 MHz, 1215 MHz, 234.28 W, 46, 34 %
2026/09/30 15:10:34.940, 1410 MHz, 1215 MHz, 98.57 W, 43, 0 %
2026/09/30 15:10:35.941, 1095 MHz, 1215 MHz, 84.07 W, 42, 0 %
2026/09/30 15:10:36.941, 1095 MHz, 1215 MHz, 79.16 W, 42, 0 %
2026/09/30 15:10:37.941, 1095 MHz, 1215 MHz, 79.00 W, 41, 0 %
2026/09/30 15:10:38.941, 1095 MHz, 1215 MHz, 79.16 W, 41, 0 %
2026/09/30 15:10:39.941, 1095 MHz, 1215 MHz, 79.43 W, 41, 0 %
2026/09/30 15:10:40.942, 1095 MHz, 1215 MHz, 79.08 W, 41, 0 %
2026/09/30 15:10:41.942, 1095 MHz, 1215 MHz, 79.08 W, 41, 0 %
2026/09/30 15:10:42.942, 1095 MHz, 1215 MHz, 78.88 W, 40, 0 %
2026/09/30 15:10:43.942, 1095 MHz, 1215 MHz, 78.80 W, 40, 0 %
2026/09/30 15:10:44.942, 1095 MHz, 1215 MHz, 78.63 W, 40, 0 %
2026/09/30 15:10:45.943, 1095 MHz, 1215 MHz, 78.71 W, 40, 0 %
2026/09/30 15:10:46.943, 1095 MHz, 1215 MHz, 78.47 W, 40, 0 %
2026/09/30 15:10:47.943, 1095 MHz, 1215 MHz, 78.55 W, 40, 0 %
2026/09/30 15:10:48.943, 1095 MHz, 1215 MHz, 78.47 W, 40, 0 %
2026/09/30 15:10:49.943, 1095 MHz, 1215 MHz, 78.55 W, 40, 0 %
2026/09/30 15:10:50.944, 1095 MHz, 1215 MHz, 78.28 W, 40, 0 %
2026/09/30 15:10:51.944, 1095 MHz, 1215 MHz, 78.39 W, 40, 0 %
2026/09/30 15:10:52.944, 1095 MHz, 1215 MHz, 78.55 W, 40, 0 %
2026/09/30 15:10:53.944, 1095 MHz, 1215 MHz, 78.28 W, 39, 0 %
2026/09/30 15:10:54.944, 1095 MHz, 1215 MHz, 78.19 W, 39, 0 %
2026/09/30 15:10:55.944, 1095 MHz, 1215 MHz, 78.39 W, 39, 0 %
2026/09/30 15:10:56.945, 1095 MHz, 1215 MHz, 78.19 W, 39, 0 %
2026/09/30 15:10:57.945, 1095 MHz, 1215 MHz, 78.28 W, 39, 0 %
2026/09/30 15:10:58.945, 1095 MHz, 1215 MHz, 78.11 W, 39, 0 %
2026/09/30 15:10:59.945, 1095 MHz, 1215 MHz, 78.47 W, 39, 0 %
2026/09/30 15:11:00.945, 1095 MHz, 1215 MHz, 78.28 W, 39, 0 %
2026/09/30 15:11:01.946, 1095 MHz, 1215 MHz, 78.11 W, 39, 0 %
2026/09/30 15:11:02.946, 1095 MHz, 1215 MHz, 78.28 W, 39, 0 %
2026/09/30 15:11:03.946, 1095 MHz, 1215 MHz, 78.19 W, 39, 0 %
2026/09/30 15:11:04.946, 1095 MHz, 1215 MHz, 78.28 W, 39, 0 %
2026/09/30 15:11:05.946, 1095 MHz, 1215 MHz, 78.00 W, 39, 0 %
2026/09/30 15:11:06.947, 1095 MHz, 1215 MHz, 78.00 W, 39, 0 %
2026/09/30 15:11:07.947, 1095 MHz, 1215 MHz, 78.00 W, 39, 0 %
2026/09/30 15:11:08.947, 1095 MHz, 1215 MHz, 78.00 W, 39, 0 %
2026/09/30 15:11:09.947, 1095 MHz, 1215 MHz, 77.84 W, 39, 0 %
2026/09/30 15:11:10.947, 1095 MHz, 1215 MHz, 77.84 W, 39, 0 %
2026/09/30 15:11:11.947, 1095 MHz, 1215 MHz, 77.84 W, 39, 0 %
2026/09/30 15:11:12.948, 1095 MHz, 1215 MHz, 78.00 W, 39, 0 %
2026/09/30 15:11:13.948, 1095 MHz, 1215 MHz, 78.00 W, 39, 0 %
2026/09/30 15:11:14.948, 1095 MHz, 1215 MHz, 77.92 W, 38, 0 %
2026/09/30 15:11:15.949, 1095 MHz, 1215 MHz, 78.00 W, 38, 0 %
2026/09/30 15:11:16.949, 1095 MHz, 1215 MHz, 78.00 W, 38, 0 %
2026/09/30 15:11:17.949, 1095 MHz, 1215 MHz, 77.92 W, 38, 0 %
2026/09/30 15:11:18.949, 1095 MHz, 1215 MHz, 78.00 W, 38, 0 %
2026/09/30 15:11:19.949, 1095 MHz, 1215 MHz, 77.84 W, 38, 0 %
2026/09/30 15:11:20.949, 1095 MHz, 1215 MHz, 78.11 W, 38, 0 %
2026/09/30 15:11:21.950, 1215 MHz, 1215 MHz, 102.69 W, 39, 44 %
2026/09/30 15:11:22.950, 1410 MHz, 1215 MHz, 291.01 W, 45, 86 %
2026/09/30 15:11:23.950, 1410 MHz, 1215 MHz, 284.83 W, 45, 84 %
2026/09/30 15:11:24.950, 1410 MHz, 1215 MHz, 97.69 W, 41, 0 %
2026/09/30 15:11:25.950, 1095 MHz, 1215 MHz, 85.97 W, 40, 0 %
2026/09/30 15:11:26.950, 1095 MHz, 1215 MHz, 78.28 W, 39, 0 %
2026/09/30 15:11:27.951, 1095 MHz, 1215 MHz, 78.28 W, 39, 0 %
2026/09/30 15:11:28.951, 1095 MHz, 1215 MHz, 78.11 W, 39, 0 %
2026/09/30 15:11:29.951, 1095 MHz, 1215 MHz, 78.28 W, 39, 0 %
2026/09/30 15:11:30.951, 1095 MHz, 1215 MHz, 78.00 W, 39, 0 %
2026/09/30 15:11:31.952, 1095 MHz, 1215 MHz, 78.00 W, 39, 0 %
2026/09/30 15:11:32.952, 1095 MHz, 1215 MHz, 78.00 W, 39, 0 %
2026/09/30 15:11:33.952, 1095 MHz, 1215 MHz, 78.00 W, 39, 0 %
2026/09/30 15:11:34.952, 1095 MHz, 1215 MHz, 78.00 W, 39, 0 %
2026/09/30 15:11:35.952, 1095 MHz, 1215 MHz, 77.92 W, 38, 0 %
2026/09/30 15:11:36.952, 1095 MHz, 1215 MHz, 77.84 W, 38, 0 %
2026/09/30 15:11:37.953, 1095 MHz, 1215 MHz, 77.92 W, 38, 0 %
2026/09/30 15:11:38.953, 1095 MHz, 1215 MHz, 77.67 W, 38, 0 %
2026/09/30 15:11:39.953, 1095 MHz, 1215 MHz, 78.04 W, 38, 0 %
2026/09/30 15:11:40.953, 1095 MHz, 1215 MHz, 77.92 W, 38, 0 %
2026/09/30 15:11:41.953, 1095 MHz, 1215 MHz, 78.00 W, 38, 0 %
2026/09/30 15:11:42.953, 1095 MHz, 1215 MHz, 77.67 W, 38, 0 %
2026/09/30 15:11:43.954, 1095 MHz, 1215 MHz, 77.67 W, 38, 0 %
2026/09/30 15:11:44.954, 1095 MHz, 1215 MHz, 77.59 W, 38, 0 %
2026/09/30 15:11:45.954, 1095 MHz, 1215 MHz, 77.67 W, 38, 0 %
2026/09/30 15:11:46.954, 1095 MHz, 1215 MHz, 77.67 W, 38, 0 %
2026/09/30 15:11:47.954, 1095 MHz, 1215 MHz, 77.67 W, 38, 0 %
2026/09/30 15:11:48.954, 1095 MHz, 1215 MHz, 77.51 W, 38, 0 %
2026/09/30 15:11:49.954, 1095 MHz, 1215 MHz, 77.59 W, 38, 0 %
2026/09/30 15:11:50.955, 1095 MHz, 1215 MHz, 77.59 W, 38, 0 %
2026/09/30 15:11:51.955, 1095 MHz, 1215 MHz, 77.59 W, 38, 0 %
2026/09/30 15:11:52.955, 1095 MHz, 1215 MHz, 77.76 W, 38, 0 %
2026/09/30 15:11:53.955, 1095 MHz, 1215 MHz, 77.67 W, 38, 0 %
2026/09/30 15:11:54.955, 1095 MHz, 1215 MHz, 77.59 W, 38, 0 %
2026/09/30 15:11:55.955, 1095 MHz, 1215 MHz, 77.59 W, 38, 0 %
2026/09/30 15:11:56.956, 1095 MHz, 1215 MHz, 77.67 W, 38, 0 %
2026/09/30 15:11:57.956, 1095 MHz, 1215 MHz, 77.67 W, 38, 0 %
2026/09/30 15:11:58.956, 1095 MHz, 1215 MHz, 77.67 W, 38, 0 %
2026/09/30 15:11:59.956, 1095 MHz, 1215 MHz, 77.59 W, 38, 0 %
2026/09/30 15:12:00.956, 1095 MHz, 1215 MHz, 77.67 W, 38, 0 %
2026/09/30 15:12:01.956, 1095 MHz, 1215 MHz, 77.67 W, 38, 0 %
2026/09/30 15:12:02.956, 1095 MHz, 1215 MHz, 77.67 W, 38, 0 %
2026/09/30 15:12:03.957, 1095 MHz, 1215 MHz, 77.59 W, 38, 0 %
2026/09/30 15:12:04.957, 1095 MHz, 1215 MHz, 77.67 W, 38, 0 %
2026/09/30 15:12:05.957, 1095 MHz, 1215 MHz, 77.67 W, 38, 0 %
2026/09/30 15:12:06.957, 1095 MHz, 1215 MHz, 77.67 W, 38, 0 %
2026/09/30 15:12:07.957, 1095 MHz, 1215 MHz, 77.43 W, 38, 0 %
2026/09/30 15:12:08.957, 1095 MHz, 1215 MHz, 77.59 W, 38, 0 %
2026/09/30 15:12:09.958, 1095 MHz, 1215 MHz, 77.51 W, 38, 0 %
2026/09/30 15:12:10.958, 1095 MHz, 1215 MHz, 77.51 W, 38, 0 %
2026/09/30 15:12:11.958, 1095 MHz, 1215 MHz, 77.59 W, 38, 0 %
2026/09/30 15:12:12.958, 1095 MHz, 1215 MHz, 77.59 W, 38, 0 %
2026/09/30 15:12:13.958, 1095 MHz, 1215 MHz, 77.67 W, 38, 0 %
2026/09/30 15:12:14.958, 1095 MHz, 1215 MHz, 77.67 W, 38, 0 %
2026/09/30 15:12:15.959, 1095 MHz, 1215 MHz, 77.67 W, 38, 0 %
2026/09/30 15:12:16.959, 1095 MHz, 1215 MHz, 77.67 W, 38, 0 %
2026/09/30 15:12:17.959, 1095 MHz, 1215 MHz, 77.39 W, 38, 0 %
2026/09/30 15:12:18.959, 1095 MHz, 1215 MHz, 77.59 W, 38, 0 %
2026/09/30 15:12:19.959, 1095 MHz, 1215 MHz, 77.59 W, 38, 0 %
2026/09/30 15:12:20.959, 1095 MHz, 1215 MHz, 77.67 W, 38, 0 %
2026/09/30 15:12:21.960, 1095 MHz, 1215 MHz, 77.59 W, 38, 0 %
2026/09/30 15:12:22.960, 1095 MHz, 1215 MHz, 77.59 W, 38, 0 %
2026/09/30 15:12:23.960, 1095 MHz, 1215 MHz, 77.67 W, 38, 0 %
2026/09/30 15:12:24.960, 1095 MHz, 1215 MHz, 77.59 W, 38, 0 %
2026/09/30 15:12:25.960, 1095 MHz, 1215 MHz, 77.67 W, 38, 0 %
2026/09/30 15:12:26.961, 1095 MHz, 1215 MHz, 77.59 W, 38, 0 %
2026/09/30 15:12:27.963, 1095 MHz, 1215 MHz, 81.24 W, 38, 5 %
2026/09/30 15:12:28.963, 1095 MHz, 1215 MHz, 77.59 W, 38, 0 %
2026/09/30 15:12:29.963, 1095 MHz, 1215 MHz, 77.36 W, 38, 0 %
2026/09/30 15:12:30.963, 1410 MHz, 1215 MHz, 357.33 W, 47, 89 %
2026/09/30 15:12:31.963, 1380 MHz, 1215 MHz, 285.71 W, 48, 17 %
2026/09/30 15:12:32.963, 1410 MHz, 1215 MHz, 182.32 W, 45, 56 %
2026/09/30 15:12:33.964, 1410 MHz, 1215 MHz, 182.50 W, 45, 56 %
2026/09/30 15:12:34.964, 1410 MHz, 1215 MHz, 183.15 W, 45, 56 %
2026/09/30 15:12:35.964, 1410 MHz, 1215 MHz, 184.45 W, 46, 56 %
2026/09/30 15:12:36.964, 1320 MHz, 1215 MHz, 404.88 W, 57, 100 %
2026/09/30 15:12:37.964, 1410 MHz, 1215 MHz, 195.25 W, 48, 60 %
2026/09/30 15:12:38.964, 1305 MHz, 1215 MHz, 367.61 W, 58, 100 %
2026/09/30 15:12:39.965, 1410 MHz, 1215 MHz, 197.80 W, 50, 60 %
2026/09/30 15:12:40.965, 1320 MHz, 1215 MHz, 406.13 W, 58, 100 %
2026/09/30 15:12:41.965, 1410 MHz, 1215 MHz, 198.14 W, 51, 88 %
2026/09/30 15:12:42.965, 1320 MHz, 1215 MHz, 406.63 W, 59, 100 %
2026/09/30 15:12:43.965, 1410 MHz, 1215 MHz, 201.17 W, 52, 92 %
2026/09/30 15:12:44.965, 1410 MHz, 1215 MHz, 279.24 W, 52, 88 %
2026/09/30 15:12:45.966, 1410 MHz, 1215 MHz, 282.73 W, 53, 92 %
2026/09/30 15:12:46.966, 1410 MHz, 1215 MHz, 283.93 W, 53, 92 %
2026/09/30 15:12:47.966, 1410 MHz, 1215 MHz, 286.29 W, 53, 92 %
2026/09/30 15:12:48.966, 1410 MHz, 1215 MHz, 288.37 W, 53, 92 %
2026/09/30 15:12:49.966, 1410 MHz, 1215 MHz, 290.41 W, 53, 91 %
2026/09/30 15:12:50.966, 1410 MHz, 1215 MHz, 237.43 W, 54, 91 %
2026/09/30 15:12:51.967, 1410 MHz, 1215 MHz, 283.95 W, 54, 92 %
2026/09/30 15:12:52.967, 1410 MHz, 1215 MHz, 294.22 W, 54, 92 %
2026/09/30 15:12:53.967, 1410 MHz, 1215 MHz, 280.66 W, 54, 92 %
2026/09/30 15:12:54.967, 1410 MHz, 1215 MHz, 270.33 W, 54, 92 %
2026/09/30 15:12:55.967, 1410 MHz, 1215 MHz, 274.22 W, 54, 92 %
2026/09/30 15:12:56.967, 1410 MHz, 1215 MHz, 277.18 W, 54, 92 %
2026/09/30 15:12:57.968, 1410 MHz, 1215 MHz, 283.06 W, 54, 92 %
2026/09/30 15:12:58.968, 1410 MHz, 1215 MHz, 282.73 W, 55, 92 %
2026/09/30 15:12:59.968, 1410 MHz, 1215 MHz, 286.58 W, 55, 92 %
2026/09/30 15:13:00.968, 1410 MHz, 1215 MHz, 287.45 W, 55, 92 %
2026/09/30 15:13:01.968, 1410 MHz, 1215 MHz, 289.51 W, 55, 92 %
2026/09/30 15:13:02.969, 1410 MHz, 1215 MHz, 289.81 W, 55, 92 %
2026/09/30 15:13:03.969, 1410 MHz, 1215 MHz, 292.74 W, 55, 92 %
2026/09/30 15:13:04.969, 1410 MHz, 1215 MHz, 293.95 W, 55, 92 %
2026/09/30 15:13:05.969, 1410 MHz, 1215 MHz, 294.82 W, 55, 92 %
2026/09/30 15:13:06.969, 1410 MHz, 1215 MHz, 293.34 W, 56, 92 %
2026/09/30 15:13:07.969, 1410 MHz, 1215 MHz, 295.73 W, 56, 92 %
2026/09/30 15:13:08.970, 1410 MHz, 1215 MHz, 271.86 W, 56, 92 %
2026/09/30 15:13:09.970, 1410 MHz, 1215 MHz, 277.46 W, 56, 92 %
2026/09/30 15:13:10.970, 1410 MHz, 1215 MHz, 283.64 W, 56, 91 %
2026/09/30 15:13:11.970, 1410 MHz, 1215 MHz, 291.59 W, 56, 92 %
2026/09/30 15:13:12.970, 1410 MHz, 1215 MHz, 293.09 W, 56, 92 %
2026/09/30 15:13:13.970, 1410 MHz, 1215 MHz, 294.82 W, 56, 92 %
2026/09/30 15:13:14.971, 1410 MHz, 1215 MHz, 192.75 W, 54, 55 %
2026/09/30 15:13:15.971, 1410 MHz, 1215 MHz, 189.47 W, 53, 56 %
2026/09/30 15:13:16.971, 1410 MHz, 1215 MHz, 188.71 W, 52, 56 %
2026/09/30 15:13:17.971, 1410 MHz, 1215 MHz, 188.57 W, 52, 55 %
2026/09/30 15:13:18.971, 1410 MHz, 1215 MHz, 187.88 W, 52, 56 %
2026/09/30 15:13:19.971, 1410 MHz, 1215 MHz, 191.45 W, 52, 56 %
2026/09/30 15:13:20.972, 1410 MHz, 1215 MHz, 186.89 W, 51, 56 %
2026/09/30 15:13:21.972, 1410 MHz, 1215 MHz, 188.29 W, 51, 56 %
2026/09/30 15:13:22.972, 1410 MHz, 1215 MHz, 187.61 W, 51, 55 %
2026/09/30 15:13:23.972, 1395 MHz, 1215 MHz, 192.35 W, 56, 92 %
2026/09/30 15:13:24.972, 1410 MHz, 1215 MHz, 188.57 W, 52, 56 %
2026/09/30 15:13:25.973, 1410 MHz, 1215 MHz, 190.65 W, 51, 56 %
2026/09/30 15:13:26.973, 1410 MHz, 1215 MHz, 188.71 W, 51, 56 %
2026/09/30 15:13:27.973, 1410 MHz, 1215 MHz, 194.17 W, 51, 56 %
2026/09/30 15:13:28.973, 1410 MHz, 1215 MHz, 190.05 W, 51, 56 %
2026/09/30 15:13:29.973, 1410 MHz, 1215 MHz, 187.27 W, 51, 56 %
2026/09/30 15:13:30.974, 1410 MHz, 1215 MHz, 188.76 W, 51, 56 %
2026/09/30 15:13:31.974, 1410 MHz, 1215 MHz, 189.97 W, 51, 55 %
2026/09/30 15:13:32.974, 1410 MHz, 1215 MHz, 185.24 W, 50, 55 %
2026/09/30 15:13:33.974, 1410 MHz, 1215 MHz, 194.57 W, 51, 58 %
2026/09/30 15:13:34.974, 1410 MHz, 1215 MHz, 194.77 W, 51, 55 %
2026/09/30 15:13:35.974, 1410 MHz, 1215 MHz, 196.53 W, 51, 60 %
2026/09/30 15:13:36.975, 1410 MHz, 1215 MHz, 194.70 W, 51, 59 %
2026/09/30 15:13:37.975, 1410 MHz, 1215 MHz, 195.98 W, 51, 59 %
2026/09/30 15:13:38.975, 1410 MHz, 1215 MHz, 194.77 W, 51, 59 %
2026/09/30 15:13:39.975, 1410 MHz, 1215 MHz, 206.79 W, 51, 60 %
2026/09/30 15:13:40.975, 1410 MHz, 1215 MHz, 199.70 W, 51, 61 %
2026/09/30 15:13:41.975, 1410 MHz, 1215 MHz, 200.37 W, 51, 60 %
2026/09/30 15:13:42.975, 1410 MHz, 1215 MHz, 199.83 W, 51, 60 %
2026/09/30 15:13:43.976, 1410 MHz, 1215 MHz, 199.42 W, 51, 60 %
2026/09/30 15:13:44.976, 1410 MHz, 1215 MHz, 200.03 W, 51, 62 %
2026/09/30 15:13:45.976, 1410 MHz, 1215 MHz, 195.57 W, 51, 59 %
2026/09/30 15:13:46.977, 1410 MHz, 1215 MHz, 197.34 W, 51, 59 %
2026/09/30 15:13:47.977, 1410 MHz, 1215 MHz, 199.08 W, 51, 59 %
2026/09/30 15:13:48.977, 1410 MHz, 1215 MHz, 195.65 W, 51, 60 %
2026/09/30 15:13:49.978, 1410 MHz, 1215 MHz, 197.67 W, 51, 60 %
2026/09/30 15:13:50.978, 1410 MHz, 1215 MHz, 196.18 W, 51, 60 %
2026/09/30 15:13:51.978, 1410 MHz, 1215 MHz, 196.86 W, 51, 59 %
2026/09/30 15:13:52.978, 1410 MHz, 1215 MHz, 196.26 W, 51, 60 %
2026/09/30 15:13:53.978, 1410 MHz, 1215 MHz, 197.54 W, 51, 60 %
2026/09/30 15:13:54.978, 1410 MHz, 1215 MHz, 193.89 W, 51, 61 %
2026/09/30 15:13:55.979, 1410 MHz, 1215 MHz, 200.03 W, 51, 61 %
2026/09/30 15:13:56.979, 1410 MHz, 1215 MHz, 198.75 W, 51, 61 %
2026/09/30 15:13:57.979, 1320 MHz, 1215 MHz, 393.92 W, 60, 100 %
2026/09/30 15:13:58.979, 1410 MHz, 1215 MHz, 242.33 W, 54, 69 %
2026/09/30 15:13:59.979, 1410 MHz, 1215 MHz, 247.77 W, 54, 69 %
2026/09/30 15:14:00.979, 1410 MHz, 1215 MHz, 250.29 W, 54, 71 %
2026/09/30 15:14:01.980, 1410 MHz, 1215 MHz, 255.90 W, 54, 71 %
2026/09/30 15:14:02.980, 1410 MHz, 1215 MHz, 259.73 W, 54, 73 %
2026/09/30 15:14:03.980, 1410 MHz, 1215 MHz, 257.98 W, 55, 73 %
2026/09/30 15:14:04.980, 1410 MHz, 1215 MHz, 259.81 W, 55, 73 %
2026/09/30 15:14:05.980, 1410 MHz, 1215 MHz, 266.21 W, 55, 75 %
2026/09/30 15:14:06.980, 1410 MHz, 1215 MHz, 263.25 W, 55, 76 %
2026/09/30 15:14:07.981, 1410 MHz, 1215 MHz, 273.94 W, 56, 76 %
2026/09/30 15:14:08.981, 1410 MHz, 1215 MHz, 270.66 W, 56, 78 %
2026/09/30 15:14:09.981, 1350 MHz, 1215 MHz, 271.54 W, 58, 77 %
2026/09/30 15:14:10.981, 1410 MHz, 1215 MHz, 253.52 W, 56, 69 %
2026/09/30 15:14:11.981, 1410 MHz, 1215 MHz, 256.17 W, 56, 69 %
2026/09/30 15:14:12.981, 1410 MHz, 1215 MHz, 254.83 W, 56, 70 %
2026/09/30 15:14:13.982, 1410 MHz, 1215 MHz, 258.87 W, 56, 72 %
2026/09/30 15:14:14.982, 1410 MHz, 1215 MHz, 258.86 W, 56, 72 %
2026/09/30 15:14:15.982, 1410 MHz, 1215 MHz, 257.30 W, 56, 73 %
2026/09/30 15:14:16.982, 1410 MHz, 1215 MHz, 266.21 W, 56, 73 %
2026/09/30 15:14:17.982, 1410 MHz, 1215 MHz, 267.97 W, 56, 74 %
2026/09/30 15:14:18.982, 1410 MHz, 1215 MHz, 270.33 W, 56, 75 %
2026/09/30 15:14:19.983, 1410 MHz, 1215 MHz, 281.87 W, 56, 76 %
2026/09/30 15:14:20.983, 1410 MHz, 1215 MHz, 276.22 W, 57, 78 %
2026/09/30 15:14:21.983, 1410 MHz, 1215 MHz, 273.02 W, 57, 78 %
2026/09/30 15:14:22.983, 1410 MHz, 1215 MHz, 105.11 W, 50, 0 %
2026/09/30 15:14:23.983, 1410 MHz, 1215 MHz, 104.12 W, 49, 0 %
2026/09/30 15:14:24.983, 1095 MHz, 1215 MHz, 82.23 W, 47, 0 %
