2026/09/30 18:50:03.343, 77, 2025, 65.18
2026/09/30 18:50:04.346, 77, 2040, 34.36
2026/09/30 18:50:05.346, 76, 2040, 34.28
2026/09/30 18:50:06.346, 76, 2040, 34.21
2026/09/30 18:50:07.346, 76, 2040, 34.16
2026/09/30 18:50:08.347, 76, 2040, 34.07
2026/09/30 18:50:09.347, 76, 2040, 34.03
2026/09/30 18:50:10.347, 76, 2040, 34.02
2026/09/30 18:50:11.347, 76, 2040, 33.98
2026/09/30 18:50:12.347, 75, 2040, 33.95
2026/09/30 18:50:13.347, 75, 2040, 33.91
2026/09/30 18:50:14.347, 79, 1005, 58.88
2026/09/30 18:50:15.347, 79, 1020, 72.11
2026/09/30 18:50:16.348, 79, 975, 72.76
2026/09/30 18:50:17.348, 80, 960, 71.96
2026/09/30 18:50:18.348, 80, 975, 71.89
2026/09/30 18:50:19.348, 80, 960, 72.00
2026/09/30 18:50:20.348, 80, 960, 72.53
2026/09/30 18:50:21.348, 80, 975, 72.68
2026/09/30 18:50:22.348, 80, 945, 72.26
2026/09/30 18:50:23.349, 80, 960, 72.07
2026/09/30 18:50:24.349, 80, 945, 72.47
2026/09/30 18:50:25.349, 80, 960, 72.37
2026/09/30 18:50:26.349, 80, 990, 72.01
2026/09/30 18:50:27.349, 81, 1005, 72.82
2026/09/30 18:50:28.349, 81, 1005, 72.70
2026/09/30 18:50:29.349, 80, 975, 73.08
2026/09/30 18:50:30.350, 81, 960, 72.70
2026/09/30 18:50:31.350, 81, 945, 72.31
2026/09/30 18:50:32.350, 80, 1185, 71.77
2026/09/30 18:50:33.350, 80, 1155, 72.03
2026/09/30 18:50:34.350, 80, 1185, 71.93
2026/09/30 18:50:35.350, 80, 1170, 71.50
2026/09/30 18:50:36.350, 80, 1200, 71.63
2026/09/30 18:50:37.351, 80, 1155, 71.74
2026/09/30 18:50:38.351, 80, 1140, 72.41
2026/09/30 18:50:39.351, 80, 1140, 72.36
2026/09/30 18:50:40.351, 80, 1125, 72.51
2026/09/30 18:50:41.351, 80, 1155, 71.95
2026/09/30 18:50:42.351, 80, 1155, 71.31
2026/09/30 18:50:43.351, 80, 1125, 72.02
2026/09/30 18:50:44.352, 80, 1185, 71.45
2026/09/30 18:50:45.352, 80, 1170, 72.10
2026/09/30 18:50:46.352, 80, 1170, 72.28
2026/09/30 18:50:47.352, 80, 1155, 71.44
2026/09/30 18:50:48.352, 81, 1170, 72.16
2026/09/30 18:50:49.352, 81, 1185, 71.89
2026/09/30 18:50:50.353, 81, 1140, 71.61
2026/09/30 18:50:51.353, 81, 1125, 71.86
2026/09/30 18:50:52.353, 81, 1155, 72.11
2026/09/30 18:50:53.353, 81, 1155, 71.64
2026/09/30 18:50:54.353, 82, 915, 71.99
2026/09/30 18:50:55.354, 82, 945, 72.01
2026/09/30 18:50:56.354, 83, 1020, 71.97
2026/09/30 18:50:57.354, 83, 1035, 72.16
2026/09/30 18:50:58.354, 83, 975, 72.17
2026/09/30 18:50:59.354, 83, 945, 72.43
2026/09/30 18:51:00.354, 83, 990, 72.74
2026/09/30 18:51:01.354, 83, 990, 71.76
2026/09/30 18:51:02.355, 83, 945, 72.69
2026/09/30 18:51:03.355, 83, 960, 72.31
2026/09/30 18:51:04.355, 83, 990, 72.45
2026/09/30 18:51:05.355, 83, 1005, 72.54
2026/09/30 18:51:06.355, 83, 1005, 72.37
2026/09/30 18:51:07.355, 83, 945, 71.97
2026/09/30 18:51:08.355, 83, 960, 72.35
2026/09/30 18:51:09.356, 83, 960, 71.96
2026/09/30 18:51:10.356, 83, 945, 72.62
2026/09/30 18:51:11.356, 83, 1035, 72.30
2026/09/30 18:51:12.356, 83, 930, 72.58
2026/09/30 18:51:13.356, 82, 1095, 71.76
2026/09/30 18:51:14.356, 82, 1110, 71.99
2026/09/30 18:51:15.356, 82, 1155, 72.06
2026/09/30 18:51:16.357, 82, 1125, 71.95
2026/09/30 18:51:17.357, 82, 1140, 71.21
2026/09/30 18:51:18.357, 82, 1125, 72.04
2026/09/30 18:51:19.357, 82, 1155, 72.51
2026/09/30 18:51:20.357, 82, 1125, 72.16
2026/09/30 18:51:21.357, 83, 1125, 72.55
2026/09/30 18:51:22.357, 83, 1155, 72.60
2026/09/30 18:51:23.357, 83, 1170, 72.06
2026/09/30 18:51:24.358, 83, 1155, 71.56
2026/09/30 18:51:25.358, 83, 1140, 70.78
2026/09/30 18:51:26.358, 82, 1125, 72.34
2026/09/30 18:51:27.358, 82, 1125, 72.17
2026/09/30 18:51:28.358, 82, 1155, 72.14
2026/09/30 18:51:29.358, 82, 1110, 72.04
2026/09/30 18:51:30.358, 82, 1140, 72.11
2026/09/30 18:51:31.359, 82, 1200, 72.01
2026/09/30 18:51:32.359, 82, 1170, 72.11
2026/09/30 18:51:33.359, 83, 1125, 72.28
2026/09/30 18:51:34.359, 82, 1110, 72.42
2026/09/30 18:51:35.359, 82, 1125, 72.11
2026/09/30 18:51:36.359, 82, 1125, 72.38
2026/09/30 18:51:37.359, 81, 1155, 71.88
2026/09/30 18:51:38.360, 83, 1035, 72.25
2026/09/30 18:51:39.360, 82, 975, 72.29
2026/09/30 18:51:40.360, 82, 960, 72.53
2026/09/30 18:51:41.360, 83, 945, 72.49
2026/09/30 18:51:42.360, 83, 1005, 72.37
2026/09/30 18:51:43.360, 83, 960, 73.14
2026/09/30 18:51:44.360, 82, 975, 72.77
2026/09/30 18:51:45.361, 82, 1020, 72.74
2026/09/30 18:51:46.361, 82, 960, 72.79
2026/09/30 18:51:47.361, 82, 960, 72.07
2026/09/30 18:51:48.361, 82, 1005, 72.35
2026/09/30 18:51:49.361, 82, 975, 72.90
2026/09/30 18:51:50.361, 82, 960, 72.38
2026/09/30 18:51:51.361, 82, 945, 72.78
2026/09/30 18:51:52.361, 82, 975, 71.73
2026/09/30 18:51:53.362, 82, 945, 72.46
2026/09/30 18:51:54.362, 82, 930, 72.12
2026/09/30 18:51:55.362, 82, 945, 72.52
2026/09/30 18:51:56.362, 81, 1125, 72.41
2026/09/30 18:51:57.362, 81, 1140, 71.92
2026/09/30 18:51:58.362, 81, 1125, 71.71
2026/09/30 18:51:59.362, 81, 1125, 71.56
2026/09/30 18:52:00.363, 81, 1125, 72.06
2026/09/30 18:52:01.363, 81, 1185, 72.29
2026/09/30 18:52:02.363, 81, 1155, 71.65
2026/09/30 18:52:03.363, 81, 1125, 71.52
2026/09/30 18:52:04.363, 82, 1200, 72.05
2026/09/30 18:52:05.363, 82, 1155, 71.84
2026/09/30 18:52:06.363, 82, 1170, 72.25
2026/09/30 18:52:07.363, 82, 1125, 71.77
2026/09/30 18:52:08.364, 82, 1140, 72.10
2026/09/30 18:52:09.364, 82, 1140, 72.19
2026/09/30 18:52:10.364, 82, 1140, 71.94
2026/09/30 18:52:11.364, 82, 1170, 72.06
2026/09/30 18:52:12.364, 82, 1155, 72.23
2026/09/30 18:52:13.364, 83, 1275, 71.39
2026/09/30 18:52:14.364, 82, 1170, 71.47
2026/09/30 18:52:15.364, 82, 1170, 72.03
2026/09/30 18:52:16.365, 82, 1155, 71.97
2026/09/30 18:52:17.365, 81, 1140, 72.07
2026/09/30 18:52:18.365, 82, 915, 72.22
2026/09/30 18:52:19.365, 82, 945, 72.42
2026/09/30 18:52:20.365, 82, 960, 72.09
2026/09/30 18:52:21.365, 82, 990, 72.40
2026/09/30 18:52:22.365, 81, 975, 72.21
2026/09/30 18:52:23.366, 81, 960, 72.17
2026/09/30 18:52:24.366, 81, 990, 72.66
2026/09/30 18:52:25.366, 81, 960, 72.59
2026/09/30 18:52:26.366, 81, 990, 72.49
2026/09/30 18:52:27.366, 81, 1005, 72.53
2026/09/30 18:52:28.366, 80, 1005, 72.92
2026/09/30 18:52:29.366, 80, 990, 72.82
2026/09/30 18:52:30.367, 80, 1005, 72.41
2026/09/30 18:52:31.367, 80, 975, 72.53
2026/09/30 18:52:32.367, 80, 1020, 72.50
2026/09/30 18:52:33.367, 80, 1005, 73.32
2026/09/30 18:52:34.367, 80, 1050, 72.66
2026/09/30 18:52:35.367, 80, 1050, 72.95
2026/09/30 18:52:36.367, 80, 1020, 72.85
2026/09/30 18:52:37.368, 79, 1185, 72.50
2026/09/30 18:52:38.368, 79, 1200, 71.84
2026/09/30 18:52:39.368, 79, 1170, 71.94
2026/09/30 18:52:40.368, 79, 1170, 71.97
2026/09/30 18:52:41.368, 79, 1215, 71.90
2026/09/30 18:52:42.368, 79, 1200, 72.36
2026/09/30 18:52:43.368, 79, 1185, 71.85
2026/09/30 18:52:44.369, 79, 1185, 72.18
2026/09/30 18:52:45.369, 79, 1170, 72.56
2026/09/30 18:52:46.369, 79, 1170, 72.47
2026/09/30 18:52:47.369, 79, 1155, 71.77
2026/09/30 18:52:48.369, 78, 1155, 71.58
2026/09/30 18:52:49.369, 78, 1125, 72.44
2026/09/30 18:52:50.369, 79, 1155, 72.29
2026/09/30 18:52:51.369, 79, 930, 71.79
2026/09/30 18:52:52.370, 79, 1110, 71.95
2026/09/30 18:52:53.370, 79, 1140, 72.28
2026/09/30 18:52:54.370, 79, 945, 72.02
2026/09/30 18:52:55.370, 79, 1155, 72.42
2026/09/30 18:52:56.370, 79, 1155, 71.49
2026/09/30 18:52:57.370, 79, 915, 72.61
2026/09/30 18:52:58.371, 79, 1170, 71.75
2026/09/30 18:52:59.371, 79, 1170, 71.85
2026/09/30 18:53:00.371, 79, 1170, 71.96
2026/09/30 18:53:01.371, 80, 1005, 71.75
2026/09/30 18:53:02.371, 80, 975, 71.80
2026/09/30 18:53:03.371, 80, 1005, 71.62
2026/09/30 18:53:04.371, 80, 975, 71.84
2026/09/30 18:53:05.372, 80, 975, 71.64
2026/09/30 18:53:06.372, 81, 1020, 71.40
2026/09/30 18:53:07.372, 81, 975, 71.72
2026/09/30 18:53:08.372, 80, 990, 71.65
2026/09/30 18:53:09.372, 81, 1005, 71.30
2026/09/30 18:53:10.372, 81, 990, 71.61
2026/09/30 18:53:11.373, 81, 1035, 71.17
2026/09/30 18:53:12.373, 81, 1020, 71.64
2026/09/30 18:53:13.373, 82, 1005, 71.92
2026/09/30 18:53:14.373, 82, 990, 71.77
2026/09/30 18:53:15.373, 82, 1020, 71.49
2026/09/30 18:53:16.373, 82, 975, 71.81
2026/09/30 18:53:17.373, 82, 1035, 71.82
2026/09/30 18:53:18.374, 82, 1215, 71.44
2026/09/30 18:53:19.374, 82, 1050, 70.97
2026/09/30 18:53:20.374, 82, 930, 72.32
2026/09/30 18:53:21.374, 82, 1125, 71.59
2026/09/30 18:53:22.374, 82, 1110, 71.76
2026/09/30 18:53:23.374, 82, 1140, 72.04
2026/09/30 18:53:24.375, 82, 1155, 72.02
2026/09/30 18:53:25.375, 82, 1125, 71.53
2026/09/30 18:53:26.375, 82, 1125, 72.14
2026/09/30 18:53:27.375, 83, 1155, 72.27
2026/09/30 18:53:28.375, 83, 1140, 71.71
2026/09/30 18:53:29.375, 83, 1185, 72.31
2026/09/30 18:53:30.376, 83, 1110, 72.03
2026/09/30 18:53:31.376, 83, 1140, 72.12
2026/09/30 18:53:32.376, 83, 1185, 71.95
2026/09/30 18:53:33.376, 83, 1125, 71.90
2026/09/30 18:53:34.376, 82, 1140, 71.73
2026/09/30 18:53:35.376, 82, 1125, 72.49
2026/09/30 18:53:36.377, 83, 1125, 72.32
2026/09/30 18:53:37.377, 82, 1185, 72.11
2026/09/30 18:53:38.377, 82, 1170, 72.00
2026/09/30 18:53:39.377, 82, 1155, 71.86
2026/09/30 18:53:40.377, 81, 1155, 72.16
2026/09/30 18:53:41.377, 82, 960, 72.01
2026/09/30 18:53:42.378, 82, 945, 71.76
2026/09/30 18:53:43.378, 82, 960, 71.78
2026/09/30 18:53:44.378, 82, 975, 71.91
2026/09/30 18:53:45.378, 82, 930, 72.26
2026/09/30 18:53:46.378, 82, 990, 72.34
2026/09/30 18:53:47.378, 82, 945, 72.26
2026/09/30 18:53:48.378, 82, 975, 72.21
2026/09/30 18:53:49.379, 82, 960, 72.14
2026/09/30 18:53:50.379, 82, 975, 72.15
2026/09/30 18:53:51.379, 82, 960, 72.12
2026/09/30 18:53:52.379, 82, 1005, 72.11
2026/09/30 18:53:53.379, 82, 945, 71.95
2026/09/30 18:53:54.379, 82, 945, 72.45
2026/09/30 18:53:55.380, 83, 960, 72.97
2026/09/30 18:53:56.380, 82, 960, 72.43
2026/09/30 18:53:57.380, 82, 960, 72.26
2026/09/30 18:53:58.380, 82, 1140, 72.01
2026/09/30 18:53:59.380, 82, 1140, 71.89
2026/09/30 18:54:00.380, 82, 1140, 72.25
2026/09/30 18:54:01.381, 82, 1140, 71.97
2026/09/30 18:54:02.381, 82, 1155, 71.84
2026/09/30 18:54:03.381, 82, 1155, 72.27
2026/09/30 18:54:04.381, 82, 1140, 72.39
2026/09/30 18:54:05.381, 81, 1170, 72.08
2026/09/30 18:54:06.381, 81, 1155, 72.03
2026/09/30 18:54:07.381, 82, 1155, 72.00
2026/09/30 18:54:08.382, 82, 1140, 72.16
2026/09/30 18:54:09.382, 82, 1155, 71.89
2026/09/30 18:54:10.382, 82, 1170, 71.75
2026/09/30 18:54:11.382, 82, 1140, 71.86
2026/09/30 18:54:12.382, 82, 1155, 72.06
2026/09/30 18:54:13.382, 82, 1140, 72.28
2026/09/30 18:54:14.383, 82, 1140, 72.15
2026/09/30 18:54:15.383, 82, 1155, 71.88
2026/09/30 18:54:16.383, 82, 1155, 72.20
2026/09/30 18:54:17.383, 82, 1125, 71.95
2026/09/30 18:54:18.383, 82, 1140, 72.29
2026/09/30 18:54:19.383, 82, 1005, 72.08
2026/09/30 18:54:20.386, 80, 1980, 68.14
