2026/09/30 18:21:03.882, 64, 2040, 31.11
2026/09/30 18:21:04.886, 64, 2040, 30.99
2026/09/30 18:21:05.886, 64, 2040, 31.06
2026/09/30 18:21:06.886, 64, 2040, 30.92
2026/09/30 18:21:07.886, 64, 2040, 31.00
2026/09/30 18:21:08.886, 64, 2040, 30.87
2026/09/30 18:21:09.886, 64, 2040, 30.99
2026/09/30 18:21:10.886, 64, 2040, 30.83
2026/09/30 18:21:11.886, 64, 2040, 30.92
2026/09/30 18:21:12.887, 64, 2040, 30.79
2026/09/30 18:21:13.887, 63, 2040, 30.86
2026/09/30 18:21:14.887, 66, 1470, 67.17
2026/09/30 18:21:15.887, 66, 1785, 70.62
2026/09/30 18:21:16.887, 67, 1755, 71.56
2026/09/30 18:21:17.887, 68, 1020, 74.77
2026/09/30 18:21:18.887, 69, 945, 71.90
2026/09/30 18:21:19.888, 68, 1680, 69.85
2026/09/30 18:21:20.888, 68, 1665, 72.28
2026/09/30 18:21:21.888, 69, 990, 71.47
2026/09/30 18:21:22.888, 68, 1545, 71.72
2026/09/30 18:21:23.888, 68, 1560, 71.83
2026/09/30 18:21:24.888, 69, 1575, 71.83
2026/09/30 18:21:25.888, 69, 1350, 69.70
2026/09/30 18:21:26.888, 69, 1485, 71.75
2026/09/30 18:21:27.889, 69, 1530, 72.51
2026/09/30 18:21:28.889, 71, 1005, 71.84
2026/09/30 18:21:29.889, 70, 1590, 72.15
2026/09/30 18:21:30.889, 70, 1560, 72.00
2026/09/30 18:21:31.889, 72, 1005, 71.28
2026/09/30 18:21:32.889, 71, 1530, 71.61
2026/09/30 18:21:33.889, 71, 1470, 71.54
2026/09/30 18:21:34.890, 71, 1455, 72.02
2026/09/30 18:21:35.890, 71, 1470, 70.90
2026/09/30 18:21:36.890, 71, 1485, 72.02
2026/09/30 18:21:37.890, 71, 1500, 71.59
2026/09/30 18:21:38.890, 71, 1515, 72.05
2026/09/30 18:21:39.890, 72, 1545, 72.06
2026/09/30 18:21:40.891, 72, 1575, 72.08
2026/09/30 18:21:41.891, 72, 1590, 73.26
2026/09/30 18:21:42.891, 73, 1005, 71.70
2026/09/30 18:21:43.891, 72, 1575, 70.87
2026/09/30 18:21:44.891, 72, 1305, 72.31
2026/09/30 18:21:45.891, 73, 1530, 70.50
2026/09/30 18:21:46.891, 74, 1110, 70.98
2026/09/30 18:21:47.892, 73, 1380, 71.61
2026/09/30 18:21:48.892, 73, 1395, 71.75
2026/09/30 18:21:49.892, 73, 1455, 72.74
2026/09/30 18:21:50.892, 75, 1005, 73.56
2026/09/30 18:21:51.892, 74, 1440, 71.16
2026/09/30 18:21:52.892, 74, 1485, 72.28
2026/09/30 18:21:53.893, 75, 960, 72.67
2026/09/30 18:21:54.893, 74, 990, 73.84
2026/09/30 18:21:55.893, 74, 1140, 70.75
2026/09/30 18:21:56.893, 74, 1335, 71.67
2026/09/30 18:21:57.893, 74, 1350, 71.89
2026/09/30 18:21:58.893, 76, 945, 71.41
2026/09/30 18:21:59.893, 76, 900, 71.71
2026/09/30 18:22:00.894, 75, 1455, 71.79
2026/09/30 18:22:01.894, 75, 1455, 71.17
2026/09/30 18:22:02.894, 75, 1470, 72.07
2026/09/30 18:22:03.895, 75, 1425, 72.12
2026/09/30 18:22:04.895, 75, 1140, 71.46
2026/09/30 18:22:05.896, 75, 1320, 71.86
2026/09/30 18:22:06.896, 75, 1365, 71.90
2026/09/30 18:22:07.896, 75, 1380, 71.87
2026/09/30 18:22:08.896, 77, 915, 71.74
2026/09/30 18:22:09.896, 76, 1380, 71.66
2026/09/30 18:22:10.896, 76, 1455, 72.89
2026/09/30 18:22:11.897, 76, 1470, 72.04
2026/09/30 18:22:12.897, 76, 1440, 72.22
2026/09/30 18:22:13.897, 78, 990, 73.01
2026/09/30 18:22:14.897, 78, 900, 71.61
2026/09/30 18:22:15.897, 77, 1380, 72.83
2026/09/30 18:22:16.897, 77, 1395, 71.98
2026/09/30 18:22:17.897, 78, 945, 71.44
2026/09/30 18:22:18.897, 77, 1380, 72.03
2026/09/30 18:22:19.898, 77, 1140, 72.02
2026/09/30 18:22:20.898, 78, 1005, 71.89
2026/09/30 18:22:21.898, 78, 1065, 72.53
2026/09/30 18:22:22.898, 77, 1380, 71.26
2026/09/30 18:22:23.898, 77, 1365, 71.53
2026/09/30 18:22:24.898, 78, 1470, 71.90
2026/09/30 18:22:25.899, 78, 1440, 72.15
2026/09/30 18:22:26.899, 78, 1440, 72.15
2026/09/30 18:22:27.899, 79, 990, 71.64
2026/09/30 18:22:28.899, 80, 975, 72.09
2026/09/30 18:22:29.899, 79, 915, 71.57
2026/09/30 18:22:30.899, 78, 1365, 70.84
2026/09/30 18:22:31.899, 78, 1335, 72.01
2026/09/30 18:22:32.900, 78, 1365, 71.89
2026/09/30 18:22:33.901, 78, 1380, 71.90
2026/09/30 18:22:34.901, 78, 1380, 71.87
2026/09/30 18:22:35.901, 78, 1395, 71.90
2026/09/30 18:22:36.901, 79, 1395, 71.92
2026/09/30 18:22:37.901, 79, 1395, 72.02
2026/09/30 18:22:38.902, 79, 1410, 72.05
2026/09/30 18:22:39.902, 79, 1410, 72.10
2026/09/30 18:22:40.902, 79, 1485, 72.12
2026/09/30 18:22:41.902, 79, 1470, 72.13
2026/09/30 18:22:42.902, 79, 1470, 72.05
2026/09/30 18:22:43.902, 79, 1485, 71.99
2026/09/30 18:22:44.903, 79, 1470, 71.93
2026/09/30 18:22:45.903, 79, 1500, 72.02
2026/09/30 18:22:46.903, 79, 1500, 71.76
2026/09/30 18:22:47.903, 80, 1515, 71.74
2026/09/30 18:22:48.903, 80, 1560, 71.68
2026/09/30 18:22:49.903, 80, 1875, 68.42
