timestamp, clocks.current.sm [MHz], clocks.current.memory [MHz], power.draw [W], temperature.gpu, utilization.gpu [%], pstate, clocks_event_reasons.active
2026/09/28 21:13:37.287, 1695 MHz, 6251 MHz, 72.83 W, 62, 0 %, P0, 0x0000000000000000
2026/09/28 21:13:37.393, 1695 MHz, 6251 MHz, 72.83 W, 62, 0 %, P0, 0x0000000000000000
2026/09/28 21:13:37.493, 1695 MHz, 6251 MHz, 65.82 W, 62, 0 %, P0, 0x0000000000000000
2026/09/28 21:13:37.594, 1695 MHz, 6251 MHz, 66.14 W, 61, 66 %, P0, 0x0000000000000000
2026/09/28 21:13:37.697, 1695 MHz, 6251 MHz, 66.16 W, 61, 66 %, P0, 0x0000000000000000
2026/09/28 21:13:37.797, 1695 MHz, 6251 MHz, 66.12 W, 61, 0 %, P0, 0x0000000000000000
2026/09/28 21:13:37.897, 1695 MHz, 6251 MHz, 66.11 W, 61, 0 %, P0, 0x0000000000000000
2026/09/28 21:13:37.997, 1695 MHz, 6251 MHz, 66.06 W, 61, 0 %, P0, 0x0000000000000000
2026/09/28 21:13:38.097, 1695 MHz, 6251 MHz, 66.03 W, 61, 0 %, P0, 0x0000000000000000
2026/09/28 21:13:38.197, 1695 MHz, 6251 MHz, 65.98 W, 61, 0 %, P0, 0x0000000000000000
2026/09/28 21:13:38.297, 1695 MHz, 6251 MHz, 65.95 W, 61, 0 %, P0, 0x0000000000000000
2026/09/28 21:13:38.398, 1695 MHz, 6251 MHz, 65.89 W, 61, 0 %, P0, 0x0000000000000000
2026/09/28 21:13:38.498, 1695 MHz, 6251 MHz, 65.61 W, 61, 0 %, P0, 0x0000000000000000
2026/09/28 21:13:38.598, 1695 MHz, 6251 MHz, 65.61 W, 61, 0 %, P0, 0x0000000000000000
2026/09/28 21:13:38.698, 1695 MHz, 6251 MHz, 65.61 W, 61, 0 %, P0, 0x0000000000000000
2026/09/28 21:13:38.798, 1695 MHz, 6251 MHz, 65.61 W, 61, 0 %, P0, 0x0000000000000000
2026/09/28 21:13:38.898, 1695 MHz, 6251 MHz, 65.61 W, 61, 0 %, P0, 0x0000000000000000
2026/09/28 21:13:38.999, 1695 MHz, 6251 MHz, 65.61 W, 61, 0 %, P0, 0x0000000000000000
2026/09/28 21:13:39.099, 1695 MHz, 6251 MHz, 65.61 W, 61, 0 %, P0, 0x0000000000000000
2026/09/28 21:13:39.199, 1695 MHz, 6251 MHz, 65.61 W, 61, 0 %, P0, 0x0000000000000000
2026/09/28 21:13:39.299, 1695 MHz, 6251 MHz, 65.61 W, 61, 0 %, P0, 0x0000000000000000
2026/09/28 21:13:39.399, 1695 MHz, 6251 MHz, 65.61 W, 61, 0 %, P0, 0x0000000000000001
2026/09/28 21:13:39.499, 345 MHz, 6251 MHz, 45.98 W, 60, 0 %, P0, 0x0000000000000001
2026/09/28 21:13:39.600, 345 MHz, 6251 MHz, 45.98 W, 60, 0 %, P0, 0x0000000000000001
2026/09/28 21:13:39.700, 345 MHz, 6251 MHz, 45.98 W, 60, 0 %, P0, 0x0000000000000001
2026/09/28 21:13:39.800, 345 MHz, 6251 MHz, 45.98 W, 60, 0 %, P0, 0x0000000000000001
2026/09/28 21:13:39.900, 345 MHz, 6251 MHz, 45.98 W, 60, 0 %, P0, 0x0000000000000001
2026/09/28 21:13:40.000, 345 MHz, 6251 MHz, 45.98 W, 60, 0 %, P0, 0x0000000000000001
2026/09/28 21:13:40.100, 345 MHz, 6251 MHz, 45.98 W, 60, 0 %, P0, 0x0000000000000001
2026/09/28 21:13:40.201, 345 MHz, 6251 MHz, 45.98 W, 60, 0 %, P0, 0x0000000000000001
2026/09/28 21:13:40.301, 345 MHz, 6251 MHz, 45.98 W, 60, 0 %, P0, 0x0000000000000001
2026/09/28 21:13:40.401, 345 MHz, 6251 MHz, 45.98 W, 60, 0 %, P0, 0x0000000000000001
2026/09/28 21:13:40.501, 225 MHz, 6251 MHz, 43.70 W, 59, 0 %, P0, 0x0000000000000001
2026/09/28 21:13:40.601, 225 MHz, 6251 MHz, 43.70 W, 59, 0 %, P0, 0x0000000000000001
2026/09/28 21:13:40.701, 225 MHz, 6251 MHz, 43.70 W, 59, 0 %, P0, 0x0000000000000001
2026/09/28 21:13:40.802, 225 MHz, 6251 MHz, 43.70 W, 59, 0 %, P0, 0x0000000000000001
2026/09/28 21:13:40.902, 225 MHz, 6251 MHz, 43.70 W, 59, 0 %, P0, 0x0000000000000001
2026/09/28 21:13:41.002, 225 MHz, 6251 MHz, 43.70 W, 59, 0 %, P0, 0x0000000000000001
2026/09/28 21:13:41.102, 225 MHz, 6251 MHz, 43.70 W, 59, 0 %, P0, 0x0000000000000001
2026/09/28 21:13:41.202, 225 MHz, 6251 MHz, 43.70 W, 59, 0 %, P0, 0x0000000000000001
2026/09/28 21:13:41.302, 225 MHz, 6251 MHz, 43.70 W, 59, 0 %, P0, 0x0000000000000001
2026/09/28 21:13:41.402, 225 MHz, 6251 MHz, 43.70 W, 59, 0 %, P0, 0x0000000000000001
2026/09/28 21:13:41.503, 210 MHz, 6251 MHz, 43.51 W, 58, 0 %, P0, 0x0000000000000001
2026/09/28 21:13:41.603, 930 MHz, 6251 MHz, 43.71 W, 58, 0 %, P0, 0x0000000000000001
2026/09/28 21:13:41.703, 930 MHz, 6251 MHz, 43.78 W, 58, 0 %, P0, 0x0000000000000001
2026/09/28 21:13:41.803, 930 MHz, 6251 MHz, 43.85 W, 58, 0 %, P0, 0x0000000000000001
2026/09/28 21:13:41.903, 930 MHz, 6251 MHz, 43.89 W, 58, 0 %, P0, 0x0000000000000001
2026/09/28 21:13:42.003, 210 MHz, 6251 MHz, 43.94 W, 58, 0 %, P0, 0x0000000000000001
2026/09/28 21:13:42.104, 210 MHz, 6251 MHz, 43.88 W, 58, 0 %, P0, 0x0000000000000001
2026/09/28 21:13:42.204, 1695 MHz, 6251 MHz, 43.83 W, 58, 0 %, P0, 0x0000000000000000
2026/09/28 21:13:42.304, 1695 MHz, 6251 MHz, 45.20 W, 58, 0 %, P0, 0x0000000000000000
2026/09/28 21:13:42.404, 1695 MHz, 6251 MHz, 46.15 W, 59, 2 %, P0, 0x0000000000000000
2026/09/28 21:13:42.504, 1695 MHz, 6251 MHz, 47.01 W, 59, 2 %, P0, 0x0000000000000000
2026/09/28 21:13:42.604, 1695 MHz, 6251 MHz, 51.46 W, 59, 0 %, P0, 0x0000000000000000
2026/09/28 21:13:42.706, 1695 MHz, 6251 MHz, 53.31 W, 59, 0 %, P0, 0x0000000000000000
2026/09/28 21:13:42.806, 1695 MHz, 6251 MHz, 55.01 W, 59, 0 %, P0, 0x0000000000000000
2026/09/28 21:13:42.906, 1695 MHz, 6251 MHz, 56.74 W, 59, 0 %, P0, 0x0000000000000000
2026/09/28 21:13:43.006, 1695 MHz, 6251 MHz, 58.45 W, 59, 0 %, P0, 0x0000000000000000
2026/09/28 21:13:43.106, 1695 MHz, 6251 MHz, 60.19 W, 59, 0 %, P0, 0x0000000000000000
2026/09/28 21:13:43.206, 1695 MHz, 6251 MHz, 62.02 W, 59, 0 %, P0, 0x0000000000000000
2026/09/28 21:13:43.307, 1695 MHz, 6251 MHz, 64.09 W, 59, 0 %, P0, 0x0000000000000000
2026/09/28 21:13:43.407, 1695 MHz, 6251 MHz, 63.85 W, 59, 30 %, P0, 0x0000000000000000
2026/09/28 21:13:43.507, 1695 MHz, 6251 MHz, 64.05 W, 59, 30 %, P0, 0x0000000000000000
2026/09/28 21:13:43.607, 1695 MHz, 6251 MHz, 64.32 W, 59, 27 %, P0, 0x0000000000000000
2026/09/28 21:13:43.707, 1695 MHz, 6251 MHz, 64.55 W, 59, 27 %, P0, 0x0000000000000000
2026/09/28 21:13:43.807, 1695 MHz, 6251 MHz, 64.75 W, 59, 28 %, P0, 0x0000000000000000
2026/09/28 21:13:43.908, 1695 MHz, 6251 MHz, 64.74 W, 59, 28 %, P0, 0x0000000000000000
2026/09/28 21:13:44.008, 1695 MHz, 6251 MHz, 64.99 W, 59, 29 %, P0, 0x0000000000000000
2026/09/28 21:13:44.108, 1695 MHz, 6251 MHz, 65.21 W, 59, 29 %, P0, 0x0000000000000000
2026/09/28 21:13:44.208, 1695 MHz, 6251 MHz, 65.38 W, 59, 30 %, P0, 0x0000000000000000
2026/09/28 21:13:44.308, 1695 MHz, 6251 MHz, 65.60 W, 59, 30 %, P0, 0x0000000000000000
2026/09/28 21:13:44.408, 1695 MHz, 6251 MHz, 65.58 W, 59, 30 %, P0, 0x0000000000000000
2026/09/28 21:13:44.509, 1695 MHz, 6251 MHz, 65.38 W, 59, 30 %, P0, 0x0000000000000000
2026/09/28 21:13:44.609, 1695 MHz, 6251 MHz, 65.46 W, 59, 29 %, P0, 0x0000000000000000
2026/09/28 21:13:44.709, 1695 MHz, 6251 MHz, 65.44 W, 59, 29 %, P0, 0x0000000000000000
2026/09/28 21:13:44.809, 1695 MHz, 6251 MHz, 65.39 W, 58, 30 %, P0, 0x0000000000000000
2026/09/28 21:13:44.909, 1695 MHz, 6251 MHz, 65.38 W, 59, 30 %, P0, 0x0000000000000000
2026/09/28 21:13:45.009, 1695 MHz, 6251 MHz, 65.57 W, 58, 30 %, P0, 0x0000000000000000
2026/09/28 21:13:45.110, 1695 MHz, 6251 MHz, 65.29 W, 58, 30 %, P0, 0x0000000000000000
2026/09/28 21:13:45.210, 1695 MHz, 6251 MHz, 65.37 W, 58, 29 %, P0, 0x0000000000000000
2026/09/28 21:13:45.310, 1695 MHz, 6251 MHz, 65.40 W, 58, 29 %, P0, 0x0000000000000000
2026/09/28 21:13:45.410, 1695 MHz, 6251 MHz, 65.44 W, 58, 30 %, P0, 0x0000000000000000
2026/09/28 21:13:45.510, 1695 MHz, 6251 MHz, 65.42 W, 58, 30 %, P0, 0x0000000000000000
2026/09/28 21:13:45.611, 1695 MHz, 6251 MHz, 65.45 W, 58, 23 %, P0, 0x0000000000000000
2026/09/28 21:13:45.711, 1695 MHz, 6251 MHz, 65.39 W, 58, 23 %, P0, 0x0000000000000000
2026/09/28 21:13:45.811, 1695 MHz, 6251 MHz, 65.30 W, 58, 28 %, P0, 0x0000000000000000
2026/09/28 21:13:45.911, 1695 MHz, 6251 MHz, 65.12 W, 58, 28 %, P0, 0x0000000000000000
2026/09/28 21:13:46.011, 1695 MHz, 6251 MHz, 64.89 W, 58, 0 %, P0, 0x0000000000000000
2026/09/28 21:13:46.111, 1695 MHz, 6251 MHz, 64.70 W, 58, 0 %, P0, 0x0000000000000000
2026/09/28 21:13:46.211, 1695 MHz, 6251 MHz, 64.69 W, 58, 0 %, P0, 0x0000000000000000
2026/09/28 21:13:46.312, 1695 MHz, 6251 MHz, 64.13 W, 58, 0 %, P0, 0x0000000000000000
2026/09/28 21:13:46.412, 1695 MHz, 6251 MHz, 63.87 W, 58, 0 %, P0, 0x0000000000000000
2026/09/28 21:13:46.512, 1695 MHz, 6251 MHz, 63.65 W, 58, 0 %, P0, 0x0000000000000000
2026/09/28 21:13:46.612, 1695 MHz, 6251 MHz, 63.60 W, 58, 0 %, P0, 0x0000000000000000
2026/09/28 21:13:46.712, 1695 MHz, 6251 MHz, 63.36 W, 58, 0 %, P0, 0x0000000000000000
2026/09/28 21:13:46.812, 1695 MHz, 6251 MHz, 63.36 W, 58, 0 %, P0, 0x0000000000000000
2026/09/28 21:13:46.913, 1695 MHz, 6251 MHz, 63.36 W, 58, 0 %, P0, 0x0000000000000000
2026/09/28 21:13:47.013, 1695 MHz, 6251 MHz, 63.36 W, 58, 0 %, P0, 0x0000000000000000
2026/09/28 21:13:47.113, 1695 MHz, 6251 MHz, 63.19 W, 58, 0 %, P0, 0x0000000000000000
2026/09/28 21:13:47.213, 1695 MHz, 6251 MHz, 63.18 W, 58, 0 %, P0, 0x0000000000000000
2026/09/28 21:13:47.313, 1695 MHz, 6251 MHz, 63.19 W, 58, 2 %, P0, 0x0000000000000000
2026/09/28 21:13:47.413, 1680 MHz, 6251 MHz, 68.90 W, 59, 2 %, P0, 0x0000000000000000
2026/09/28 21:13:47.514, 1680 MHz, 6251 MHz, 75.35 W, 60, 45 %, P0, 0x0000000000000004
2026/09/28 21:13:47.614, 1590 MHz, 6251 MHz, 75.29 W, 58, 45 %, P0, 0x0000000000000004
2026/09/28 21:13:47.714, 1560 MHz, 6251 MHz, 84.46 W, 60, 68 %, P0, 0x0000000000000004
2026/09/28 21:13:47.814, 1560 MHz, 6251 MHz, 90.60 W, 60, 68 %, P0, 0x0000000000000004
2026/09/28 21:13:47.914, 1560 MHz, 6251 MHz, 95.83 W, 61, 94 %, P0, 0x0000000000000004
2026/09/28 21:13:48.015, 1560 MHz, 6251 MHz, 100.81 W, 61, 94 %, P0, 0x0000000000000004
2026/09/28 21:13:48.115, 1545 MHz, 6251 MHz, 104.66 W, 61, 94 %, P0, 0x0000000000000004
2026/09/28 21:13:48.219, 1650 MHz, 6251 MHz, 127.06 W, 61, 94 %, P0, 0x0000000000000004
2026/09/28 21:13:48.319, 1560 MHz, 6251 MHz, 131.77 W, 61, 82 %, P0, 0x0000000000000004
2026/09/28 21:13:48.419, 1680 MHz, 6251 MHz, 139.71 W, 61, 82 %, P0, 0x0000000000000004
2026/09/28 21:13:48.519, 1230 MHz, 6251 MHz, 134.00 W, 60, 11 %, P0, 0x0000000000000004
2026/09/28 21:13:48.619, 1245 MHz, 6251 MHz, 136.16 W, 61, 11 %, P0, 0x0000000000000004
2026/09/28 21:13:48.719, 1335 MHz, 6251 MHz, 144.47 W, 61, 98 %, P0, 0x0000000000000004
2026/09/28 21:13:48.820, 1365 MHz, 6251 MHz, 143.53 W, 61, 98 %, P0, 0x0000000000000004
2026/09/28 21:13:48.920, 1245 MHz, 6251 MHz, 145.19 W, 62, 90 %, P0, 0x0000000000000004
2026/09/28 21:13:49.020, 1185 MHz, 6251 MHz, 144.28 W, 62, 90 %, P0, 0x0000000000000004
2026/09/28 21:13:49.120, 1185 MHz, 6251 MHz, 143.70 W, 62, 99 %, P0, 0x0000000000000004
2026/09/28 21:13:49.220, 1185 MHz, 6251 MHz, 143.41 W, 62, 99 %, P0, 0x0000000000000004
2026/09/28 21:13:49.320, 915 MHz, 6251 MHz, 143.66 W, 62, 100 %, P0, 0x0000000000000004
2026/09/28 21:13:49.421, 1185 MHz, 6251 MHz, 141.24 W, 61, 100 %, P0, 0x0000000000000004
2026/09/28 21:13:49.521, 1185 MHz, 6251 MHz, 141.10 W, 62, 100 %, P0, 0x0000000000000004
2026/09/28 21:13:49.621, 1185 MHz, 6251 MHz, 148.96 W, 62, 100 %, P0, 0x0000000000000004
2026/09/28 21:13:49.721, 1185 MHz, 6251 MHz, 148.26 W, 62, 100 %, P0, 0x0000000000000004
2026/09/28 21:13:49.821, 1290 MHz, 6251 MHz, 148.39 W, 62, 100 %, P0, 0x0000000000000004
2026/09/28 21:13:49.922, 1185 MHz, 6251 MHz, 148.61 W, 62, 95 %, P0, 0x0000000000000004
2026/09/28 21:13:50.022, 1185 MHz, 6251 MHz, 148.99 W, 62, 95 %, P0, 0x0000000000000004
2026/09/28 21:13:50.122, 1215 MHz, 6251 MHz, 149.89 W, 62, 96 %, P0, 0x0000000000000004
2026/09/28 21:13:50.222, 1125 MHz, 6251 MHz, 150.29 W, 62, 96 %, P0, 0x0000000000000004
2026/09/28 21:13:50.322, 1140 MHz, 6251 MHz, 147.06 W, 62, 95 %, P0, 0x0000000000000004
2026/09/28 21:13:50.422, 1170 MHz, 6251 MHz, 146.54 W, 62, 95 %, P0, 0x0000000000000004
2026/09/28 21:13:50.523, 1170 MHz, 6251 MHz, 148.72 W, 62, 99 %, P0, 0x0000000000000004
2026/09/28 21:13:50.623, 1185 MHz, 6251 MHz, 148.75 W, 62, 99 %, P0, 0x0000000000000004
2026/09/28 21:13:50.723, 1170 MHz, 6251 MHz, 149.02 W, 62, 100 %, P0, 0x0000000000000004
2026/09/28 21:13:50.823, 1170 MHz, 6251 MHz, 148.94 W, 63, 100 %, P0, 0x0000000000000004
2026/09/28 21:13:50.923, 1185 MHz, 6251 MHz, 148.55 W, 62, 100 %, P0, 0x0000000000000004
2026/09/28 21:13:51.023, 1185 MHz, 6251 MHz, 148.15 W, 63, 100 %, P0, 0x0000000000000004
2026/09/28 21:13:51.124, 1140 MHz, 6251 MHz, 148.10 W, 63, 100 %, P0, 0x0000000000000004
2026/09/28 21:13:51.224, 1155 MHz, 6251 MHz, 147.41 W, 63, 100 %, P0, 0x0000000000000004
2026/09/28 21:13:51.324, 1155 MHz, 6251 MHz, 146.23 W, 63, 100 %, P0, 0x0000000000000004
2026/09/28 21:13:51.424, 1140 MHz, 6251 MHz, 149.04 W, 63, 100 %, P0, 0x0000000000000004
2026/09/28 21:13:51.524, 1170 MHz, 6251 MHz, 148.80 W, 63, 100 %, P0, 0x0000000000000004
2026/09/28 21:13:51.624, 1170 MHz, 6251 MHz, 148.86 W, 63, 100 %, P0, 0x0000000000000004
2026/09/28 21:13:51.725, 1215 MHz, 6251 MHz, 148.88 W, 63, 100 %, P0, 0x0000000000000004
2026/09/28 21:13:51.825, 1170 MHz, 6251 MHz, 149.24 W, 63, 100 %, P0, 0x0000000000000004
2026/09/28 21:13:51.925, 1170 MHz, 6251 MHz, 149.24 W, 63, 100 %, P0, 0x0000000000000004
2026/09/28 21:13:52.025, 1185 MHz, 6251 MHz, 149.21 W, 63, 100 %, P0, 0x0000000000000004
2026/09/28 21:13:52.125, 1155 MHz, 6251 MHz, 149.55 W, 63, 96 %, P0, 0x0000000000000004
2026/09/28 21:13:52.225, 1245 MHz, 6251 MHz, 148.99 W, 63, 96 %, P0, 0x0000000000000004
2026/09/28 21:13:52.326, 1140 MHz, 6251 MHz, 149.27 W, 63, 97 %, P0, 0x0000000000000004
2026/09/28 21:13:52.426, 1170 MHz, 6251 MHz, 149.23 W, 63, 97 %, P0, 0x0000000000000004
2026/09/28 21:13:52.526, 1215 MHz, 6251 MHz, 149.50 W, 63, 100 %, P0, 0x0000000000000004
2026/09/28 21:13:52.626, 1170 MHz, 6251 MHz, 150.72 W, 63, 100 %, P0, 0x0000000000000004
2026/09/28 21:13:52.726, 1170 MHz, 6251 MHz, 150.68 W, 63, 100 %, P0, 0x0000000000000004
2026/09/28 21:13:52.826, 1155 MHz, 6251 MHz, 150.79 W, 63, 100 %, P0, 0x0000000000000004
2026/09/28 21:13:52.927, 1170 MHz, 6251 MHz, 150.16 W, 63, 96 %, P0, 0x0000000000000004
2026/09/28 21:13:53.027, 1215 MHz, 6251 MHz, 150.30 W, 63, 96 %, P0, 0x0000000000000004
2026/09/28 21:13:53.127, 1110 MHz, 6251 MHz, 151.02 W, 63, 99 %, P0, 0x0000000000000004
2026/09/28 21:13:53.227, 1125 MHz, 6251 MHz, 149.88 W, 63, 99 %, P0, 0x0000000000000004
2026/09/28 21:13:53.327, 1110 MHz, 6251 MHz, 149.90 W, 63, 100 %, P0, 0x0000000000000004
2026/09/28 21:13:53.427, 1125 MHz, 6251 MHz, 150.10 W, 63, 100 %, P0, 0x0000000000000004
2026/09/28 21:13:53.528, 1125 MHz, 6251 MHz, 150.41 W, 63, 100 %, P0, 0x0000000000000004
2026/09/28 21:13:53.628, 1110 MHz, 6251 MHz, 150.20 W, 63, 100 %, P0, 0x0000000000000004
2026/09/28 21:13:53.728, 1155 MHz, 6251 MHz, 149.58 W, 63, 100 %, P0, 0x0000000000000004
2026/09/28 21:13:53.828, 1155 MHz, 6251 MHz, 150.24 W, 63, 100 %, P0, 0x0000000000000004
2026/09/28 21:13:53.928, 1140 MHz, 6251 MHz, 150.52 W, 63, 100 %, P0, 0x0000000000000004
2026/09/28 21:13:54.028, 1140 MHz, 6251 MHz, 150.57 W, 63, 100 %, P0, 0x0000000000000004
2026/09/28 21:13:54.129, 1125 MHz, 6251 MHz, 150.25 W, 63, 100 %, P0, 0x0000000000000004
2026/09/28 21:13:54.229, 1140 MHz, 6251 MHz, 149.89 W, 64, 100 %, P0, 0x0000000000000004
2026/09/28 21:13:54.329, 1140 MHz, 6251 MHz, 150.62 W, 63, 100 %, P0, 0x0000000000000004
2026/09/28 21:13:54.429, 1125 MHz, 6251 MHz, 150.76 W, 64, 100 %, P0, 0x0000000000000004
2026/09/28 21:13:54.529, 1110 MHz, 6251 MHz, 150.34 W, 64, 100 %, P0, 0x0000000000000004
2026/09/28 21:13:54.629, 1155 MHz, 6251 MHz, 150.43 W, 64, 100 %, P0, 0x0000000000000004
2026/09/28 21:13:54.730, 1140 MHz, 6251 MHz, 151.05 W, 64, 100 %, P0, 0x0000000000000004
2026/09/28 21:13:54.830, 1140 MHz, 6251 MHz, 150.90 W, 64, 100 %, P0, 0x0000000000000004
2026/09/28 21:13:54.930, 1140 MHz, 6251 MHz, 150.06 W, 64, 100 %, P0, 0x0000000000000004
2026/09/28 21:13:55.030, 1140 MHz, 6251 MHz, 149.73 W, 64, 100 %, P0, 0x0000000000000004
2026/09/28 21:13:55.130, 1110 MHz, 6251 MHz, 150.00 W, 64, 100 %, P0, 0x0000000000000004
2026/09/28 21:13:55.230, 1125 MHz, 6251 MHz, 150.26 W, 64, 100 %, P0, 0x0000000000000004
2026/09/28 21:13:55.331, 1110 MHz, 6251 MHz, 149.42 W, 64, 100 %, P0, 0x0000000000000004
2026/09/28 21:13:55.431, 1125 MHz, 6251 MHz, 149.42 W, 64, 100 %, P0, 0x0000000000000004
2026/09/28 21:13:55.531, 1140 MHz, 6251 MHz, 149.70 W, 64, 100 %, P0, 0x0000000000000004
2026/09/28 21:13:55.631, 1125 MHz, 6251 MHz, 149.78 W, 64, 100 %, P0, 0x0000000000000004
2026/09/28 21:13:55.731, 1140 MHz, 6251 MHz, 150.19 W, 64, 100 %, P0, 0x0000000000000004
2026/09/28 21:13:55.831, 1140 MHz, 6251 MHz, 150.54 W, 64, 100 %, P0, 0x0000000000000004
2026/09/28 21:13:55.932, 1155 MHz, 6251 MHz, 150.97 W, 64, 100 %, P0, 0x0000000000000004
2026/09/28 21:13:56.032, 1140 MHz, 6251 MHz, 150.77 W, 64, 100 %, P0, 0x0000000000000004
2026/09/28 21:13:56.132, 1110 MHz, 6251 MHz, 150.19 W, 64, 100 %, P0, 0x0000000000000004
2026/09/28 21:13:56.232, 1230 MHz, 6251 MHz, 150.33 W, 64, 100 %, P0, 0x0000000000000004
2026/09/28 21:13:56.332, 1125 MHz, 6251 MHz, 150.35 W, 64, 97 %, P0, 0x0000000000000004
2026/09/28 21:13:56.432, 1125 MHz, 6251 MHz, 150.25 W, 64, 97 %, P0, 0x0000000000000004
2026/09/28 21:13:56.533, 1140 MHz, 6251 MHz, 150.52 W, 64, 100 %, P0, 0x0000000000000004
2026/09/28 21:13:56.633, 1140 MHz, 6251 MHz, 150.61 W, 64, 100 %, P0, 0x0000000000000004
2026/09/28 21:13:56.733, 1125 MHz, 6251 MHz, 150.86 W, 64, 100 %, P0, 0x0000000000000004
2026/09/28 21:13:56.833, 1110 MHz, 6251 MHz, 150.24 W, 64, 100 %, P0, 0x0000000000000004
2026/09/28 21:13:56.933, 1140 MHz, 6251 MHz, 150.13 W, 64, 96 %, P0, 0x0000000000000004
2026/09/28 21:13:57.033, 1125 MHz, 6251 MHz, 149.49 W, 64, 96 %, P0, 0x0000000000000004
2026/09/28 21:13:57.134, 1110 MHz, 6251 MHz, 149.22 W, 64, 100 %, P0, 0x0000000000000004
2026/09/28 21:13:57.234, 1140 MHz, 6251 MHz, 149.80 W, 64, 100 %, P0, 0x0000000000000004
2026/09/28 21:13:57.334, 1155 MHz, 6251 MHz, 149.58 W, 64, 100 %, P0, 0x0000000000000004
2026/09/28 21:13:57.434, 1125 MHz, 6251 MHz, 149.71 W, 64, 100 %, P0, 0x0000000000000004
2026/09/28 21:13:57.534, 1140 MHz, 6251 MHz, 150.14 W, 64, 100 %, P0, 0x0000000000000004
2026/09/28 21:13:57.635, 1125 MHz, 6251 MHz, 149.88 W, 64, 100 %, P0, 0x0000000000000004
2026/09/28 21:13:57.735, 1140 MHz, 6251 MHz, 149.55 W, 64, 100 %, P0, 0x0000000000000004
2026/09/28 21:13:57.835, 1125 MHz, 6251 MHz, 148.99 W, 64, 100 %, P0, 0x0000000000000004
2026/09/28 21:13:57.935, 1125 MHz, 6251 MHz, 148.94 W, 64, 97 %, P0, 0x0000000000000004
2026/09/28 21:13:58.035, 1125 MHz, 6251 MHz, 148.67 W, 64, 97 %, P0, 0x0000000000000004
2026/09/28 21:13:58.135, 1110 MHz, 6251 MHz, 148.64 W, 64, 100 %, P0, 0x0000000000000004
2026/09/28 21:13:58.236, 1140 MHz, 6251 MHz, 149.36 W, 64, 100 %, P0, 0x0000000000000004
2026/09/28 21:13:58.336, 1125 MHz, 6251 MHz, 149.19 W, 64, 100 %, P0, 0x0000000000000004
2026/09/28 21:13:58.436, 1110 MHz, 6251 MHz, 149.27 W, 65, 100 %, P0, 0x0000000000000004
2026/09/28 21:13:58.536, 1140 MHz, 6251 MHz, 149.88 W, 64, 99 %, P0, 0x0000000000000004
2026/09/28 21:13:58.636, 1125 MHz, 6251 MHz, 149.30 W, 65, 99 %, P0, 0x0000000000000004
2026/09/28 21:13:58.736, 1125 MHz, 6251 MHz, 149.57 W, 65, 100 %, P0, 0x0000000000000004
2026/09/28 21:13:58.837, 1125 MHz, 6251 MHz, 149.61 W, 65, 100 %, P0, 0x0000000000000004
2026/09/28 21:13:58.937, 1110 MHz, 6251 MHz, 149.83 W, 65, 100 %, P0, 0x0000000000000004
2026/09/28 21:13:59.037, 1125 MHz, 6251 MHz, 149.81 W, 65, 100 %, P0, 0x0000000000000004
2026/09/28 21:13:59.137, 1125 MHz, 6251 MHz, 149.98 W, 65, 100 %, P0, 0x0000000000000004
2026/09/28 21:13:59.237, 1080 MHz, 6251 MHz, 149.88 W, 65, 100 %, P0, 0x0000000000000004
2026/09/28 21:13:59.337, 1140 MHz, 6251 MHz, 149.92 W, 65, 100 %, P0, 0x0000000000000004
2026/09/28 21:13:59.438, 1095 MHz, 6251 MHz, 149.40 W, 65, 100 %, P0, 0x0000000000000004
2026/09/28 21:13:59.538, 1125 MHz, 6251 MHz, 149.16 W, 65, 100 %, P0, 0x0000000000000004
2026/09/28 21:13:59.638, 1125 MHz, 6251 MHz, 149.06 W, 65, 100 %, P0, 0x0000000000000004
2026/09/28 21:13:59.738, 1140 MHz, 6251 MHz, 149.59 W, 65, 100 %, P0, 0x0000000000000004
2026/09/28 21:13:59.838, 1110 MHz, 6251 MHz, 148.75 W, 65, 100 %, P0, 0x0000000000000004
2026/09/28 21:13:59.938, 1125 MHz, 6251 MHz, 148.79 W, 65, 100 %, P0, 0x0000000000000004
2026/09/28 21:14:00.039, 1110 MHz, 6251 MHz, 149.17 W, 65, 100 %, P0, 0x0000000000000004
2026/09/28 21:14:00.139, 1080 MHz, 6251 MHz, 148.51 W, 65, 100 %, P0, 0x0000000000000004
2026/09/28 21:14:00.239, 1140 MHz, 6251 MHz, 148.71 W, 65, 100 %, P0, 0x0000000000000004
2026/09/28 21:14:00.339, 1125 MHz, 6251 MHz, 149.18 W, 65, 100 %, P0, 0x0000000000000004
2026/09/28 21:14:00.439, 1080 MHz, 6251 MHz, 148.15 W, 65, 100 %, P0, 0x0000000000000004
2026/09/28 21:14:00.539, 1155 MHz, 6251 MHz, 148.59 W, 65, 99 %, P0, 0x0000000000000004
2026/09/28 21:14:00.640, 1140 MHz, 6251 MHz, 149.10 W, 65, 99 %, P0, 0x0000000000000004
2026/09/28 21:14:00.740, 1110 MHz, 6251 MHz, 148.18 W, 65, 100 %, P0, 0x0000000000000004
2026/09/28 21:14:00.840, 1140 MHz, 6251 MHz, 148.38 W, 65, 100 %, P0, 0x0000000000000004
2026/09/28 21:14:00.940, 1125 MHz, 6251 MHz, 149.04 W, 65, 100 %, P0, 0x0000000000000004
2026/09/28 21:14:01.040, 1110 MHz, 6251 MHz, 148.31 W, 65, 100 %, P0, 0x0000000000000004
2026/09/28 21:14:01.140, 1110 MHz, 6251 MHz, 148.87 W, 65, 100 %, P0, 0x0000000000000004
2026/09/28 21:14:01.241, 1140 MHz, 6251 MHz, 149.71 W, 65, 100 %, P0, 0x0000000000000004
2026/09/28 21:14:01.341, 1095 MHz, 6251 MHz, 148.99 W, 65, 100 %, P0, 0x0000000000000004
2026/09/28 21:14:01.441, 1125 MHz, 6251 MHz, 149.19 W, 65, 100 %, P0, 0x0000000000000004
2026/09/28 21:14:01.541, 1125 MHz, 6251 MHz, 150.12 W, 65, 100 %, P0, 0x0000000000000004
2026/09/28 21:14:01.641, 1110 MHz, 6251 MHz, 149.65 W, 65, 100 %, P0, 0x0000000000000004
2026/09/28 21:14:01.742, 1125 MHz, 6251 MHz, 149.74 W, 65, 100 %, P0, 0x0000000000000004
2026/09/28 21:14:01.842, 1140 MHz, 6251 MHz, 150.66 W, 65, 100 %, P0, 0x0000000000000004
2026/09/28 21:14:01.942, 1125 MHz, 6251 MHz, 149.77 W, 65, 100 %, P0, 0x0000000000000004
2026/09/28 21:14:02.042, 1110 MHz, 6251 MHz, 149.97 W, 65, 100 %, P0, 0x0000000000000004
2026/09/28 21:14:02.142, 1140 MHz, 6251 MHz, 150.71 W, 65, 100 %, P0, 0x0000000000000004
2026/09/28 21:14:02.242, 1110 MHz, 6251 MHz, 149.80 W, 65, 100 %, P0, 0x0000000000000004
2026/09/28 21:14:02.342, 1140 MHz, 6251 MHz, 149.89 W, 65, 100 %, P0, 0x0000000000000004
2026/09/28 21:14:02.443, 1125 MHz, 6251 MHz, 150.48 W, 65, 100 %, P0, 0x0000000000000004
2026/09/28 21:14:02.543, 1110 MHz, 6251 MHz, 150.05 W, 65, 100 %, P0, 0x0000000000000004
2026/09/28 21:14:02.643, 1125 MHz, 6251 MHz, 149.98 W, 65, 100 %, P0, 0x0000000000000004
2026/09/28 21:14:02.743, 1155 MHz, 6251 MHz, 150.80 W, 65, 100 %, P0, 0x0000000000000004
2026/09/28 21:14:02.843, 1110 MHz, 6251 MHz, 149.84 W, 65, 100 %, P0, 0x0000000000000004
2026/09/28 21:14:02.943, 1125 MHz, 6251 MHz, 149.88 W, 66, 100 %, P0, 0x0000000000000004
2026/09/28 21:14:03.044, 1125 MHz, 6251 MHz, 150.35 W, 66, 100 %, P0, 0x0000000000000004
2026/09/28 21:14:03.144, 1110 MHz, 6251 MHz, 149.26 W, 66, 100 %, P0, 0x0000000000000004
2026/09/28 21:14:03.244, 1140 MHz, 6251 MHz, 149.60 W, 66, 100 %, P0, 0x0000000000000004
2026/09/28 21:14:03.344, 1125 MHz, 6251 MHz, 150.25 W, 66, 100 %, P0, 0x0000000000000004
2026/09/28 21:14:03.444, 1110 MHz, 6251 MHz, 149.49 W, 66, 100 %, P0, 0x0000000000000004
2026/09/28 21:14:03.544, 1125 MHz, 6251 MHz, 149.57 W, 66, 100 %, P0, 0x0000000000000004
2026/09/28 21:14:03.645, 1125 MHz, 6251 MHz, 149.75 W, 66, 100 %, P0, 0x0000000000000004
2026/09/28 21:14:03.745, 1080 MHz, 6251 MHz, 149.08 W, 66, 100 %, P0, 0x0000000000000004
2026/09/28 21:14:03.845, 1110 MHz, 6251 MHz, 149.01 W, 66, 100 %, P0, 0x0000000000000004
2026/09/28 21:14:03.945, 1140 MHz, 6251 MHz, 149.98 W, 66, 100 %, P0, 0x0000000000000004
2026/09/28 21:14:04.045, 1065 MHz, 6251 MHz, 148.89 W, 66, 100 %, P0, 0x0000000000000004
2026/09/28 21:14:04.146, 1125 MHz, 6251 MHz, 148.81 W, 66, 100 %, P0, 0x0000000000000004
2026/09/28 21:14:04.246, 1140 MHz, 6251 MHz, 150.20 W, 66, 100 %, P0, 0x0000000000000004
2026/09/28 21:14:04.346, 1110 MHz, 6251 MHz, 149.46 W, 66, 100 %, P0, 0x0000000000000004
2026/09/28 21:14:04.446, 1125 MHz, 6251 MHz, 149.64 W, 66, 100 %, P0, 0x0000000000000004
2026/09/28 21:14:04.546, 1140 MHz, 6251 MHz, 150.18 W, 66, 100 %, P0, 0x0000000000000004
2026/09/28 21:14:04.647, 1080 MHz, 6251 MHz, 149.43 W, 66, 100 %, P0, 0x0000000000000004
2026/09/28 21:14:04.747, 1140 MHz, 6251 MHz, 150.13 W, 66, 100 %, P0, 0x0000000000000004
2026/09/28 21:14:04.847, 1125 MHz, 6251 MHz, 150.72 W, 66, 100 %, P0, 0x0000000000000004
2026/09/28 21:14:04.947, 1080 MHz, 6251 MHz, 149.92 W, 66, 100 %, P0, 0x0000000000000004
2026/09/28 21:14:05.047, 1065 MHz, 6251 MHz, 148.93 W, 66, 100 %, P0, 0x0000000000000004
2026/09/28 21:14:05.148, 1140 MHz, 6251 MHz, 150.04 W, 66, 100 %, P0, 0x0000000000000004
2026/09/28 21:14:05.248, 1110 MHz, 6251 MHz, 149.72 W, 66, 100 %, P0, 0x0000000000000004
2026/09/28 21:14:05.348, 1125 MHz, 6251 MHz, 148.77 W, 66, 100 %, P0, 0x0000000000000004
2026/09/28 21:14:05.448, 1140 MHz, 6251 MHz, 149.46 W, 66, 100 %, P0, 0x0000000000000004
2026/09/28 21:14:05.548, 1095 MHz, 6251 MHz, 148.86 W, 66, 100 %, P0, 0x0000000000000004
2026/09/28 21:14:05.648, 1110 MHz, 6251 MHz, 148.22 W, 66, 100 %, P0, 0x0000000000000004
2026/09/28 21:14:05.749, 1125 MHz, 6251 MHz, 148.98 W, 66, 100 %, P0, 0x0000000000000004
2026/09/28 21:14:05.849, 1110 MHz, 6251 MHz, 148.20 W, 66, 100 %, P0, 0x0000000000000004
2026/09/28 21:14:05.949, 1080 MHz, 6251 MHz, 146.12 W, 66, 96 %, P0, 0x0000000000000004
2026/09/28 21:14:06.049, 1095 MHz, 6251 MHz, 146.36 W, 66, 96 %, P0, 0x0000000000000004
2026/09/28 21:14:06.149, 1125 MHz, 6251 MHz, 147.15 W, 66, 100 %, P0, 0x0000000000000004
2026/09/28 21:14:06.249, 1110 MHz, 6251 MHz, 146.42 W, 66, 100 %, P0, 0x0000000000000004
2026/09/28 21:14:06.350, 1095 MHz, 6251 MHz, 146.52 W, 66, 100 %, P0, 0x0000000000000004
2026/09/28 21:14:06.450, 1140 MHz, 6251 MHz, 147.14 W, 66, 100 %, P0, 0x0000000000000004
2026/09/28 21:14:06.550, 1080 MHz, 6251 MHz, 146.29 W, 66, 100 %, P0, 0x0000000000000004
2026/09/28 21:14:06.650, 1110 MHz, 6251 MHz, 146.26 W, 66, 100 %, P0, 0x0000000000000004
2026/09/28 21:14:06.750, 1140 MHz, 6251 MHz, 147.09 W, 66, 100 %, P0, 0x0000000000000004
2026/09/28 21:14:06.850, 1095 MHz, 6251 MHz, 146.75 W, 66, 100 %, P0, 0x0000000000000004
2026/09/28 21:14:06.951, 1110 MHz, 6251 MHz, 146.66 W, 66, 100 %, P0, 0x0000000000000004
2026/09/28 21:14:07.051, 1200 MHz, 6251 MHz, 148.58 W, 66, 100 %, P0, 0x0000000000000004
2026/09/28 21:14:07.151, 1125 MHz, 6251 MHz, 149.22 W, 66, 100 %, P0, 0x0000000000000004
2026/09/28 21:14:07.251, 1080 MHz, 6251 MHz, 148.59 W, 66, 100 %, P0, 0x0000000000000004
2026/09/28 21:14:07.351, 1140 MHz, 6251 MHz, 149.19 W, 66, 100 %, P0, 0x0000000000000004
2026/09/28 21:14:07.451, 1140 MHz, 6251 MHz, 149.19 W, 66, 100 %, P0, 0x0000000000000004
2026/09/28 21:14:07.552, 1110 MHz, 6251 MHz, 148.93 W, 66, 100 %, P0, 0x0000000000000004
2026/09/28 21:14:07.652, 1125 MHz, 6251 MHz, 149.76 W, 66, 100 %, P0, 0x0000000000000004
2026/09/28 21:14:07.752, 1110 MHz, 6251 MHz, 149.81 W, 66, 100 %, P0, 0x0000000000000004
2026/09/28 21:14:07.852, 1125 MHz, 6251 MHz, 149.05 W, 66, 100 %, P0, 0x0000000000000004
2026/09/28 21:14:07.952, 1125 MHz, 6251 MHz, 149.49 W, 66, 100 %, P0, 0x0000000000000004
2026/09/28 21:14:08.052, 1125 MHz, 6251 MHz, 150.02 W, 66, 100 %, P0, 0x0000000000000004
2026/09/28 21:14:08.153, 1170 MHz, 6251 MHz, 150.34 W, 66, 97 %, P0, 0x0000000000000004
2026/09/28 21:14:08.253, 1125 MHz, 6251 MHz, 149.95 W, 67, 97 %, P0, 0x0000000000000004
2026/09/28 21:14:08.353, 1140 MHz, 6251 MHz, 151.04 W, 67, 100 %, P0, 0x0000000000000004
2026/09/28 21:14:08.453, 1110 MHz, 6251 MHz, 150.31 W, 67, 100 %, P0, 0x0000000000000004
2026/09/28 21:14:08.553, 1125 MHz, 6251 MHz, 150.52 W, 67, 100 %, P0, 0x0000000000000004
2026/09/28 21:14:08.654, 1125 MHz, 6251 MHz, 150.84 W, 67, 100 %, P0, 0x0000000000000004
2026/09/28 21:14:08.754, 1110 MHz, 6251 MHz, 149.84 W, 67, 100 %, P0, 0x0000000000000004
2026/09/28 21:14:08.854, 1125 MHz, 6251 MHz, 150.51 W, 67, 100 %, P0, 0x0000000000000004
2026/09/28 21:14:08.954, 1125 MHz, 6251 MHz, 150.97 W, 67, 100 %, P0, 0x0000000000000004
2026/09/28 21:14:09.054, 1110 MHz, 6251 MHz, 150.13 W, 67, 100 %, P0, 0x0000000000000004
2026/09/28 21:14:09.154, 1125 MHz, 6251 MHz, 150.34 W, 67, 100 %, P0, 0x0000000000000004
2026/09/28 21:14:09.255, 1560 MHz, 6251 MHz, 141.92 W, 67, 100 %, P0, 0x0000000000000004
2026/09/28 21:14:09.355, 1680 MHz, 6251 MHz, 134.43 W, 65, 7 %, P0, 0x0000000000000004
2026/09/28 21:14:09.455, 1680 MHz, 6251 MHz, 126.26 W, 64, 7 %, P0, 0x0000000000000004
2026/09/28 21:14:09.555, 1680 MHz, 6251 MHz, 119.13 W, 64, 7 %, P0, 0x0000000000000004
2026/09/28 21:14:09.655, 1695 MHz, 6251 MHz, 111.25 W, 64, 7 %, P0, 0x0000000000000000
2026/09/28 21:14:09.755, 1695 MHz, 6251 MHz, 103.78 W, 64, 7 %, P0, 0x0000000000000000
2026/09/28 21:14:09.856, 1695 MHz, 6251 MHz, 96.92 W, 64, 7 %, P0, 0x0000000000000000
2026/09/28 21:14:09.956, 1695 MHz, 6251 MHz, 89.09 W, 64, 7 %, P0, 0x0000000000000000
2026/09/28 21:14:10.056, 1695 MHz, 6251 MHz, 81.57 W, 63, 7 %, P0, 0x0000000000000000
2026/09/28 21:14:10.156, 1695 MHz, 6251 MHz, 74.69 W, 63, 7 %, P0, 0x0000000000000000
2026/09/28 21:14:10.256, 1695 MHz, 6251 MHz, 66.76 W, 63, 7 %, P0, 0x0000000000000000
2026/09/28 21:14:10.356, 1695 MHz, 6251 MHz, 67.43 W, 63, 7 %, P0, 0x0000000000000000
2026/09/28 21:14:10.457, 1695 MHz, 6251 MHz, 67.43 W, 63, 7 %, P0, 0x0000000000000000
2026/09/28 21:14:10.557, 1695 MHz, 6251 MHz, 67.45 W, 63, 7 %, P0, 0x0000000000000000
2026/09/28 21:14:10.657, 1695 MHz, 6251 MHz, 67.50 W, 63, 7 %, P0, 0x0000000000000000
2026/09/28 21:14:10.757, 1695 MHz, 6251 MHz, 67.49 W, 63, 7 %, P0, 0x0000000000000000
2026/09/28 21:14:10.857, 1695 MHz, 6251 MHz, 67.44 W, 63, 7 %, P0, 0x0000000000000000
2026/09/28 21:14:10.957, 1695 MHz, 6251 MHz, 67.40 W, 63, 8 %, P0, 0x0000000000000000
2026/09/28 21:14:11.058, 1695 MHz, 6251 MHz, 67.36 W, 63, 8 %, P0, 0x0000000000000000
2026/09/28 21:14:11.158, 1695 MHz, 6251 MHz, 67.32 W, 63, 7 %, P0, 0x0000000000000000
2026/09/28 21:14:11.258, 1695 MHz, 6251 MHz, 67.29 W, 63, 7 %, P0, 0x0000000000000000
2026/09/28 21:14:11.358, 1695 MHz, 6251 MHz, 67.26 W, 63, 7 %, P0, 0x0000000000000000
2026/09/28 21:14:11.458, 1695 MHz, 6251 MHz, 67.24 W, 63, 7 %, P0, 0x0000000000000000
2026/09/28 21:14:11.559, 1695 MHz, 6251 MHz, 67.18 W, 63, 7 %, P0, 0x0000000000000000
2026/09/28 21:14:11.659, 1695 MHz, 6251 MHz, 67.16 W, 63, 7 %, P0, 0x0000000000000000
2026/09/28 21:14:11.759, 1695 MHz, 6251 MHz, 67.12 W, 62, 7 %, P0, 0x0000000000000000
2026/09/28 21:14:11.859, 1695 MHz, 6251 MHz, 67.08 W, 62, 7 %, P0, 0x0000000000000000
2026/09/28 21:14:11.959, 1695 MHz, 6251 MHz, 67.05 W, 62, 7 %, P0, 0x0000000000000000
2026/09/28 21:14:12.059, 1695 MHz, 6251 MHz, 67.03 W, 62, 7 %, P0, 0x0000000000000000
2026/09/28 21:14:12.160, 1695 MHz, 6251 MHz, 67.01 W, 62, 7 %, P0, 0x0000000000000000
2026/09/28 21:14:12.260, 1695 MHz, 6251 MHz, 66.96 W, 62, 7 %, P0, 0x0000000000000000
2026/09/28 21:14:12.360, 1695 MHz, 6251 MHz, 66.93 W, 62, 7 %, P0, 0x0000000000000000
2026/09/28 21:14:12.460, 1695 MHz, 6251 MHz, 66.88 W, 62, 7 %, P0, 0x0000000000000000
2026/09/28 21:14:12.560, 1695 MHz, 6251 MHz, 66.86 W, 62, 7 %, P0, 0x0000000000000000
2026/09/28 21:14:12.661, 1695 MHz, 6251 MHz, 66.83 W, 62, 7 %, P0, 0x0000000000000000
2026/09/28 21:14:12.761, 1695 MHz, 6251 MHz, 66.80 W, 62, 8 %, P0, 0x0000000000000000
2026/09/28 21:14:12.861, 1695 MHz, 6251 MHz, 66.78 W, 62, 8 %, P0, 0x0000000000000000
2026/09/28 21:14:12.961, 1695 MHz, 6251 MHz, 66.75 W, 62, 8 %, P0, 0x0000000000000000
2026/09/28 21:14:13.061, 1695 MHz, 6251 MHz, 66.75 W, 62, 8 %, P0, 0x0000000000000000
2026/09/28 21:14:13.161, 1695 MHz, 6251 MHz, 66.71 W, 62, 8 %, P0, 0x0000000000000000
2026/09/28 21:14:13.262, 1695 MHz, 6251 MHz, 66.68 W, 62, 8 %, P0, 0x0000000000000000
2026/09/28 21:14:13.362, 1695 MHz, 6251 MHz, 66.66 W, 62, 8 %, P0, 0x0000000000000000
2026/09/28 21:14:13.462, 1695 MHz, 6251 MHz, 66.65 W, 62, 8 %, P0, 0x0000000000000000
2026/09/28 21:14:13.562, 1695 MHz, 6251 MHz, 66.63 W, 62, 8 %, P0, 0x0000000000000000
2026/09/28 21:14:13.662, 1695 MHz, 6251 MHz, 66.60 W, 62, 8 %, P0, 0x0000000000000000
2026/09/28 21:14:13.763, 1695 MHz, 6251 MHz, 66.59 W, 62, 8 %, P0, 0x0000000000000000
2026/09/28 21:14:13.863, 1695 MHz, 6251 MHz, 66.58 W, 62, 8 %, P0, 0x0000000000000000
2026/09/28 21:14:13.963, 1695 MHz, 6251 MHz, 66.56 W, 62, 8 %, P0, 0x0000000000000000
2026/09/28 21:14:14.063, 1695 MHz, 6251 MHz, 66.54 W, 62, 8 %, P0, 0x0000000000000000
2026/09/28 21:14:14.163, 1695 MHz, 6251 MHz, 66.49 W, 62, 7 %, P0, 0x0000000000000000
2026/09/28 21:14:14.263, 1695 MHz, 6251 MHz, 66.48 W, 62, 7 %, P0, 0x0000000000000000
2026/09/28 21:14:14.364, 1695 MHz, 6251 MHz, 66.47 W, 62, 7 %, P0, 0x0000000000000000
2026/09/28 21:14:14.464, 1695 MHz, 6251 MHz, 66.46 W, 62, 7 %, P0, 0x0000000000000000
2026/09/28 21:14:14.564, 1695 MHz, 6251 MHz, 66.42 W, 61, 7 %, P0, 0x0000000000000000
2026/09/28 21:14:14.664, 1695 MHz, 6251 MHz, 66.41 W, 61, 7 %, P0, 0x0000000000000000
2026/09/28 21:14:14.764, 1695 MHz, 6251 MHz, 66.39 W, 61, 7 %, P0, 0x0000000000000000
2026/09/28 21:14:14.864, 1695 MHz, 6251 MHz, 66.32 W, 61, 7 %, P0, 0x0000000000000000
2026/09/28 21:14:14.965, 1695 MHz, 6251 MHz, 66.25 W, 61, 7 %, P0, 0x0000000000000000
2026/09/28 21:14:15.065, 1695 MHz, 6251 MHz, 66.18 W, 61, 7 %, P0, 0x0000000000000000
2026/09/28 21:14:15.165, 1695 MHz, 6251 MHz, 66.11 W, 61, 7 %, P0, 0x0000000000000000
2026/09/28 21:14:15.265, 1695 MHz, 6251 MHz, 66.07 W, 61, 7 %, P0, 0x0000000000000000
2026/09/28 21:14:15.365, 1695 MHz, 6251 MHz, 66.01 W, 61, 7 %, P0, 0x0000000000000000
2026/09/28 21:14:15.465, 1695 MHz, 6251 MHz, 65.93 W, 61, 7 %, P0, 0x0000000000000000
2026/09/28 21:14:15.566, 1695 MHz, 6251 MHz, 65.86 W, 61, 7 %, P0, 0x0000000000000000
2026/09/28 21:14:15.666, 1695 MHz, 6251 MHz, 65.80 W, 61, 7 %, P0, 0x0000000000000000
2026/09/28 21:14:15.766, 1695 MHz, 6251 MHz, 65.73 W, 61, 7 %, P0, 0x0000000000000000
2026/09/28 21:14:15.866, 1695 MHz, 6251 MHz, 65.68 W, 61, 7 %, P0, 0x0000000000000000
2026/09/28 21:14:15.966, 1695 MHz, 6251 MHz, 65.64 W, 61, 7 %, P0, 0x0000000000000000
2026/09/28 21:14:16.066, 1695 MHz, 6251 MHz, 65.64 W, 61, 7 %, P0, 0x0000000000000000
2026/09/28 21:14:16.167, 1695 MHz, 6251 MHz, 65.63 W, 61, 7 %, P0, 0x0000000000000000
2026/09/28 21:14:16.267, 1695 MHz, 6251 MHz, 65.61 W, 61, 7 %, P0, 0x0000000000000000
2026/09/28 21:14:16.367, 1695 MHz, 6251 MHz, 65.57 W, 61, 7 %, P0, 0x0000000000000000
2026/09/28 21:14:16.467, 1695 MHz, 6251 MHz, 65.55 W, 61, 7 %, P0, 0x0000000000000000
2026/09/28 21:14:16.567, 1695 MHz, 6251 MHz, 65.54 W, 61, 7 %, P0, 0x0000000000000000
2026/09/28 21:14:16.667, 1695 MHz, 6251 MHz, 65.52 W, 61, 7 %, P0, 0x0000000000000000
2026/09/28 21:14:16.768, 1695 MHz, 6251 MHz, 65.49 W, 61, 7 %, P0, 0x0000000000000000
2026/09/28 21:14:16.868, 1695 MHz, 6251 MHz, 65.47 W, 61, 7 %, P0, 0x0000000000000000
2026/09/28 21:14:16.968, 1695 MHz, 6251 MHz, 65.45 W, 61, 7 %, P0, 0x0000000000000000
2026/09/28 21:14:17.068, 1695 MHz, 6251 MHz, 65.41 W, 61, 7 %, P0, 0x0000000000000000
2026/09/28 21:14:17.168, 1695 MHz, 6251 MHz, 65.39 W, 61, 7 %, P0, 0x0000000000000000
2026/09/28 21:14:17.268, 1695 MHz, 6251 MHz, 65.38 W, 61, 7 %, P0, 0x0000000000000000
2026/09/28 21:14:17.369, 1695 MHz, 6251 MHz, 65.37 W, 61, 7 %, P0, 0x0000000000000000
2026/09/28 21:14:17.469, 1695 MHz, 6251 MHz, 65.37 W, 61, 7 %, P0, 0x0000000000000000
2026/09/28 21:14:17.569, 1695 MHz, 6251 MHz, 65.37 W, 61, 7 %, P0, 0x0000000000000000
2026/09/28 21:14:17.669, 1695 MHz, 6251 MHz, 65.36 W, 61, 7 %, P0, 0x0000000000000000
2026/09/28 21:14:17.769, 1695 MHz, 6251 MHz, 65.33 W, 61, 7 %, P0, 0x0000000000000000
2026/09/28 21:14:17.869, 1695 MHz, 6251 MHz, 65.31 W, 61, 7 %, P0, 0x0000000000000000
2026/09/28 21:14:17.970, 1695 MHz, 6251 MHz, 65.30 W, 60, 7 %, P0, 0x0000000000000000
2026/09/28 21:14:18.070, 1695 MHz, 6251 MHz, 65.30 W, 60, 7 %, P0, 0x0000000000000000
2026/09/28 21:14:18.170, 1695 MHz, 6251 MHz, 65.29 W, 60, 7 %, P0, 0x0000000000000000
2026/09/28 21:14:18.270, 1695 MHz, 6251 MHz, 65.99 W, 61, 7 %, P0, 0x0000000000000000
2026/09/28 21:14:18.370, 1695 MHz, 6251 MHz, 66.63 W, 61, 94 %, P0, 0x0000000000000000
2026/09/28 21:14:18.470, 1695 MHz, 6251 MHz, 67.31 W, 61, 94 %, P0, 0x0000000000000000
2026/09/28 21:14:18.571, 1695 MHz, 6251 MHz, 67.98 W, 61, 93 %, P0, 0x0000000000000000
2026/09/28 21:14:18.671, 1695 MHz, 6251 MHz, 68.28 W, 61, 93 %, P0, 0x0000000000000000
2026/09/28 21:14:18.771, 1695 MHz, 6251 MHz, 68.52 W, 60, 42 %, P0, 0x0000000000000000
2026/09/28 21:14:18.871, 1620 MHz, 6251 MHz, 77.10 W, 60, 42 %, P0, 0x0000000000000004
2026/09/28 21:14:18.971, 1680 MHz, 6251 MHz, 84.77 W, 62, 62 %, P0, 0x0000000000000004
2026/09/28 21:14:19.071, 1680 MHz, 6251 MHz, 92.77 W, 63, 62 %, P0, 0x0000000000000004
2026/09/28 21:14:19.172, 1665 MHz, 6251 MHz, 100.52 W, 63, 95 %, P0, 0x0000000000000004
2026/09/28 21:14:19.272, 1680 MHz, 6251 MHz, 100.86 W, 63, 95 %, P0, 0x0000000000000004
2026/09/28 21:14:19.372, 1620 MHz, 6251 MHz, 109.35 W, 62, 69 %, P0, 0x0000000000000004
2026/09/28 21:14:19.472, 1605 MHz, 6251 MHz, 116.36 W, 63, 69 %, P0, 0x0000000000000004
2026/09/28 21:14:19.572, 1620 MHz, 6251 MHz, 123.53 W, 63, 100 %, P0, 0x0000000000000004
2026/09/28 21:14:19.673, 1620 MHz, 6251 MHz, 130.75 W, 64, 100 %, P0, 0x0000000000000004
2026/09/28 21:14:19.773, 1620 MHz, 6251 MHz, 138.40 W, 64, 99 %, P0, 0x0000000000000004
2026/09/28 21:14:19.873, 1665 MHz, 6251 MHz, 143.44 W, 64, 99 %, P0, 0x0000000000000004
2026/09/28 21:14:19.973, 1680 MHz, 6251 MHz, 143.02 W, 64, 84 %, P0, 0x0000000000000004
2026/09/28 21:14:20.073, 1680 MHz, 6251 MHz, 140.00 W, 64, 84 %, P0, 0x0000000000000004
2026/09/28 21:14:20.173, 1680 MHz, 6251 MHz, 138.70 W, 63, 87 %, P0, 0x0000000000000004
2026/09/28 21:14:20.274, 1680 MHz, 6251 MHz, 139.04 W, 64, 87 %, P0, 0x0000000000000004
2026/09/28 21:14:20.374, 1680 MHz, 6251 MHz, 146.44 W, 64, 81 %, P0, 0x0000000000000004
2026/09/28 21:14:20.474, 1680 MHz, 6251 MHz, 142.63 W, 63, 81 %, P0, 0x0000000000000004
2026/09/28 21:14:20.574, 1680 MHz, 6251 MHz, 142.56 W, 64, 78 %, P0, 0x0000000000000004
2026/09/28 21:14:20.674, 1680 MHz, 6251 MHz, 141.62 W, 64, 78 %, P0, 0x0000000000000004
2026/09/28 21:14:20.774, 1680 MHz, 6251 MHz, 139.93 W, 64, 81 %, P0, 0x0000000000000004
2026/09/28 21:14:20.875, 1680 MHz, 6251 MHz, 137.09 W, 64, 81 %, P0, 0x0000000000000004
2026/09/28 21:14:20.975, 1680 MHz, 6251 MHz, 135.94 W, 64, 80 %, P0, 0x0000000000000004
2026/09/28 21:14:21.075, 1680 MHz, 6251 MHz, 136.01 W, 64, 80 %, P0, 0x0000000000000004
2026/09/28 21:14:21.175, 1680 MHz, 6251 MHz, 135.93 W, 64, 77 %, P0, 0x0000000000000004
2026/09/28 21:14:21.275, 1680 MHz, 6251 MHz, 135.71 W, 64, 77 %, P0, 0x0000000000000004
2026/09/28 21:14:21.375, 1680 MHz, 6251 MHz, 135.22 W, 64, 76 %, P0, 0x0000000000000004
2026/09/28 21:14:21.476, 1680 MHz, 6251 MHz, 134.70 W, 64, 76 %, P0, 0x0000000000000004
2026/09/28 21:14:21.576, 1680 MHz, 6251 MHz, 136.24 W, 64, 82 %, P0, 0x0000000000000004
2026/09/28 21:14:21.676, 1680 MHz, 6251 MHz, 133.09 W, 64, 82 %, P0, 0x0000000000000004
2026/09/28 21:14:21.776, 1680 MHz, 6251 MHz, 129.93 W, 64, 82 %, P0, 0x0000000000000004
2026/09/28 21:14:21.876, 1680 MHz, 6251 MHz, 131.87 W, 64, 82 %, P0, 0x0000000000000004
2026/09/28 21:14:21.976, 1680 MHz, 6251 MHz, 130.27 W, 64, 75 %, P0, 0x0000000000000004
2026/09/28 21:14:22.077, 1680 MHz, 6251 MHz, 132.17 W, 64, 75 %, P0, 0x0000000000000004
2026/09/28 21:14:22.177, 1680 MHz, 6251 MHz, 131.77 W, 64, 78 %, P0, 0x0000000000000004
2026/09/28 21:14:22.277, 1680 MHz, 6251 MHz, 134.77 W, 64, 78 %, P0, 0x0000000000000004
2026/09/28 21:14:22.377, 1680 MHz, 6251 MHz, 135.32 W, 64, 82 %, P0, 0x0000000000000004
2026/09/28 21:14:22.477, 1680 MHz, 6251 MHz, 134.45 W, 64, 82 %, P0, 0x0000000000000004
2026/09/28 21:14:22.577, 1680 MHz, 6251 MHz, 132.82 W, 64, 83 %, P0, 0x0000000000000004
2026/09/28 21:14:22.678, 1680 MHz, 6251 MHz, 134.10 W, 64, 83 %, P0, 0x0000000000000004
2026/09/28 21:14:22.778, 1680 MHz, 6251 MHz, 132.18 W, 64, 72 %, P0, 0x0000000000000004
2026/09/28 21:14:22.878, 1680 MHz, 6251 MHz, 135.68 W, 64, 72 %, P0, 0x0000000000000004
2026/09/28 21:14:22.978, 1680 MHz, 6251 MHz, 135.62 W, 64, 82 %, P0, 0x0000000000000004
2026/09/28 21:14:23.078, 1680 MHz, 6251 MHz, 139.76 W, 65, 82 %, P0, 0x0000000000000004
2026/09/28 21:14:23.178, 1680 MHz, 6251 MHz, 140.66 W, 64, 80 %, P0, 0x0000000000000004
2026/09/28 21:14:23.279, 1680 MHz, 6251 MHz, 140.18 W, 64, 80 %, P0, 0x0000000000000004
2026/09/28 21:14:23.379, 1680 MHz, 6251 MHz, 139.08 W, 65, 83 %, P0, 0x0000000000000004
2026/09/28 21:14:23.479, 1680 MHz, 6251 MHz, 140.27 W, 65, 83 %, P0, 0x0000000000000004
2026/09/28 21:14:23.579, 1680 MHz, 6251 MHz, 136.13 W, 64, 75 %, P0, 0x0000000000000004
2026/09/28 21:14:23.679, 1680 MHz, 6251 MHz, 136.13 W, 64, 75 %, P0, 0x0000000000000004
2026/09/28 21:14:23.779, 1665 MHz, 6251 MHz, 136.15 W, 64, 84 %, P0, 0x0000000000000004
2026/09/28 21:14:23.879, 1680 MHz, 6251 MHz, 140.56 W, 65, 84 %, P0, 0x0000000000000004
2026/09/28 21:14:23.980, 1680 MHz, 6251 MHz, 138.16 W, 64, 83 %, P0, 0x0000000000000004
2026/09/28 21:14:24.080, 1680 MHz, 6251 MHz, 137.87 W, 65, 83 %, P0, 0x0000000000000004
2026/09/28 21:14:24.180, 1680 MHz, 6251 MHz, 137.03 W, 65, 82 %, P0, 0x0000000000000004
2026/09/28 21:14:24.280, 1680 MHz, 6251 MHz, 137.53 W, 65, 82 %, P0, 0x0000000000000004
2026/09/28 21:14:24.380, 1680 MHz, 6251 MHz, 132.95 W, 65, 73 %, P0, 0x0000000000000004
2026/09/28 21:14:24.481, 1680 MHz, 6251 MHz, 130.95 W, 64, 73 %, P0, 0x0000000000000004
2026/09/28 21:14:24.581, 1680 MHz, 6251 MHz, 130.97 W, 65, 84 %, P0, 0x0000000000000004
2026/09/28 21:14:24.681, 1680 MHz, 6251 MHz, 133.02 W, 65, 84 %, P0, 0x0000000000000004
2026/09/28 21:14:24.781, 1680 MHz, 6251 MHz, 133.30 W, 64, 86 %, P0, 0x0000000000000004
2026/09/28 21:14:24.881, 1680 MHz, 6251 MHz, 133.03 W, 64, 86 %, P0, 0x0000000000000004
2026/09/28 21:14:24.981, 1680 MHz, 6251 MHz, 133.07 W, 65, 80 %, P0, 0x0000000000000004
2026/09/28 21:14:25.082, 1680 MHz, 6251 MHz, 134.89 W, 65, 80 %, P0, 0x0000000000000004
2026/09/28 21:14:25.182, 1680 MHz, 6251 MHz, 131.20 W, 65, 73 %, P0, 0x0000000000000004
2026/09/28 21:14:25.282, 1680 MHz, 6251 MHz, 128.33 W, 65, 73 %, P0, 0x0000000000000004
2026/09/28 21:14:25.382, 1680 MHz, 6251 MHz, 128.74 W, 65, 82 %, P0, 0x0000000000000004
2026/09/28 21:14:25.482, 1680 MHz, 6251 MHz, 130.44 W, 65, 82 %, P0, 0x0000000000000004
2026/09/28 21:14:25.582, 1680 MHz, 6251 MHz, 127.02 W, 64, 63 %, P0, 0x0000000000000004
2026/09/28 21:14:25.683, 1680 MHz, 6251 MHz, 118.83 W, 64, 63 %, P0, 0x0000000000000004
2026/09/28 21:14:25.783, 1680 MHz, 6251 MHz, 114.17 W, 63, 0 %, P0, 0x0000000000000004
2026/09/28 21:14:25.883, 1695 MHz, 6251 MHz, 108.32 W, 63, 0 %, P0, 0x0000000000000000
2026/09/28 21:14:25.983, 1695 MHz, 6251 MHz, 100.39 W, 62, 0 %, P0, 0x0000000000000000
2026/09/28 21:14:26.083, 1695 MHz, 6251 MHz, 93.41 W, 62, 0 %, P0, 0x0000000000000000
2026/09/28 21:14:26.183, 1695 MHz, 6251 MHz, 93.23 W, 62, 26 %, P0, 0x0000000000000000
2026/09/28 21:14:26.284, 1665 MHz, 6251 MHz, 95.43 W, 63, 26 %, P0, 0x0000000000000004
2026/09/28 21:14:26.384, 1665 MHz, 6251 MHz, 99.52 W, 64, 78 %, P0, 0x0000000000000004
2026/09/28 21:14:26.484, 1680 MHz, 6251 MHz, 99.71 W, 65, 78 %, P0, 0x0000000000000004
2026/09/28 21:14:26.584, 1665 MHz, 6251 MHz, 102.37 W, 65, 80 %, P0, 0x0000000000000004
2026/09/28 21:14:26.684, 1650 MHz, 6251 MHz, 109.26 W, 65, 80 %, P0, 0x0000000000000004
2026/09/28 21:14:26.784, 1650 MHz, 6251 MHz, 117.37 W, 65, 77 %, P0, 0x0000000000000004
2026/09/28 21:14:26.885, 1665 MHz, 6251 MHz, 125.28 W, 65, 77 %, P0, 0x0000000000000004
2026/09/28 21:14:26.985, 1245 MHz, 6251 MHz, 136.93 W, 65, 86 %, P0, 0x0000000000000004
2026/09/28 21:14:27.085, 1125 MHz, 6251 MHz, 143.42 W, 66, 86 %, P0, 0x0000000000000004
2026/09/28 21:14:27.185, 1170 MHz, 6251 MHz, 150.64 W, 65, 100 %, P0, 0x0000000000000004
2026/09/28 21:14:27.285, 1275 MHz, 6251 MHz, 152.16 W, 65, 100 %, P0, 0x0000000000000004
2026/09/28 21:14:27.386, 1260 MHz, 6251 MHz, 154.07 W, 65, 93 %, P0, 0x0000000000000004
2026/09/28 21:14:27.486, 1230 MHz, 6251 MHz, 154.01 W, 65, 93 %, P0, 0x0000000000000004
2026/09/28 21:14:27.586, 1170 MHz, 6251 MHz, 153.45 W, 65, 100 %, P0, 0x0000000000000004
2026/09/28 21:14:27.686, 1185 MHz, 6251 MHz, 154.18 W, 65, 100 %, P0, 0x0000000000000004
2026/09/28 21:14:27.786, 1215 MHz, 6251 MHz, 152.76 W, 65, 99 %, P0, 0x0000000000000004
2026/09/28 21:14:27.886, 1185 MHz, 6251 MHz, 152.72 W, 65, 99 %, P0, 0x0000000000000004
2026/09/28 21:14:27.987, 1215 MHz, 6251 MHz, 152.81 W, 66, 100 %, P0, 0x0000000000000004
2026/09/28 21:14:28.087, 1170 MHz, 6251 MHz, 148.55 W, 66, 100 %, P0, 0x0000000000000004
2026/09/28 21:14:28.187, 1155 MHz, 6251 MHz, 149.75 W, 66, 100 %, P0, 0x0000000000000004
2026/09/28 21:14:28.287, 1155 MHz, 6251 MHz, 148.70 W, 66, 100 %, P0, 0x0000000000000004
2026/09/28 21:14:28.387, 1185 MHz, 6251 MHz, 148.64 W, 65, 100 %, P0, 0x0000000000000004
2026/09/28 21:14:28.488, 1245 MHz, 6251 MHz, 149.26 W, 66, 100 %, P0, 0x0000000000000004
2026/09/28 21:14:28.588, 1170 MHz, 6251 MHz, 149.01 W, 66, 100 %, P0, 0x0000000000000004
2026/09/28 21:14:28.688, 1140 MHz, 6251 MHz, 149.21 W, 66, 100 %, P0, 0x0000000000000004
2026/09/28 21:14:28.788, 1245 MHz, 6251 MHz, 147.91 W, 66, 97 %, P0, 0x0000000000000004
2026/09/28 21:14:28.888, 1185 MHz, 6251 MHz, 149.30 W, 66, 97 %, P0, 0x0000000000000004
2026/09/28 21:14:28.988, 1185 MHz, 6251 MHz, 149.69 W, 66, 97 %, P0, 0x0000000000000004
2026/09/28 21:14:29.089, 1155 MHz, 6251 MHz, 148.93 W, 66, 97 %, P0, 0x0000000000000004
2026/09/28 21:14:29.189, 1020 MHz, 6251 MHz, 148.99 W, 66, 99 %, P0, 0x0000000000000004
2026/09/28 21:14:29.289, 1065 MHz, 6251 MHz, 148.96 W, 66, 99 %, P0, 0x0000000000000004
2026/09/28 21:14:29.389, 1095 MHz, 6251 MHz, 150.53 W, 66, 100 %, P0, 0x0000000000000004
2026/09/28 21:14:29.489, 1125 MHz, 6251 MHz, 149.56 W, 66, 100 %, P0, 0x0000000000000004
2026/09/28 21:14:29.589, 1065 MHz, 6251 MHz, 148.49 W, 66, 100 %, P0, 0x0000000000000004
2026/09/28 21:14:29.690, 1050 MHz, 6251 MHz, 148.25 W, 66, 100 %, P0, 0x0000000000000004
2026/09/28 21:14:29.790, 1125 MHz, 6251 MHz, 148.49 W, 66, 99 %, P0, 0x0000000000000004
2026/09/28 21:14:29.890, 1110 MHz, 6251 MHz, 150.07 W, 66, 99 %, P0, 0x0000000000000004
2026/09/28 21:14:29.990, 1080 MHz, 6251 MHz, 149.76 W, 66, 100 %, P0, 0x0000000000000004
2026/09/28 21:14:30.090, 1065 MHz, 6251 MHz, 149.05 W, 66, 100 %, P0, 0x0000000000000004
2026/09/28 21:14:30.190, 1110 MHz, 6251 MHz, 149.76 W, 66, 100 %, P0, 0x0000000000000004
2026/09/28 21:14:30.291, 1050 MHz, 6251 MHz, 149.38 W, 66, 100 %, P0, 0x0000000000000004
2026/09/28 21:14:30.391, 1095 MHz, 6251 MHz, 149.55 W, 66, 100 %, P0, 0x0000000000000004
2026/09/28 21:14:30.491, 1050 MHz, 6251 MHz, 148.70 W, 66, 100 %, P0, 0x0000000000000004
2026/09/28 21:14:30.591, 1065 MHz, 6251 MHz, 149.52 W, 66, 100 %, P0, 0x0000000000000004
2026/09/28 21:14:30.691, 1065 MHz, 6251 MHz, 149.28 W, 66, 100 %, P0, 0x0000000000000004
2026/09/28 21:14:30.791, 1110 MHz, 6251 MHz, 149.63 W, 66, 100 %, P0, 0x0000000000000004
2026/09/28 21:14:30.892, 1155 MHz, 6251 MHz, 150.33 W, 66, 100 %, P0, 0x0000000000000004
2026/09/28 21:14:30.992, 1065 MHz, 6251 MHz, 150.01 W, 66, 100 %, P0, 0x0000000000000004
2026/09/28 21:14:31.092, 1065 MHz, 6251 MHz, 149.93 W, 66, 100 %, P0, 0x0000000000000004
2026/09/28 21:14:31.192, 1170 MHz, 6251 MHz, 149.19 W, 66, 96 %, P0, 0x0000000000000004
2026/09/28 21:14:31.292, 1065 MHz, 6251 MHz, 149.08 W, 66, 96 %, P0, 0x0000000000000004
2026/09/28 21:14:31.393, 1050 MHz, 6251 MHz, 149.39 W, 66, 100 %, P0, 0x0000000000000004
2026/09/28 21:14:31.493, 1110 MHz, 6251 MHz, 149.47 W, 66, 100 %, P0, 0x0000000000000004
2026/09/28 21:14:31.593, 1065 MHz, 6251 MHz, 150.98 W, 66, 96 %, P0, 0x0000000000000004
2026/09/28 21:14:31.693, 1050 MHz, 6251 MHz, 150.68 W, 66, 96 %, P0, 0x0000000000000004
2026/09/28 21:14:31.793, 1065 MHz, 6251 MHz, 150.70 W, 66, 100 %, P0, 0x0000000000000004
2026/09/28 21:14:31.893, 1155 MHz, 6251 MHz, 149.93 W, 66, 100 %, P0, 0x0000000000000004
2026/09/28 21:14:31.994, 1110 MHz, 6251 MHz, 149.28 W, 66, 100 %, P0, 0x0000000000000004
2026/09/28 21:14:32.094, 1050 MHz, 6251 MHz, 148.84 W, 66, 100 %, P0, 0x0000000000000004
2026/09/28 21:14:32.194, 1065 MHz, 6251 MHz, 149.04 W, 66, 100 %, P0, 0x0000000000000004
2026/09/28 21:14:32.294, 1050 MHz, 6251 MHz, 150.08 W, 66, 100 %, P0, 0x0000000000000004
2026/09/28 21:14:32.394, 1035 MHz, 6251 MHz, 149.38 W, 66, 100 %, P0, 0x0000000000000004
2026/09/28 21:14:32.494, 1125 MHz, 6251 MHz, 149.82 W, 66, 100 %, P0, 0x0000000000000004
2026/09/28 21:14:32.595, 1065 MHz, 6251 MHz, 150.23 W, 66, 99 %, P0, 0x0000000000000004
2026/09/28 21:14:32.695, 960 MHz, 6251 MHz, 149.72 W, 66, 99 %, P0, 0x0000000000000004
2026/09/28 21:14:32.795, 885 MHz, 6251 MHz, 149.69 W, 66, 100 %, P0, 0x0000000000000004
2026/09/28 21:14:32.895, 960 MHz, 6251 MHz, 149.37 W, 66, 100 %, P0, 0x0000000000000004
2026/09/28 21:14:32.995, 975 MHz, 6251 MHz, 149.79 W, 66, 100 %, P0, 0x0000000000000004
2026/09/28 21:14:33.096, 1005 MHz, 6251 MHz, 149.34 W, 66, 100 %, P0, 0x0000000000000004
2026/09/28 21:14:33.196, 1050 MHz, 6251 MHz, 149.64 W, 66, 100 %, P0, 0x0000000000000004
2026/09/28 21:14:33.296, 990 MHz, 6251 MHz, 149.52 W, 66, 100 %, P0, 0x0000000000000004
2026/09/28 21:14:33.396, 975 MHz, 6251 MHz, 149.57 W, 66, 100 %, P0, 0x0000000000000004
2026/09/28 21:14:33.496, 930 MHz, 6251 MHz, 149.60 W, 66, 100 %, P0, 0x0000000000000004
2026/09/28 21:14:33.596, 1005 MHz, 6251 MHz, 149.30 W, 66, 100 %, P0, 0x0000000000000004
2026/09/28 21:14:33.697, 1005 MHz, 6251 MHz, 148.43 W, 66, 100 %, P0, 0x0000000000000004
2026/09/28 21:14:33.797, 1005 MHz, 6251 MHz, 148.23 W, 66, 100 %, P0, 0x0000000000000004
2026/09/28 21:14:33.897, 1020 MHz, 6251 MHz, 148.75 W, 66, 100 %, P0, 0x0000000000000004
2026/09/28 21:14:33.997, 1005 MHz, 6251 MHz, 149.07 W, 66, 100 %, P0, 0x0000000000000004
2026/09/28 21:14:34.097, 1005 MHz, 6251 MHz, 149.10 W, 66, 100 %, P0, 0x0000000000000004
2026/09/28 21:14:34.197, 915 MHz, 6251 MHz, 148.96 W, 66, 100 %, P0, 0x0000000000000004
2026/09/28 21:14:34.298, 990 MHz, 6251 MHz, 148.87 W, 66, 100 %, P0, 0x0000000000000004
2026/09/28 21:14:34.398, 1005 MHz, 6251 MHz, 148.85 W, 66, 100 %, P0, 0x0000000000000004
2026/09/28 21:14:34.498, 1005 MHz, 6251 MHz, 148.45 W, 67, 100 %, P0, 0x0000000000000004
2026/09/28 21:14:34.598, 1005 MHz, 6251 MHz, 149.03 W, 66, 100 %, P0, 0x0000000000000004
2026/09/28 21:14:34.698, 1005 MHz, 6251 MHz, 149.15 W, 67, 100 %, P0, 0x0000000000000004
2026/09/28 21:14:34.798, 1035 MHz, 6251 MHz, 149.88 W, 67, 100 %, P0, 0x0000000000000004
2026/09/28 21:14:34.899, 915 MHz, 6251 MHz, 150.22 W, 67, 100 %, P0, 0x0000000000000004
2026/09/28 21:14:34.999, 975 MHz, 6251 MHz, 149.18 W, 67, 100 %, P0, 0x0000000000000004
2026/09/28 21:14:35.099, 1020 MHz, 6251 MHz, 149.39 W, 66, 100 %, P0, 0x0000000000000004
2026/09/28 21:14:35.199, 1020 MHz, 6251 MHz, 149.34 W, 67, 100 %, P0, 0x0000000000000004
2026/09/28 21:14:35.299, 1020 MHz, 6251 MHz, 149.71 W, 67, 100 %, P0, 0x0000000000000004
2026/09/28 21:14:35.400, 1005 MHz, 6251 MHz, 149.79 W, 67, 100 %, P0, 0x0000000000000004
2026/09/28 21:14:35.500, 1005 MHz, 6251 MHz, 149.97 W, 67, 100 %, P0, 0x0000000000000004
2026/09/28 21:14:35.600, 1035 MHz, 6251 MHz, 149.49 W, 67, 100 %, P0, 0x0000000000000004
2026/09/28 21:14:35.700, 915 MHz, 6251 MHz, 148.97 W, 67, 100 %, P0, 0x0000000000000004
2026/09/28 21:14:35.800, 1005 MHz, 6251 MHz, 148.83 W, 67, 100 %, P0, 0x0000000000000004
2026/09/28 21:14:35.900, 990 MHz, 6251 MHz, 148.01 W, 67, 100 %, P0, 0x0000000000000004
2026/09/28 21:14:36.001, 1020 MHz, 6251 MHz, 147.88 W, 67, 100 %, P0, 0x0000000000000004
2026/09/28 21:14:36.101, 990 MHz, 6251 MHz, 148.47 W, 67, 100 %, P0, 0x0000000000000004
2026/09/28 21:14:36.201, 1020 MHz, 6251 MHz, 148.40 W, 67, 100 %, P0, 0x0000000000000004
2026/09/28 21:14:36.301, 1035 MHz, 6251 MHz, 149.12 W, 67, 100 %, P0, 0x0000000000000004
2026/09/28 21:14:36.401, 915 MHz, 6251 MHz, 149.23 W, 67, 100 %, P0, 0x0000000000000004
2026/09/28 21:14:36.502, 975 MHz, 6251 MHz, 148.80 W, 67, 100 %, P0, 0x0000000000000004
2026/09/28 21:14:36.602, 1005 MHz, 6251 MHz, 148.71 W, 67, 100 %, P0, 0x0000000000000004
2026/09/28 21:14:36.702, 1005 MHz, 6251 MHz, 149.10 W, 67, 100 %, P0, 0x0000000000000004
2026/09/28 21:14:36.802, 1005 MHz, 6251 MHz, 149.42 W, 67, 100 %, P0, 0x0000000000000004
2026/09/28 21:14:36.902, 1020 MHz, 6251 MHz, 149.77 W, 67, 100 %, P0, 0x0000000000000004
2026/09/28 21:14:37.002, 1110 MHz, 6251 MHz, 148.16 W, 67, 96 %, P0, 0x0000000000000004
2026/09/28 21:14:37.103, 1050 MHz, 6251 MHz, 148.00 W, 67, 96 %, P0, 0x0000000000000004
2026/09/28 21:14:37.203, 990 MHz, 6251 MHz, 147.61 W, 67, 100 %, P0, 0x0000000000000004
2026/09/28 21:14:37.303, 1035 MHz, 6251 MHz, 147.87 W, 67, 100 %, P0, 0x0000000000000004
2026/09/28 21:14:37.403, 1005 MHz, 6251 MHz, 147.26 W, 67, 100 %, P0, 0x0000000000000004
2026/09/28 21:14:37.503, 1005 MHz, 6251 MHz, 146.88 W, 67, 100 %, P0, 0x0000000000000004
2026/09/28 21:14:37.603, 1020 MHz, 6251 MHz, 147.59 W, 67, 100 %, P0, 0x0000000000000004
2026/09/28 21:14:37.704, 975 MHz, 6251 MHz, 147.52 W, 67, 100 %, P0, 0x0000000000000004
2026/09/28 21:14:37.804, 1035 MHz, 6251 MHz, 147.44 W, 67, 95 %, P0, 0x0000000000000004
2026/09/28 21:14:37.904, 900 MHz, 6251 MHz, 146.89 W, 67, 95 %, P0, 0x0000000000000004
2026/09/28 21:14:38.004, 1005 MHz, 6251 MHz, 146.62 W, 67, 100 %, P0, 0x0000000000000004
2026/09/28 21:14:38.104, 990 MHz, 6251 MHz, 148.48 W, 67, 100 %, P0, 0x0000000000000004
2026/09/28 21:14:38.205, 1035 MHz, 6251 MHz, 148.68 W, 67, 100 %, P0, 0x0000000000000004
2026/09/28 21:14:38.305, 1005 MHz, 6251 MHz, 149.11 W, 67, 100 %, P0, 0x0000000000000004
2026/09/28 21:14:38.405, 1005 MHz, 6251 MHz, 148.84 W, 67, 100 %, P0, 0x0000000000000004
2026/09/28 21:14:38.505, 1140 MHz, 6251 MHz, 149.74 W, 67, 100 %, P0, 0x0000000000000004
2026/09/28 21:14:38.605, 855 MHz, 6251 MHz, 150.57 W, 67, 100 %, P0, 0x0000000000000004
2026/09/28 21:14:38.705, 990 MHz, 6251 MHz, 149.89 W, 67, 100 %, P0, 0x0000000000000004
2026/09/28 21:14:38.806, 1005 MHz, 6251 MHz, 150.23 W, 67, 100 %, P0, 0x0000000000000004
2026/09/28 21:14:38.906, 1005 MHz, 6251 MHz, 150.38 W, 67, 100 %, P0, 0x0000000000000004
2026/09/28 21:14:39.006, 1005 MHz, 6251 MHz, 151.09 W, 67, 100 %, P0, 0x0000000000000004
2026/09/28 21:14:39.106, 1005 MHz, 6251 MHz, 151.20 W, 67, 100 %, P0, 0x0000000000000004
2026/09/28 21:14:39.206, 1005 MHz, 6251 MHz, 151.46 W, 67, 100 %, P0, 0x0000000000000004
2026/09/28 21:14:39.306, 1035 MHz, 6251 MHz, 150.58 W, 67, 100 %, P0, 0x0000000000000004
2026/09/28 21:14:39.407, 960 MHz, 6251 MHz, 150.00 W, 67, 100 %, P0, 0x0000000000000004
2026/09/28 21:14:39.507, 1020 MHz, 6251 MHz, 149.99 W, 67, 100 %, P0, 0x0000000000000004
2026/09/28 21:14:39.607, 1005 MHz, 6251 MHz, 149.09 W, 67, 100 %, P0, 0x0000000000000004
2026/09/28 21:14:39.707, 1020 MHz, 6251 MHz, 148.52 W, 67, 100 %, P0, 0x0000000000000004
2026/09/28 21:14:39.807, 1005 MHz, 6251 MHz, 148.85 W, 67, 100 %, P0, 0x0000000000000004
2026/09/28 21:14:39.908, 1020 MHz, 6251 MHz, 148.89 W, 67, 100 %, P0, 0x0000000000000004
2026/09/28 21:14:40.008, 915 MHz, 6251 MHz, 149.52 W, 67, 99 %, P0, 0x0000000000000004
2026/09/28 21:14:40.108, 1080 MHz, 6251 MHz, 150.01 W, 67, 99 %, P0, 0x0000000000000004
2026/09/28 21:14:40.208, 930 MHz, 6251 MHz, 150.24 W, 67, 100 %, P0, 0x0000000000000004
2026/09/28 21:14:40.308, 855 MHz, 6251 MHz, 149.20 W, 67, 100 %, P0, 0x0000000000000004
2026/09/28 21:14:40.408, 975 MHz, 6251 MHz, 149.43 W, 67, 100 %, P0, 0x0000000000000004
2026/09/28 21:14:40.509, 975 MHz, 6251 MHz, 150.63 W, 67, 100 %, P0, 0x0000000000000004
2026/09/28 21:14:40.609, 930 MHz, 6251 MHz, 150.53 W, 67, 100 %, P0, 0x0000000000000004
2026/09/28 21:14:40.709, 900 MHz, 6251 MHz, 150.11 W, 67, 100 %, P0, 0x0000000000000004
2026/09/28 21:14:40.809, 975 MHz, 6251 MHz, 149.76 W, 67, 100 %, P0, 0x0000000000000004
2026/09/28 21:14:40.909, 975 MHz, 6251 MHz, 150.29 W, 67, 100 %, P0, 0x0000000000000004
2026/09/28 21:14:41.009, 885 MHz, 6251 MHz, 149.80 W, 67, 100 %, P0, 0x0000000000000004
2026/09/28 21:14:41.110, 900 MHz, 6251 MHz, 148.55 W, 67, 100 %, P0, 0x0000000000000004
2026/09/28 21:14:41.210, 945 MHz, 6251 MHz, 147.99 W, 67, 100 %, P0, 0x0000000000000004
2026/09/28 21:14:41.310, 945 MHz, 6251 MHz, 147.96 W, 67, 100 %, P0, 0x0000000000000004
2026/09/28 21:14:41.410, 930 MHz, 6251 MHz, 148.87 W, 67, 100 %, P0, 0x0000000000000004
2026/09/28 21:14:41.510, 930 MHz, 6251 MHz, 148.72 W, 67, 100 %, P0, 0x0000000000000004
2026/09/28 21:14:41.611, 915 MHz, 6251 MHz, 148.42 W, 67, 100 %, P0, 0x0000000000000004
2026/09/28 21:14:41.711, 1065 MHz, 6251 MHz, 148.03 W, 67, 100 %, P0, 0x0000000000000004
2026/09/28 21:14:41.811, 900 MHz, 6251 MHz, 150.06 W, 68, 100 %, P0, 0x0000000000000004
2026/09/28 21:14:41.911, 915 MHz, 6251 MHz, 150.65 W, 68, 100 %, P0, 0x0000000000000004
2026/09/28 21:14:42.011, 975 MHz, 6251 MHz, 149.69 W, 67, 100 %, P0, 0x0000000000000004
2026/09/28 21:14:42.111, 930 MHz, 6251 MHz, 149.54 W, 67, 100 %, P0, 0x0000000000000004
2026/09/28 21:14:42.212, 975 MHz, 6251 MHz, 150.92 W, 67, 100 %, P0, 0x0000000000000004
2026/09/28 21:14:42.312, 930 MHz, 6251 MHz, 150.79 W, 67, 100 %, P0, 0x0000000000000004
2026/09/28 21:14:42.412, 885 MHz, 6251 MHz, 149.99 W, 67, 100 %, P0, 0x0000000000000004
2026/09/28 21:14:42.512, 930 MHz, 6251 MHz, 149.54 W, 67, 100 %, P0, 0x0000000000000004
2026/09/28 21:14:42.612, 990 MHz, 6251 MHz, 150.34 W, 67, 100 %, P0, 0x0000000000000004
2026/09/28 21:14:42.712, 990 MHz, 6251 MHz, 150.62 W, 68, 100 %, P0, 0x0000000000000004
2026/09/28 21:14:42.813, 900 MHz, 6251 MHz, 150.36 W, 68, 100 %, P0, 0x0000000000000004
2026/09/28 21:14:42.913, 930 MHz, 6251 MHz, 149.30 W, 68, 100 %, P0, 0x0000000000000004
2026/09/28 21:14:43.013, 945 MHz, 6251 MHz, 149.33 W, 68, 100 %, P0, 0x0000000000000004
2026/09/28 21:14:43.113, 885 MHz, 6251 MHz, 149.89 W, 68, 100 %, P0, 0x0000000000000004
2026/09/28 21:14:43.213, 915 MHz, 6251 MHz, 148.94 W, 68, 99 %, P0, 0x0000000000000004
2026/09/28 21:14:43.314, 1095 MHz, 6251 MHz, 148.09 W, 68, 99 %, P0, 0x0000000000000004
2026/09/28 21:14:43.414, 900 MHz, 6251 MHz, 149.11 W, 68, 100 %, P0, 0x0000000000000004
2026/09/28 21:14:43.514, 885 MHz, 6251 MHz, 148.39 W, 68, 100 %, P0, 0x0000000000000004
2026/09/28 21:14:43.614, 930 MHz, 6251 MHz, 148.93 W, 68, 100 %, P0, 0x0000000000000004
2026/09/28 21:14:43.714, 945 MHz, 6251 MHz, 149.32 W, 68, 100 %, P0, 0x0000000000000004
2026/09/28 21:14:43.814, 900 MHz, 6251 MHz, 148.94 W, 68, 100 %, P0, 0x0000000000000004
2026/09/28 21:14:43.915, 885 MHz, 6251 MHz, 148.94 W, 68, 100 %, P0, 0x0000000000000004
2026/09/28 21:14:44.015, 975 MHz, 6251 MHz, 148.51 W, 68, 100 %, P0, 0x0000000000000004
2026/09/28 21:14:44.115, 945 MHz, 6251 MHz, 148.23 W, 68, 100 %, P0, 0x0000000000000004
2026/09/28 21:14:44.215, 990 MHz, 6251 MHz, 147.77 W, 68, 100 %, P0, 0x0000000000000004
2026/09/28 21:14:44.315, 930 MHz, 6251 MHz, 148.41 W, 68, 100 %, P0, 0x0000000000000004
2026/09/28 21:14:44.415, 915 MHz, 6251 MHz, 148.93 W, 68, 100 %, P0, 0x0000000000000004
2026/09/28 21:14:44.516, 990 MHz, 6251 MHz, 148.57 W, 68, 100 %, P0, 0x0000000000000004
2026/09/28 21:14:44.616, 855 MHz, 6251 MHz, 149.46 W, 68, 100 %, P0, 0x0000000000000004
2026/09/28 21:14:44.716, 945 MHz, 6251 MHz, 149.04 W, 68, 100 %, P0, 0x0000000000000004
2026/09/28 21:14:44.816, 975 MHz, 6251 MHz, 148.92 W, 68, 100 %, P0, 0x0000000000000004
2026/09/28 21:14:44.916, 1110 MHz, 6251 MHz, 148.10 W, 68, 100 %, P0, 0x0000000000000004
2026/09/28 21:14:45.016, 1050 MHz, 6251 MHz, 148.93 W, 68, 100 %, P0, 0x0000000000000004
2026/09/28 21:14:45.117, 930 MHz, 6251 MHz, 149.08 W, 68, 100 %, P0, 0x0000000000000004
2026/09/28 21:14:45.217, 915 MHz, 6251 MHz, 148.89 W, 68, 100 %, P0, 0x0000000000000004
2026/09/28 21:14:45.317, 870 MHz, 6251 MHz, 148.99 W, 68, 100 %, P0, 0x0000000000000004
2026/09/28 21:14:45.417, 975 MHz, 6251 MHz, 150.21 W, 68, 100 %, P0, 0x0000000000000004
2026/09/28 21:14:45.517, 1005 MHz, 6251 MHz, 149.82 W, 68, 100 %, P0, 0x0000000000000004
2026/09/28 21:14:45.617, 915 MHz, 6251 MHz, 149.33 W, 68, 100 %, P0, 0x0000000000000004
2026/09/28 21:14:45.718, 900 MHz, 6251 MHz, 148.85 W, 68, 100 %, P0, 0x0000000000000004
2026/09/28 21:14:45.818, 870 MHz, 6251 MHz, 149.64 W, 68, 100 %, P0, 0x0000000000000004
2026/09/28 21:14:45.918, 1005 MHz, 6251 MHz, 149.59 W, 68, 100 %, P0, 0x0000000000000004
2026/09/28 21:14:46.018, 945 MHz, 6251 MHz, 150.18 W, 68, 100 %, P0, 0x0000000000000004
2026/09/28 21:14:46.118, 870 MHz, 6251 MHz, 149.37 W, 68, 100 %, P0, 0x0000000000000004
2026/09/28 21:14:46.218, 930 MHz, 6251 MHz, 149.73 W, 68, 100 %, P0, 0x0000000000000004
2026/09/28 21:14:46.319, 990 MHz, 6251 MHz, 150.62 W, 68, 100 %, P0, 0x0000000000000004
2026/09/28 21:14:46.419, 900 MHz, 6251 MHz, 151.04 W, 68, 100 %, P0, 0x0000000000000004
2026/09/28 21:14:46.519, 1065 MHz, 6251 MHz, 150.22 W, 68, 100 %, P0, 0x0000000000000004
2026/09/28 21:14:46.619, 1125 MHz, 6251 MHz, 150.36 W, 68, 100 %, P0, 0x0000000000000004
2026/09/28 21:14:46.719, 855 MHz, 6251 MHz, 149.42 W, 68, 100 %, P0, 0x0000000000000004
2026/09/28 21:14:46.819, 900 MHz, 6251 MHz, 149.88 W, 68, 100 %, P0, 0x0000000000000004
2026/09/28 21:14:46.920, 975 MHz, 6251 MHz, 149.82 W, 68, 100 %, P0, 0x0000000000000004
2026/09/28 21:14:47.020, 960 MHz, 6251 MHz, 149.86 W, 68, 100 %, P0, 0x0000000000000004
2026/09/28 21:14:47.120, 900 MHz, 6251 MHz, 149.92 W, 68, 100 %, P0, 0x0000000000000004
2026/09/28 21:14:47.220, 930 MHz, 6251 MHz, 149.70 W, 68, 100 %, P0, 0x0000000000000004
2026/09/28 21:14:47.320, 885 MHz, 6251 MHz, 149.73 W, 68, 100 %, P0, 0x0000000000000004
2026/09/28 21:14:47.421, 975 MHz, 6251 MHz, 149.67 W, 68, 100 %, P0, 0x0000000000000004
2026/09/28 21:14:47.521, 975 MHz, 6251 MHz, 148.90 W, 68, 100 %, P0, 0x0000000000000004
2026/09/28 21:14:47.621, 900 MHz, 6251 MHz, 148.57 W, 68, 100 %, P0, 0x0000000000000004
2026/09/28 21:14:47.721, 900 MHz, 6251 MHz, 148.67 W, 68, 100 %, P0, 0x0000000000000004
2026/09/28 21:14:47.821, 960 MHz, 6251 MHz, 150.12 W, 68, 100 %, P0, 0x0000000000000004
2026/09/28 21:14:47.921, 900 MHz, 6251 MHz, 150.54 W, 68, 100 %, P0, 0x0000000000000004
2026/09/28 21:14:48.022, 840 MHz, 6251 MHz, 149.70 W, 68, 100 %, P0, 0x0000000000000004
2026/09/28 21:14:48.122, 990 MHz, 6251 MHz, 149.25 W, 68, 100 %, P0, 0x0000000000000004
2026/09/28 21:14:48.222, 1050 MHz, 6251 MHz, 149.84 W, 68, 100 %, P0, 0x0000000000000004
2026/09/28 21:14:48.322, 945 MHz, 6251 MHz, 150.90 W, 68, 100 %, P0, 0x0000000000000004
2026/09/28 21:14:48.422, 990 MHz, 6251 MHz, 150.62 W, 68, 100 %, P0, 0x0000000000000004
2026/09/28 21:14:48.522, 915 MHz, 6251 MHz, 150.10 W, 68, 100 %, P0, 0x0000000000000004
2026/09/28 21:14:48.623, 915 MHz, 6251 MHz, 149.69 W, 68, 100 %, P0, 0x0000000000000004
2026/09/28 21:14:48.723, 915 MHz, 6251 MHz, 150.35 W, 68, 100 %, P0, 0x0000000000000004
2026/09/28 21:14:48.823, 975 MHz, 6251 MHz, 150.32 W, 68, 100 %, P0, 0x0000000000000004
2026/09/28 21:14:48.923, 975 MHz, 6251 MHz, 150.00 W, 68, 100 %, P0, 0x0000000000000004
2026/09/28 21:14:49.023, 870 MHz, 6251 MHz, 149.02 W, 68, 100 %, P0, 0x0000000000000004
2026/09/28 21:14:49.124, 915 MHz, 6251 MHz, 148.99 W, 68, 100 %, P0, 0x0000000000000004
2026/09/28 21:14:49.224, 975 MHz, 6251 MHz, 149.69 W, 68, 100 %, P0, 0x0000000000000004
2026/09/28 21:14:49.324, 900 MHz, 6251 MHz, 150.07 W, 68, 100 %, P0, 0x0000000000000004
2026/09/28 21:14:49.424, 900 MHz, 6251 MHz, 148.63 W, 68, 100 %, P0, 0x0000000000000004
2026/09/28 21:14:49.524, 900 MHz, 6251 MHz, 148.77 W, 68, 100 %, P0, 0x0000000000000004
2026/09/28 21:14:49.624, 960 MHz, 6251 MHz, 149.23 W, 68, 100 %, P0, 0x0000000000000004
2026/09/28 21:14:49.725, 1050 MHz, 6251 MHz, 148.65 W, 68, 100 %, P0, 0x0000000000000004
2026/09/28 21:14:49.825, 1095 MHz, 6251 MHz, 148.80 W, 68, 100 %, P0, 0x0000000000000004
2026/09/28 21:14:49.925, 930 MHz, 6251 MHz, 149.23 W, 68, 100 %, P0, 0x0000000000000004
2026/09/28 21:14:50.025, 900 MHz, 6251 MHz, 147.99 W, 68, 100 %, P0, 0x0000000000000004
2026/09/28 21:14:50.125, 945 MHz, 6251 MHz, 148.95 W, 68, 100 %, P0, 0x0000000000000004
2026/09/28 21:14:50.225, 975 MHz, 6251 MHz, 149.71 W, 68, 100 %, P0, 0x0000000000000004
2026/09/28 21:14:50.326, 900 MHz, 6251 MHz, 149.16 W, 68, 100 %, P0, 0x0000000000000004
2026/09/28 21:14:50.426, 900 MHz, 6251 MHz, 148.30 W, 68, 100 %, P0, 0x0000000000000004
2026/09/28 21:14:50.526, 975 MHz, 6251 MHz, 149.18 W, 68, 100 %, P0, 0x0000000000000004
2026/09/28 21:14:50.626, 960 MHz, 6251 MHz, 148.67 W, 68, 100 %, P0, 0x0000000000000004
2026/09/28 21:14:50.726, 960 MHz, 6251 MHz, 148.47 W, 68, 100 %, P0, 0x0000000000000004
2026/09/28 21:14:50.827, 915 MHz, 6251 MHz, 149.60 W, 68, 100 %, P0, 0x0000000000000004
2026/09/28 21:14:50.927, 930 MHz, 6251 MHz, 149.37 W, 68, 100 %, P0, 0x0000000000000004
2026/09/28 21:14:51.027, 975 MHz, 6251 MHz, 148.94 W, 68, 100 %, P0, 0x0000000000000004
2026/09/28 21:14:51.127, 915 MHz, 6251 MHz, 150.33 W, 68, 100 %, P0, 0x0000000000000004
2026/09/28 21:14:51.227, 900 MHz, 6251 MHz, 149.75 W, 69, 100 %, P0, 0x0000000000000004
2026/09/28 21:14:51.327, 1005 MHz, 6251 MHz, 149.56 W, 69, 100 %, P0, 0x0000000000000004
2026/09/28 21:14:51.428, 1080 MHz, 6251 MHz, 148.87 W, 69, 96 %, P0, 0x0000000000000004
2026/09/28 21:14:51.528, 1065 MHz, 6251 MHz, 148.59 W, 69, 96 %, P0, 0x0000000000000004
2026/09/28 21:14:51.628, 975 MHz, 6251 MHz, 148.96 W, 69, 100 %, P0, 0x0000000000000004
2026/09/28 21:14:51.728, 960 MHz, 6251 MHz, 148.89 W, 69, 100 %, P0, 0x0000000000000004
2026/09/28 21:14:51.828, 915 MHz, 6251 MHz, 147.51 W, 69, 100 %, P0, 0x0000000000000004
2026/09/28 21:14:51.928, 900 MHz, 6251 MHz, 148.21 W, 69, 100 %, P0, 0x0000000000000004
2026/09/28 21:14:52.029, 960 MHz, 6251 MHz, 148.62 W, 69, 100 %, P0, 0x0000000000000004
2026/09/28 21:14:52.129, 945 MHz, 6251 MHz, 147.93 W, 69, 100 %, P0, 0x0000000000000004
2026/09/28 21:14:52.229, 900 MHz, 6251 MHz, 146.88 W, 69, 100 %, P0, 0x0000000000000004
2026/09/28 21:14:52.329, 900 MHz, 6251 MHz, 147.01 W, 69, 100 %, P0, 0x0000000000000004
2026/09/28 21:14:52.429, 975 MHz, 6251 MHz, 147.24 W, 69, 100 %, P0, 0x0000000000000004
2026/09/28 21:14:52.529, 945 MHz, 6251 MHz, 148.09 W, 69, 100 %, P0, 0x0000000000000004
2026/09/28 21:14:52.630, 900 MHz, 6251 MHz, 148.49 W, 69, 100 %, P0, 0x0000000000000004
2026/09/28 21:14:52.730, 975 MHz, 6251 MHz, 147.88 W, 69, 100 %, P0, 0x0000000000000004
2026/09/28 21:14:52.830, 990 MHz, 6251 MHz, 148.48 W, 69, 100 %, P0, 0x0000000000000004
2026/09/28 21:14:52.930, 900 MHz, 6251 MHz, 149.53 W, 69, 100 %, P0, 0x0000000000000004
2026/09/28 21:14:53.030, 1065 MHz, 6251 MHz, 149.44 W, 69, 97 %, P0, 0x0000000000000004
2026/09/28 21:14:53.130, 1125 MHz, 6251 MHz, 149.32 W, 69, 97 %, P0, 0x0000000000000004
2026/09/28 21:14:53.231, 885 MHz, 6251 MHz, 149.96 W, 69, 100 %, P0, 0x0000000000000004
2026/09/28 21:14:53.331, 825 MHz, 6251 MHz, 149.50 W, 69, 100 %, P0, 0x0000000000000004
2026/09/28 21:14:53.431, 825 MHz, 6251 MHz, 149.56 W, 69, 100 %, P0, 0x0000000000000004
2026/09/28 21:14:53.531, 930 MHz, 6251 MHz, 149.55 W, 69, 100 %, P0, 0x0000000000000004
2026/09/28 21:14:53.631, 975 MHz, 6251 MHz, 149.97 W, 69, 100 %, P0, 0x0000000000000004
2026/09/28 21:14:53.731, 900 MHz, 6251 MHz, 150.77 W, 69, 100 %, P0, 0x0000000000000004
2026/09/28 21:14:53.832, 855 MHz, 6251 MHz, 150.04 W, 69, 100 %, P0, 0x0000000000000004
2026/09/28 21:14:53.932, 915 MHz, 6251 MHz, 149.51 W, 69, 100 %, P0, 0x0000000000000004
2026/09/28 21:14:54.032, 945 MHz, 6251 MHz, 149.76 W, 69, 100 %, P0, 0x0000000000000004
2026/09/28 21:14:54.132, 915 MHz, 6251 MHz, 150.07 W, 69, 100 %, P0, 0x0000000000000004
2026/09/28 21:14:54.232, 870 MHz, 6251 MHz, 149.02 W, 69, 100 %, P0, 0x0000000000000004
2026/09/28 21:14:54.332, 975 MHz, 6251 MHz, 148.64 W, 69, 100 %, P0, 0x0000000000000004
2026/09/28 21:14:54.433, 945 MHz, 6251 MHz, 150.01 W, 69, 100 %, P0, 0x0000000000000004
2026/09/28 21:14:54.533, 900 MHz, 6251 MHz, 150.41 W, 69, 100 %, P0, 0x0000000000000004
2026/09/28 21:14:54.633, 945 MHz, 6251 MHz, 148.39 W, 69, 96 %, P0, 0x0000000000000004
2026/09/28 21:14:54.733, 1095 MHz, 6251 MHz, 147.18 W, 69, 96 %, P0, 0x0000000000000004
2026/09/28 21:14:54.833, 885 MHz, 6251 MHz, 147.49 W, 69, 100 %, P0, 0x0000000000000004
2026/09/28 21:14:54.933, 840 MHz, 6251 MHz, 147.27 W, 69, 100 %, P0, 0x0000000000000004
2026/09/28 21:14:55.034, 930 MHz, 6251 MHz, 147.95 W, 69, 100 %, P0, 0x0000000000000004
2026/09/28 21:14:55.134, 960 MHz, 6251 MHz, 148.02 W, 69, 100 %, P0, 0x0000000000000004
2026/09/28 21:14:55.234, 900 MHz, 6251 MHz, 147.47 W, 69, 100 %, P0, 0x0000000000000004
2026/09/28 21:14:55.334, 810 MHz, 6251 MHz, 147.67 W, 69, 100 %, P0, 0x0000000000000004
2026/09/28 21:14:55.434, 930 MHz, 6251 MHz, 148.21 W, 69, 100 %, P0, 0x0000000000000004
2026/09/28 21:14:55.534, 930 MHz, 6251 MHz, 148.26 W, 69, 100 %, P0, 0x0000000000000004
2026/09/28 21:14:55.635, 885 MHz, 6251 MHz, 148.35 W, 69, 100 %, P0, 0x0000000000000004
2026/09/28 21:14:55.735, 915 MHz, 6251 MHz, 149.32 W, 69, 100 %, P0, 0x0000000000000004
2026/09/28 21:14:55.835, 915 MHz, 6251 MHz, 149.72 W, 69, 100 %, P0, 0x0000000000000004
2026/09/28 21:14:55.935, 990 MHz, 6251 MHz, 149.81 W, 69, 100 %, P0, 0x0000000000000004
2026/09/28 21:14:56.035, 945 MHz, 6251 MHz, 150.24 W, 69, 100 %, P0, 0x0000000000000004
2026/09/28 21:14:56.136, 900 MHz, 6251 MHz, 148.87 W, 69, 100 %, P0, 0x0000000000000004
2026/09/28 21:14:56.236, 930 MHz, 6251 MHz, 148.44 W, 69, 100 %, P0, 0x0000000000000004
2026/09/28 21:14:56.336, 1665 MHz, 6251 MHz, 140.60 W, 67, 100 %, P0, 0x0000000000000004
2026/09/28 21:14:56.436, 1680 MHz, 6251 MHz, 133.76 W, 67, 0 %, P0, 0x0000000000000004
2026/09/28 21:14:56.536, 1680 MHz, 6251 MHz, 125.96 W, 67, 0 %, P0, 0x0000000000000004
2026/09/28 21:14:56.636, 1695 MHz, 6251 MHz, 118.29 W, 67, 0 %, P0, 0x0000000000000004
2026/09/28 21:14:56.737, 1695 MHz, 6251 MHz, 110.83 W, 66, 0 %, P0, 0x0000000000000000
2026/09/28 21:14:56.837, 1695 MHz, 6251 MHz, 104.11 W, 66, 0 %, P0, 0x0000000000000000
2026/09/28 21:14:56.937, 1695 MHz, 6251 MHz, 96.78 W, 66, 0 %, P0, 0x0000000000000000
