2026/10/04 19:58:57.162, 74, 2025, 65.21
2026/10/04 19:58:58.165, 73, 2040, 34.41
2026/10/04 19:58:59.165, 73, 2040, 34.35
2026/10/04 19:59:00.165, 73, 2040, 34.33
2026/10/04 19:59:01.165, 73, 2040, 34.22
2026/10/04 19:59:02.166, 72, 2040, 34.11
2026/10/04 19:59:03.166, 72, 2040, 34.07
2026/10/04 19:59:04.166, 72, 2040, 33.99
2026/10/04 19:59:05.166, 72, 2040, 33.90
2026/10/04 19:59:06.166, 72, 2040, 33.84
2026/10/04 19:59:07.166, 71, 2040, 33.74
2026/10/04 19:59:08.166, 71, 2040, 33.71
2026/10/04 19:59:09.166, 74, 1050, 61.84
2026/10/04 19:59:10.167, 75, 1035, 72.28
2026/10/04 19:59:11.167, 75, 975, 72.29
2026/10/04 19:59:12.167, 75, 1005, 71.43
2026/10/04 19:59:13.167, 75, 975, 72.35
2026/10/04 19:59:14.167, 75, 975, 72.33
2026/10/04 19:59:15.167, 75, 1020, 72.26
2026/10/04 19:59:16.167, 75, 975, 72.21
2026/10/04 19:59:17.168, 75, 1005, 71.67
2026/10/04 19:59:18.168, 75, 990, 72.21
2026/10/04 19:59:19.168, 75, 1095, 72.21
2026/10/04 19:59:20.168, 74, 990, 72.54
2026/10/04 19:59:21.168, 75, 990, 72.33
2026/10/04 19:59:22.168, 74, 990, 71.92
2026/10/04 19:59:23.168, 75, 1065, 71.68
2026/10/04 19:59:24.168, 74, 1035, 71.72
2026/10/04 19:59:25.169, 74, 990, 72.23
2026/10/04 19:59:26.169, 74, 990, 72.37
2026/10/04 19:59:27.169, 74, 1035, 72.61
2026/10/04 19:59:28.169, 74, 1020, 72.49
2026/10/04 19:59:29.169, 74, 1035, 72.29
2026/10/04 19:59:30.169, 74, 1035, 72.35
2026/10/04 19:59:31.169, 74, 1095, 71.72
2026/10/04 19:59:32.171, 74, 1065, 72.30
2026/10/04 19:59:33.172, 74, 990, 72.14
2026/10/04 19:59:34.172, 74, 1020, 71.63
2026/10/04 19:59:35.172, 74, 990, 71.20
2026/10/04 19:59:36.172, 74, 1035, 71.88
2026/10/04 19:59:37.172, 74, 1095, 71.38
2026/10/04 19:59:38.172, 74, 1050, 71.19
2026/10/04 19:59:39.172, 74, 1245, 71.60
2026/10/04 19:59:40.173, 73, 1260, 71.80
2026/10/04 19:59:41.173, 74, 1215, 72.04
2026/10/04 19:59:42.173, 73, 1260, 71.74
2026/10/04 19:59:43.173, 74, 1230, 72.16
2026/10/04 19:59:44.173, 73, 1245, 72.10
2026/10/04 19:59:45.173, 74, 1245, 72.02
2026/10/04 19:59:46.174, 74, 1260, 72.17
2026/10/04 19:59:47.174, 74, 1245, 72.07
2026/10/04 19:59:48.174, 74, 1230, 72.20
2026/10/04 19:59:49.174, 74, 1260, 71.76
2026/10/04 19:59:50.174, 74, 1245, 71.99
2026/10/04 19:59:51.174, 74, 1260, 72.56
2026/10/04 19:59:52.174, 74, 1260, 71.30
2026/10/04 19:59:53.175, 74, 1260, 72.14
2026/10/04 19:59:54.175, 74, 1275, 71.89
2026/10/04 19:59:55.175, 74, 1260, 72.01
2026/10/04 19:59:56.175, 74, 1245, 71.85
2026/10/04 19:59:57.175, 74, 1275, 71.76
2026/10/04 19:59:58.175, 75, 1260, 71.85
2026/10/04 19:59:59.176, 74, 1275, 72.20
2026/10/04 20:00:00.176, 76, 1110, 72.24
2026/10/04 20:00:01.176, 75, 1095, 72.09
2026/10/04 20:00:02.176, 76, 1035, 72.40
2026/10/04 20:00:03.176, 76, 990, 72.54
2026/10/04 20:00:04.176, 76, 990, 71.93
2026/10/04 20:00:05.176, 76, 975, 71.59
2026/10/04 20:00:06.177, 76, 975, 71.56
2026/10/04 20:00:07.177, 77, 1005, 72.11
2026/10/04 20:00:08.177, 76, 1035, 72.47
2026/10/04 20:00:09.177, 77, 1035, 72.64
2026/10/04 20:00:10.177, 77, 1050, 72.77
2026/10/04 20:00:11.177, 77, 960, 72.09
2026/10/04 20:00:12.177, 77, 945, 71.42
2026/10/04 20:00:13.177, 77, 975, 71.57
2026/10/04 20:00:14.178, 78, 1020, 72.43
2026/10/04 20:00:15.178, 78, 1020, 71.85
2026/10/04 20:00:16.178, 78, 975, 71.58
2026/10/04 20:00:17.178, 78, 1005, 71.62
2026/10/04 20:00:18.178, 78, 1035, 72.01
2026/10/04 20:00:19.178, 79, 975, 72.29
2026/10/04 20:00:20.178, 79, 1035, 72.29
2026/10/04 20:00:21.179, 79, 975, 71.88
2026/10/04 20:00:22.179, 79, 1035, 72.01
2026/10/04 20:00:23.179, 79, 960, 71.82
2026/10/04 20:00:24.179, 79, 1005, 72.07
2026/10/04 20:00:25.179, 79, 975, 72.40
2026/10/04 20:00:26.179, 79, 960, 72.86
2026/10/04 20:00:27.179, 79, 975, 72.18
2026/10/04 20:00:28.180, 80, 960, 72.11
2026/10/04 20:00:29.180, 80, 945, 72.22
2026/10/04 20:00:30.180, 80, 960, 71.74
2026/10/04 20:00:31.180, 80, 945, 72.49
2026/10/04 20:00:32.182, 80, 1215, 71.87
2026/10/04 20:00:33.182, 80, 1020, 71.97
2026/10/04 20:00:34.182, 80, 1200, 71.80
2026/10/04 20:00:35.182, 80, 1185, 72.06
2026/10/04 20:00:36.182, 80, 1200, 72.39
2026/10/04 20:00:37.182, 80, 1200, 71.46
2026/10/04 20:00:38.183, 80, 1245, 72.81
2026/10/04 20:00:39.183, 80, 1230, 71.98
2026/10/04 20:00:40.183, 80, 1260, 72.55
2026/10/04 20:00:41.183, 80, 1230, 71.69
2026/10/04 20:00:42.183, 81, 1245, 71.51
2026/10/04 20:00:43.183, 81, 1245, 72.18
2026/10/04 20:00:44.183, 81, 1230, 72.01
2026/10/04 20:00:45.184, 81, 1230, 72.54
2026/10/04 20:00:46.184, 81, 1260, 72.06
2026/10/04 20:00:47.184, 81, 1230, 72.83
2026/10/04 20:00:48.184, 81, 1260, 72.62
2026/10/04 20:00:49.184, 82, 1005, 71.27
2026/10/04 20:00:50.184, 81, 1245, 71.99
2026/10/04 20:00:51.184, 82, 975, 71.82
2026/10/04 20:00:52.185, 81, 1215, 72.24
2026/10/04 20:00:53.185, 82, 1215, 72.64
2026/10/04 20:00:54.185, 82, 1230, 72.25
2026/10/04 20:00:55.185, 82, 1230, 71.54
2026/10/04 20:00:56.185, 82, 1200, 71.52
2026/10/04 20:00:57.185, 82, 1215, 72.08
2026/10/04 20:00:58.185, 83, 990, 72.02
2026/10/04 20:00:59.186, 83, 945, 72.41
2026/10/04 20:01:00.186, 83, 945, 71.82
2026/10/04 20:01:01.186, 83, 960, 72.13
2026/10/04 20:01:02.186, 83, 960, 72.12
2026/10/04 20:01:03.186, 83, 990, 72.22
2026/10/04 20:01:04.186, 83, 990, 72.05
2026/10/04 20:01:05.186, 82, 960, 71.53
2026/10/04 20:01:06.186, 82, 960, 72.26
2026/10/04 20:01:07.187, 82, 975, 72.36
2026/10/04 20:01:08.187, 82, 975, 72.17
2026/10/04 20:01:09.187, 82, 990, 72.47
2026/10/04 20:01:10.187, 82, 990, 71.40
2026/10/04 20:01:11.187, 82, 975, 72.08
2026/10/04 20:01:12.187, 82, 1020, 72.37
2026/10/04 20:01:13.187, 82, 1005, 71.84
2026/10/04 20:01:14.188, 82, 960, 72.00
2026/10/04 20:01:15.188, 82, 1005, 71.81
2026/10/04 20:01:16.188, 82, 945, 71.90
2026/10/04 20:01:17.188, 82, 990, 72.78
2026/10/04 20:01:18.188, 82, 990, 71.14
2026/10/04 20:01:19.188, 82, 975, 72.10
2026/10/04 20:01:20.188, 82, 960, 71.90
2026/10/04 20:01:21.189, 82, 1005, 71.79
2026/10/04 20:01:22.189, 82, 975, 72.21
2026/10/04 20:01:23.189, 82, 960, 72.24
2026/10/04 20:01:24.189, 82, 990, 71.57
2026/10/04 20:01:25.189, 82, 1005, 72.24
2026/10/04 20:01:26.189, 82, 990, 71.67
2026/10/04 20:01:27.189, 82, 945, 71.98
2026/10/04 20:01:28.190, 82, 975, 72.29
2026/10/04 20:01:29.190, 82, 1200, 72.05
2026/10/04 20:01:30.190, 82, 1200, 71.72
2026/10/04 20:01:31.190, 82, 1185, 71.38
2026/10/04 20:01:32.190, 82, 1215, 72.32
2026/10/04 20:01:33.190, 82, 1200, 72.57
2026/10/04 20:01:34.190, 82, 1185, 71.85
2026/10/04 20:01:35.191, 82, 1215, 71.58
2026/10/04 20:01:36.191, 82, 1215, 72.53
2026/10/04 20:01:37.191, 82, 1215, 71.52
2026/10/04 20:01:38.191, 82, 1230, 72.13
2026/10/04 20:01:39.191, 82, 1230, 71.96
2026/10/04 20:01:40.191, 82, 1200, 71.66
2026/10/04 20:01:41.192, 82, 1230, 72.24
2026/10/04 20:01:42.192, 82, 1185, 71.72
2026/10/04 20:01:43.192, 82, 1215, 71.76
2026/10/04 20:01:44.192, 82, 1200, 72.14
2026/10/04 20:01:45.192, 83, 1200, 70.94
2026/10/04 20:01:46.192, 82, 1170, 71.96
2026/10/04 20:01:47.193, 82, 1200, 71.83
2026/10/04 20:01:48.193, 82, 1200, 72.09
2026/10/04 20:01:49.193, 82, 1215, 71.99
2026/10/04 20:01:50.193, 83, 990, 71.66
2026/10/04 20:01:51.193, 83, 975, 72.13
2026/10/04 20:01:52.193, 83, 930, 71.64
2026/10/04 20:01:53.193, 83, 960, 72.29
2026/10/04 20:01:54.193, 83, 930, 71.56
2026/10/04 20:01:55.194, 83, 990, 72.16
2026/10/04 20:01:56.194, 83, 945, 71.97
2026/10/04 20:01:57.194, 83, 975, 72.28
2026/10/04 20:01:58.194, 83, 960, 71.97
2026/10/04 20:01:59.194, 83, 945, 71.79
2026/10/04 20:02:00.194, 83, 990, 72.10
2026/10/04 20:02:01.194, 82, 1110, 71.82
2026/10/04 20:02:02.195, 82, 975, 72.16
2026/10/04 20:02:03.195, 81, 945, 72.11
2026/10/04 20:02:04.195, 81, 960, 72.07
2026/10/04 20:02:05.195, 81, 945, 72.25
2026/10/04 20:02:06.195, 81, 945, 72.08
2026/10/04 20:02:07.195, 81, 945, 72.13
2026/10/04 20:02:08.196, 81, 915, 71.81
2026/10/04 20:02:09.196, 81, 1005, 72.19
2026/10/04 20:02:10.196, 81, 990, 72.17
2026/10/04 20:02:11.196, 81, 930, 71.50
2026/10/04 20:02:12.196, 81, 1125, 72.06
2026/10/04 20:02:13.196, 81, 1035, 72.00
2026/10/04 20:02:14.197, 81, 915, 72.41
2026/10/04 20:02:15.197, 81, 945, 71.76
2026/10/04 20:02:16.197, 79, 2025, 65.16
