2026/10/04 18:44:14.261, 63, 2040, 31.44
2026/10/04 18:44:15.265, 63, 2040, 31.48
2026/10/04 18:44:16.265, 63, 2040, 31.39
2026/10/04 18:44:17.265, 63, 2040, 31.30
2026/10/04 18:44:18.265, 63, 2040, 31.30
2026/10/04 18:44:19.266, 62, 2040, 31.15
2026/10/04 18:44:20.266, 62, 2040, 31.05
2026/10/04 18:44:21.266, 62, 2040, 30.94
2026/10/04 18:44:22.266, 62, 2040, 30.97
2026/10/04 18:44:23.266, 62, 2040, 31.00
2026/10/04 18:44:24.266, 62, 2040, 30.77
2026/10/04 18:44:25.266, 62, 2040, 30.91
2026/10/04 18:44:26.266, 64, 1530, 66.90
2026/10/04 18:44:27.267, 65, 1500, 72.28
2026/10/04 18:44:28.267, 66, 1095, 71.74
2026/10/04 18:44:29.267, 65, 1425, 72.00
2026/10/04 18:44:30.267, 65, 1410, 71.89
2026/10/04 18:44:31.267, 66, 1470, 72.05
2026/10/04 18:44:32.267, 68, 1215, 72.03
2026/10/04 18:44:33.268, 66, 1500, 71.96
2026/10/04 18:44:34.268, 67, 1110, 71.83
2026/10/04 18:44:35.268, 67, 1095, 72.70
2026/10/04 18:44:36.268, 68, 1005, 72.36
2026/10/04 18:44:37.268, 68, 1005, 72.12
2026/10/04 18:44:38.268, 68, 1005, 72.33
2026/10/04 18:44:39.268, 68, 1305, 71.89
2026/10/04 18:44:40.269, 68, 1395, 72.65
2026/10/04 18:44:41.269, 68, 1365, 72.52
2026/10/04 18:44:42.269, 68, 1335, 71.25
2026/10/04 18:44:43.269, 68, 1320, 71.57
2026/10/04 18:44:44.269, 69, 1140, 71.81
2026/10/04 18:44:45.269, 69, 1035, 71.62
2026/10/04 18:44:46.270, 70, 1050, 72.23
2026/10/04 18:44:47.270, 69, 1245, 71.84
2026/10/04 18:44:48.270, 70, 1125, 71.96
2026/10/04 18:44:49.270, 69, 1245, 71.98
2026/10/04 18:44:50.270, 70, 1215, 71.54
2026/10/04 18:44:51.272, 71, 1020, 72.25
2026/10/04 18:44:52.272, 71, 1050, 72.24
2026/10/04 18:44:53.272, 70, 1185, 71.81
2026/10/04 18:44:54.273, 71, 1200, 71.94
2026/10/04 18:44:55.273, 71, 1245, 71.61
2026/10/04 18:44:56.273, 71, 1275, 71.54
2026/10/04 18:44:57.273, 71, 1380, 72.19
2026/10/04 18:44:58.273, 71, 1320, 71.31
2026/10/04 18:44:59.273, 72, 1110, 72.39
2026/10/04 18:45:00.274, 71, 1215, 72.15
2026/10/04 18:45:01.274, 71, 1245, 72.25
2026/10/04 18:45:02.274, 73, 1065, 72.58
2026/10/04 18:45:03.274, 72, 1260, 72.25
2026/10/04 18:45:04.274, 73, 1050, 72.20
2026/10/04 18:45:05.274, 72, 1320, 71.21
2026/10/04 18:45:06.274, 73, 1110, 72.39
2026/10/04 18:45:07.275, 73, 1050, 73.27
2026/10/04 18:45:08.275, 73, 1065, 72.33
2026/10/04 18:45:09.275, 73, 1050, 71.74
2026/10/04 18:45:10.275, 73, 1245, 71.97
2026/10/04 18:45:11.275, 73, 1245, 72.55
2026/10/04 18:45:12.275, 73, 1215, 72.29
2026/10/04 18:45:13.276, 73, 1215, 71.97
2026/10/04 18:45:14.276, 74, 1095, 72.23
2026/10/04 18:45:15.276, 74, 990, 71.94
2026/10/04 18:45:16.276, 74, 1185, 71.48
2026/10/04 18:45:17.276, 74, 1080, 72.09
2026/10/04 18:45:18.276, 74, 1200, 72.58
2026/10/04 18:45:19.277, 74, 990, 72.25
2026/10/04 18:45:20.277, 74, 1200, 71.89
2026/10/04 18:45:21.277, 74, 1215, 72.00
2026/10/04 18:45:22.277, 74, 1200, 72.06
2026/10/04 18:45:23.277, 75, 1035, 71.34
2026/10/04 18:45:24.277, 75, 990, 71.53
2026/10/04 18:45:25.277, 74, 1215, 71.61
2026/10/04 18:45:26.278, 75, 1005, 71.75
2026/10/04 18:45:27.278, 74, 1170, 72.18
2026/10/04 18:45:28.278, 74, 1260, 72.52
2026/10/04 18:45:29.278, 75, 1215, 71.67
2026/10/04 18:45:30.278, 75, 1215, 72.08
2026/10/04 18:45:31.278, 75, 1170, 72.06
2026/10/04 18:45:32.279, 75, 1245, 71.42
2026/10/04 18:45:33.279, 75, 1215, 72.10
2026/10/04 18:45:34.279, 75, 1335, 72.31
2026/10/04 18:45:35.279, 75, 1350, 72.30
2026/10/04 18:45:36.279, 75, 1305, 71.71
2026/10/04 18:45:37.279, 75, 1290, 71.69
2026/10/04 18:45:38.280, 75, 1305, 71.79
2026/10/04 18:45:39.280, 75, 1275, 71.85
2026/10/04 18:45:40.280, 75, 1365, 71.76
2026/10/04 18:45:41.280, 75, 1365, 71.54
2026/10/04 18:45:42.280, 75, 1365, 72.04
